Fiscal_Year,Fiscal_Quarter,Postal_Week_Number,Week_Start_Date,Week_End_Date,Area_Name,District_Name,State_Code,State_Name,Mail_Class,Service_Standard_Target,On_Time_Percent,Average_Days_To_Deliver,Total_Volume_Sampled,Severe_Delay_Percent,Disruption_Status,Disruption_Reason
2024,Q3,1,2024-06-01,2024-06-07,Atlantic,Northern New England,ME,Maine,First-Class Mail (2-Day),95.0,94.1,2.35,15052,1.1,NORMAL,Normal Network Operations
2024,Q3,1,2024-06-01,2024-06-07,Atlantic,Northern New England,ME,Maine,First-Class Mail (3-5 Day),93.0,92.2,4.31,10506,2.1,NORMAL,Normal Network Operations
2024,Q3,1,2024-06-01,2024-06-07,Atlantic,Northern New England,ME,Maine,USPS Marketing Mail,95.0,94.4,4.62,11259,1.0,NORMAL,Normal Network Operations
2024,Q3,1,2024-06-01,2024-06-07,Atlantic,Northern New England,ME,Maine,Package Services / Ground Adv,92.0,91.7,3.67,4532,1.7,NORMAL,Normal Network Operations
2024,Q3,1,2024-06-01,2024-06-07,Atlantic,Northern New England,ME,Maine,Periodicals,90.0,89.6,5.52,2072,2.7,NORMAL,Normal Network Operations
2024,Q3,1,2024-06-01,2024-06-07,Atlantic,Northern New England,NH,New Hampshire,First-Class Mail (2-Day),95.0,94.2,2.36,14881,1.6,NORMAL,Normal Network Operations
2024,Q3,1,2024-06-01,2024-06-07,Atlantic,Northern New England,NH,New Hampshire,First-Class Mail (3-5 Day),93.0,92.4,4.09,10524,1.7,NORMAL,Normal Network Operations
2024,Q3,1,2024-06-01,2024-06-07,Atlantic,Northern New England,NH,New Hampshire,USPS Marketing Mail,95.0,95.1,4.74,11663,1.3,NORMAL,Normal Network Operations
2024,Q3,1,2024-06-01,2024-06-07,Atlantic,Northern New England,NH,New Hampshire,Package Services / Ground Adv,92.0,92.6,3.55,4537,2.3,NORMAL,Normal Network Operations
2024,Q3,1,2024-06-01,2024-06-07,Atlantic,Northern New England,NH,New Hampshire,Periodicals,90.0,90.8,5.47,2277,2.5,NORMAL,Normal Network Operations
2024,Q3,1,2024-06-01,2024-06-07,Atlantic,Northern New England,VT,Vermont,First-Class Mail (2-Day),95.0,94.6,2.31,15219,1.0,NORMAL,Normal Network Operations
2024,Q3,1,2024-06-01,2024-06-07,Atlantic,Northern New England,VT,Vermont,First-Class Mail (3-5 Day),93.0,90.9,4.16,10850,1.9,NORMAL,Normal Network Operations
2024,Q3,1,2024-06-01,2024-06-07,Atlantic,Northern New England,VT,Vermont,USPS Marketing Mail,95.0,95.2,4.62,10727,1.1,NORMAL,Normal Network Operations
2024,Q3,1,2024-06-01,2024-06-07,Atlantic,Northern New England,VT,Vermont,Package Services / Ground Adv,92.0,92.5,3.63,4578,2.3,NORMAL,Normal Network Operations
2024,Q3,1,2024-06-01,2024-06-07,Atlantic,Northern New England,VT,Vermont,Periodicals,90.0,89.8,5.33,2206,2.9,NORMAL,Normal Network Operations
2024,Q3,1,2024-06-01,2024-06-07,Atlantic,Boston,MA,Massachusetts,First-Class Mail (2-Day),95.0,93.6,2.45,16215,1.7,NORMAL,Normal Network Operations
2024,Q3,1,2024-06-01,2024-06-07,Atlantic,Boston,MA,Massachusetts,First-Class Mail (3-5 Day),93.0,91.0,4.19,10407,2.6,NORMAL,Normal Network Operations
2024,Q3,1,2024-06-01,2024-06-07,Atlantic,Boston,MA,Massachusetts,USPS Marketing Mail,95.0,92.8,4.7,12047,1.6,NORMAL,Normal Network Operations
2024,Q3,1,2024-06-01,2024-06-07,Atlantic,Boston,MA,Massachusetts,Package Services / Ground Adv,92.0,92.3,3.64,4424,1.7,NORMAL,Normal Network Operations
2024,Q3,1,2024-06-01,2024-06-07,Atlantic,Boston,MA,Massachusetts,Periodicals,90.0,89.9,5.36,2158,2.5,NORMAL,Normal Network Operations
2024,Q3,1,2024-06-01,2024-06-07,Atlantic,Boston,RI,Rhode Island,First-Class Mail (2-Day),95.0,93.0,2.49,16752,1.5,NORMAL,Normal Network Operations
2024,Q3,1,2024-06-01,2024-06-07,Atlantic,Boston,RI,Rhode Island,First-Class Mail (3-5 Day),93.0,90.5,4.42,11267,2.0,NORMAL,Normal Network Operations
2024,Q3,1,2024-06-01,2024-06-07,Atlantic,Boston,RI,Rhode Island,USPS Marketing Mail,95.0,92.7,4.67,11479,1.4,NORMAL,Normal Network Operations
2024,Q3,1,2024-06-01,2024-06-07,Atlantic,Boston,RI,Rhode Island,Package Services / Ground Adv,92.0,92.6,3.47,4414,1.8,NORMAL,Normal Network Operations
2024,Q3,1,2024-06-01,2024-06-07,Atlantic,Boston,RI,Rhode Island,Periodicals,90.0,90.6,5.51,2379,2.4,NORMAL,Normal Network Operations
2024,Q3,1,2024-06-01,2024-06-07,Atlantic,Connecticut,CT,Connecticut,First-Class Mail (2-Day),95.0,91.9,2.57,15843,2.3,NORMAL,Normal Network Operations
2024,Q3,1,2024-06-01,2024-06-07,Atlantic,Connecticut,CT,Connecticut,First-Class Mail (3-5 Day),93.0,90.3,4.2,11132,2.6,NORMAL,Normal Network Operations
2024,Q3,1,2024-06-01,2024-06-07,Atlantic,Connecticut,CT,Connecticut,USPS Marketing Mail,95.0,93.8,4.83,10824,1.9,NORMAL,Normal Network Operations
2024,Q3,1,2024-06-01,2024-06-07,Atlantic,Connecticut,CT,Connecticut,Package Services / Ground Adv,92.0,92.1,3.72,4766,1.6,NORMAL,Normal Network Operations
2024,Q3,1,2024-06-01,2024-06-07,Atlantic,Connecticut,CT,Connecticut,Periodicals,90.0,89.1,5.49,2125,2.9,NORMAL,Normal Network Operations
2024,Q3,1,2024-06-01,2024-06-07,Atlantic,New York 2 (Metro),NY,New York,First-Class Mail (2-Day),95.0,91.8,2.6,63305,2.1,NORMAL,Normal Network Operations
2024,Q3,1,2024-06-01,2024-06-07,Atlantic,New York 2 (Metro),NY,New York,First-Class Mail (3-5 Day),93.0,87.8,4.3,48089,2.7,NORMAL,Normal Network Operations
2024,Q3,1,2024-06-01,2024-06-07,Atlantic,New York 2 (Metro),NY,New York,USPS Marketing Mail,95.0,92.9,4.72,41817,2.1,NORMAL,Normal Network Operations
2024,Q3,1,2024-06-01,2024-06-07,Atlantic,New York 2 (Metro),NY,New York,Package Services / Ground Adv,92.0,91.1,3.55,17959,2.8,NORMAL,Normal Network Operations
2024,Q3,1,2024-06-01,2024-06-07,Atlantic,New York 2 (Metro),NY,New York,Periodicals,90.0,86.7,5.65,8464,3.8,NORMAL,Normal Network Operations
2024,Q3,1,2024-06-01,2024-06-07,Atlantic,New Jersey,NJ,New Jersey,First-Class Mail (2-Day),95.0,91.7,2.47,16688,2.1,NORMAL,Normal Network Operations
2024,Q3,1,2024-06-01,2024-06-07,Atlantic,New Jersey,NJ,New Jersey,First-Class Mail (3-5 Day),93.0,89.4,4.36,11663,2.2,NORMAL,Normal Network Operations
2024,Q3,1,2024-06-01,2024-06-07,Atlantic,New Jersey,NJ,New Jersey,USPS Marketing Mail,95.0,91.9,4.95,11519,1.8,NORMAL,Normal Network Operations
2024,Q3,1,2024-06-01,2024-06-07,Atlantic,New Jersey,NJ,New Jersey,Package Services / Ground Adv,92.0,90.7,3.58,4301,2.3,NORMAL,Normal Network Operations
2024,Q3,1,2024-06-01,2024-06-07,Atlantic,New Jersey,NJ,New Jersey,Periodicals,90.0,87.9,5.45,2149,3.2,NORMAL,Normal Network Operations
2024,Q3,1,2024-06-01,2024-06-07,Atlantic,Philadelphia,PA,Pennsylvania,First-Class Mail (2-Day),95.0,91.6,2.46,16771,2.3,NORMAL,Normal Network Operations
2024,Q3,1,2024-06-01,2024-06-07,Atlantic,Philadelphia,PA,Pennsylvania,First-Class Mail (3-5 Day),93.0,91.3,4.18,11554,1.7,NORMAL,Normal Network Operations
2024,Q3,1,2024-06-01,2024-06-07,Atlantic,Philadelphia,PA,Pennsylvania,USPS Marketing Mail,95.0,92.7,4.9,11377,1.4,NORMAL,Normal Network Operations
2024,Q3,1,2024-06-01,2024-06-07,Atlantic,Philadelphia,PA,Pennsylvania,Package Services / Ground Adv,92.0,91.5,3.72,4277,2.5,NORMAL,Normal Network Operations
2024,Q3,1,2024-06-01,2024-06-07,Atlantic,Philadelphia,PA,Pennsylvania,Periodicals,90.0,88.1,5.49,2238,2.9,NORMAL,Normal Network Operations
2024,Q3,1,2024-06-01,2024-06-07,Atlantic,Maryland/Delaware,DE,Delaware,First-Class Mail (2-Day),95.0,93.7,2.56,14738,1.7,NORMAL,Normal Network Operations
2024,Q3,1,2024-06-01,2024-06-07,Atlantic,Maryland/Delaware,DE,Delaware,First-Class Mail (3-5 Day),93.0,90.8,4.37,10797,2.1,NORMAL,Normal Network Operations
2024,Q3,1,2024-06-01,2024-06-07,Atlantic,Maryland/Delaware,DE,Delaware,USPS Marketing Mail,95.0,93.3,4.73,10851,1.6,NORMAL,Normal Network Operations
2024,Q3,1,2024-06-01,2024-06-07,Atlantic,Maryland/Delaware,DE,Delaware,Package Services / Ground Adv,92.0,91.6,3.62,4760,2.6,NORMAL,Normal Network Operations
2024,Q3,1,2024-06-01,2024-06-07,Atlantic,Maryland/Delaware,DE,Delaware,Periodicals,90.0,89.8,5.56,2370,1.9,NORMAL,Normal Network Operations
2024,Q3,1,2024-06-01,2024-06-07,Atlantic,Maryland/Delaware,MD,Maryland,First-Class Mail (2-Day),95.0,92.8,2.57,14909,2.2,NORMAL,Normal Network Operations
2024,Q3,1,2024-06-01,2024-06-07,Atlantic,Maryland/Delaware,MD,Maryland,First-Class Mail (3-5 Day),93.0,89.5,4.31,10455,2.2,NORMAL,Normal Network Operations
2024,Q3,1,2024-06-01,2024-06-07,Atlantic,Maryland/Delaware,MD,Maryland,USPS Marketing Mail,95.0,92.2,4.74,11761,2.5,NORMAL,Normal Network Operations
2024,Q3,1,2024-06-01,2024-06-07,Atlantic,Maryland/Delaware,MD,Maryland,Package Services / Ground Adv,92.0,90.6,3.81,4856,2.2,NORMAL,Normal Network Operations
2024,Q3,1,2024-06-01,2024-06-07,Atlantic,Maryland/Delaware,MD,Maryland,Periodicals,90.0,88.3,5.41,2176,3.3,NORMAL,Normal Network Operations
2024,Q3,1,2024-06-01,2024-06-07,Atlantic,Capital,DC,District of Columbia,First-Class Mail (2-Day),95.0,91.6,2.55,16374,2.2,NORMAL,Normal Network Operations
2024,Q3,1,2024-06-01,2024-06-07,Atlantic,Capital,DC,District of Columbia,First-Class Mail (3-5 Day),93.0,87.2,4.46,11884,3.4,NORMAL,Normal Network Operations
2024,Q3,1,2024-06-01,2024-06-07,Atlantic,Capital,DC,District of Columbia,USPS Marketing Mail,95.0,90.5,4.78,10684,3.0,NORMAL,Normal Network Operations
2024,Q3,1,2024-06-01,2024-06-07,Atlantic,Capital,DC,District of Columbia,Package Services / Ground Adv,92.0,89.7,3.66,4226,2.8,NORMAL,Normal Network Operations
2024,Q3,1,2024-06-01,2024-06-07,Atlantic,Capital,DC,District of Columbia,Periodicals,90.0,87.9,5.55,2292,2.6,NORMAL,Normal Network Operations
2024,Q3,1,2024-06-01,2024-06-07,Atlantic,Virginia,VA,Virginia,First-Class Mail (2-Day),95.0,92.6,2.49,16845,1.9,NORMAL,Normal Network Operations
2024,Q3,1,2024-06-01,2024-06-07,Atlantic,Virginia,VA,Virginia,First-Class Mail (3-5 Day),93.0,89.9,4.25,11062,2.8,NORMAL,Normal Network Operations
2024,Q3,1,2024-06-01,2024-06-07,Atlantic,Virginia,VA,Virginia,USPS Marketing Mail,95.0,94.0,4.67,11703,1.3,NORMAL,Normal Network Operations
2024,Q3,1,2024-06-01,2024-06-07,Atlantic,Virginia,VA,Virginia,Package Services / Ground Adv,92.0,90.8,3.81,4857,2.2,NORMAL,Normal Network Operations
2024,Q3,1,2024-06-01,2024-06-07,Atlantic,Virginia,VA,Virginia,Periodicals,90.0,88.3,5.44,2405,2.5,NORMAL,Normal Network Operations
2024,Q3,1,2024-06-01,2024-06-07,Atlantic,Appalachian,WV,West Virginia,First-Class Mail (2-Day),95.0,92.8,2.44,14887,2.2,NORMAL,Normal Network Operations
2024,Q3,1,2024-06-01,2024-06-07,Atlantic,Appalachian,WV,West Virginia,First-Class Mail (3-5 Day),93.0,90.5,4.32,12127,2.6,NORMAL,Normal Network Operations
2024,Q3,1,2024-06-01,2024-06-07,Atlantic,Appalachian,WV,West Virginia,USPS Marketing Mail,95.0,93.1,4.85,10888,1.2,NORMAL,Normal Network Operations
2024,Q3,1,2024-06-01,2024-06-07,Atlantic,Appalachian,WV,West Virginia,Package Services / Ground Adv,92.0,91.3,3.55,4223,2.7,NORMAL,Normal Network Operations
2024,Q3,1,2024-06-01,2024-06-07,Atlantic,Appalachian,WV,West Virginia,Periodicals,90.0,87.5,5.48,2287,3.2,NORMAL,Normal Network Operations
2024,Q3,1,2024-06-01,2024-06-07,Atlantic,North Carolina,NC,North Carolina,First-Class Mail (2-Day),95.0,93.0,2.5,15155,1.5,NORMAL,Normal Network Operations
2024,Q3,1,2024-06-01,2024-06-07,Atlantic,North Carolina,NC,North Carolina,First-Class Mail (3-5 Day),93.0,90.3,4.39,10516,3.0,NORMAL,Normal Network Operations
2024,Q3,1,2024-06-01,2024-06-07,Atlantic,North Carolina,NC,North Carolina,USPS Marketing Mail,95.0,93.1,4.63,11738,1.5,NORMAL,Normal Network Operations
2024,Q3,1,2024-06-01,2024-06-07,Atlantic,North Carolina,NC,North Carolina,Package Services / Ground Adv,92.0,91.8,3.69,4537,1.8,NORMAL,Normal Network Operations
2024,Q3,1,2024-06-01,2024-06-07,Atlantic,North Carolina,NC,North Carolina,Periodicals,90.0,88.8,5.36,2387,2.0,NORMAL,Normal Network Operations
2024,Q3,1,2024-06-01,2024-06-07,Atlantic,South Carolina,SC,South Carolina,First-Class Mail (2-Day),95.0,93.1,2.55,15957,1.8,NORMAL,Normal Network Operations
2024,Q3,1,2024-06-01,2024-06-07,Atlantic,South Carolina,SC,South Carolina,First-Class Mail (3-5 Day),93.0,89.1,4.31,11968,2.2,NORMAL,Normal Network Operations
2024,Q3,1,2024-06-01,2024-06-07,Atlantic,South Carolina,SC,South Carolina,USPS Marketing Mail,95.0,93.6,4.84,10728,1.9,NORMAL,Normal Network Operations
2024,Q3,1,2024-06-01,2024-06-07,Atlantic,South Carolina,SC,South Carolina,Package Services / Ground Adv,92.0,90.5,3.77,4776,1.8,NORMAL,Normal Network Operations
2024,Q3,1,2024-06-01,2024-06-07,Atlantic,South Carolina,SC,South Carolina,Periodicals,90.0,88.4,5.4,2404,3.1,NORMAL,Normal Network Operations
2024,Q3,1,2024-06-01,2024-06-07,Atlantic,Caribbean,PR,Puerto Rico,First-Class Mail (2-Day),95.0,90.1,2.69,16711,3.1,NORMAL,Normal Network Operations
2024,Q3,1,2024-06-01,2024-06-07,Atlantic,Caribbean,PR,Puerto Rico,First-Class Mail (3-5 Day),93.0,85.9,4.47,12025,4.0,NORMAL,Normal Network Operations
2024,Q3,1,2024-06-01,2024-06-07,Atlantic,Caribbean,PR,Puerto Rico,USPS Marketing Mail,95.0,90.7,4.96,10830,2.8,NORMAL,Normal Network Operations
2024,Q3,1,2024-06-01,2024-06-07,Atlantic,Caribbean,PR,Puerto Rico,Package Services / Ground Adv,92.0,88.9,3.87,4758,2.2,NORMAL,Normal Network Operations
2024,Q3,1,2024-06-01,2024-06-07,Atlantic,Caribbean,PR,Puerto Rico,Periodicals,90.0,85.0,5.65,2179,4.4,NORMAL,Normal Network Operations
2024,Q3,1,2024-06-01,2024-06-07,Central,Ohio 1 (Columbus),OH,Ohio,First-Class Mail (2-Day),95.0,93.9,2.29,14976,1.3,NORMAL,Normal Network Operations
2024,Q3,1,2024-06-01,2024-06-07,Central,Ohio 1 (Columbus),OH,Ohio,First-Class Mail (3-5 Day),93.0,90.6,4.41,10852,2.8,NORMAL,Normal Network Operations
2024,Q3,1,2024-06-01,2024-06-07,Central,Ohio 1 (Columbus),OH,Ohio,USPS Marketing Mail,95.0,94.3,4.83,11315,1.3,NORMAL,Normal Network Operations
2024,Q3,1,2024-06-01,2024-06-07,Central,Ohio 1 (Columbus),OH,Ohio,Package Services / Ground Adv,92.0,93.3,3.68,4268,1.3,NORMAL,Normal Network Operations
2024,Q3,1,2024-06-01,2024-06-07,Central,Ohio 1 (Columbus),OH,Ohio,Periodicals,90.0,90.8,5.27,2226,2.0,NORMAL,Normal Network Operations
2024,Q3,1,2024-06-01,2024-06-07,Central,Michigan 1 (Detroit),MI,Michigan,First-Class Mail (2-Day),95.0,92.9,2.5,15778,1.6,NORMAL,Normal Network Operations
2024,Q3,1,2024-06-01,2024-06-07,Central,Michigan 1 (Detroit),MI,Michigan,First-Class Mail (3-5 Day),93.0,89.9,4.25,11625,2.6,NORMAL,Normal Network Operations
2024,Q3,1,2024-06-01,2024-06-07,Central,Michigan 1 (Detroit),MI,Michigan,USPS Marketing Mail,95.0,92.0,4.83,11644,2.5,NORMAL,Normal Network Operations
2024,Q3,1,2024-06-01,2024-06-07,Central,Michigan 1 (Detroit),MI,Michigan,Package Services / Ground Adv,92.0,92.0,3.58,4190,2.2,NORMAL,Normal Network Operations
2024,Q3,1,2024-06-01,2024-06-07,Central,Michigan 1 (Detroit),MI,Michigan,Periodicals,90.0,89.3,5.4,2375,2.4,NORMAL,Normal Network Operations
2024,Q3,1,2024-06-01,2024-06-07,Central,Indiana,IN,Indiana,First-Class Mail (2-Day),95.0,94.1,2.36,15519,1.3,NORMAL,Normal Network Operations
2024,Q3,1,2024-06-01,2024-06-07,Central,Indiana,IN,Indiana,First-Class Mail (3-5 Day),93.0,91.2,4.15,11106,1.9,NORMAL,Normal Network Operations
2024,Q3,1,2024-06-01,2024-06-07,Central,Indiana,IN,Indiana,USPS Marketing Mail,95.0,95.5,4.75,11457,1.2,NORMAL,Normal Network Operations
2024,Q3,1,2024-06-01,2024-06-07,Central,Indiana,IN,Indiana,Package Services / Ground Adv,92.0,92.1,3.48,4346,2.0,NORMAL,Normal Network Operations
2024,Q3,1,2024-06-01,2024-06-07,Central,Indiana,IN,Indiana,Periodicals,90.0,89.9,5.46,2237,2.6,NORMAL,Normal Network Operations
2024,Q3,1,2024-06-01,2024-06-07,Central,Illinois 1 (Chicago),IL,Illinois,First-Class Mail (2-Day),95.0,90.7,2.57,16760,2.0,NORMAL,Normal Network Operations
2024,Q3,1,2024-06-01,2024-06-07,Central,Illinois 1 (Chicago),IL,Illinois,First-Class Mail (3-5 Day),93.0,89.3,4.24,11277,2.2,NORMAL,Normal Network Operations
2024,Q3,1,2024-06-01,2024-06-07,Central,Illinois 1 (Chicago),IL,Illinois,USPS Marketing Mail,95.0,91.9,4.91,11702,1.8,NORMAL,Normal Network Operations
2024,Q3,1,2024-06-01,2024-06-07,Central,Illinois 1 (Chicago),IL,Illinois,Package Services / Ground Adv,92.0,90.2,3.62,4157,2.1,NORMAL,Normal Network Operations
2024,Q3,1,2024-06-01,2024-06-07,Central,Illinois 1 (Chicago),IL,Illinois,Periodicals,90.0,86.7,5.67,2096,3.3,NORMAL,Normal Network Operations
2024,Q3,1,2024-06-01,2024-06-07,Central,Wisconsin,WI,Wisconsin,First-Class Mail (2-Day),95.0,93.7,2.35,16244,1.7,NORMAL,Normal Network Operations
2024,Q3,1,2024-06-01,2024-06-07,Central,Wisconsin,WI,Wisconsin,First-Class Mail (3-5 Day),93.0,91.7,4.27,10359,1.8,NORMAL,Normal Network Operations
2024,Q3,1,2024-06-01,2024-06-07,Central,Wisconsin,WI,Wisconsin,USPS Marketing Mail,95.0,95.3,4.54,11115,1.4,NORMAL,Normal Network Operations
2024,Q3,1,2024-06-01,2024-06-07,Central,Wisconsin,WI,Wisconsin,Package Services / Ground Adv,92.0,92.1,3.61,4176,2.5,NORMAL,Normal Network Operations
2024,Q3,1,2024-06-01,2024-06-07,Central,Wisconsin,WI,Wisconsin,Periodicals,90.0,89.8,5.41,2358,3.0,NORMAL,Normal Network Operations
2024,Q3,1,2024-06-01,2024-06-07,Central,Northland,MN,Minnesota,First-Class Mail (2-Day),95.0,93.8,2.45,16884,2.0,NORMAL,Normal Network Operations
2024,Q3,1,2024-06-01,2024-06-07,Central,Northland,MN,Minnesota,First-Class Mail (3-5 Day),93.0,92.1,4.27,11258,2.1,NORMAL,Normal Network Operations
2024,Q3,1,2024-06-01,2024-06-07,Central,Northland,MN,Minnesota,USPS Marketing Mail,95.0,95.0,4.77,11688,1.3,NORMAL,Normal Network Operations
2024,Q3,1,2024-06-01,2024-06-07,Central,Northland,MN,Minnesota,Package Services / Ground Adv,92.0,92.3,3.53,4599,1.7,NORMAL,Normal Network Operations
2024,Q3,1,2024-06-01,2024-06-07,Central,Northland,MN,Minnesota,Periodicals,90.0,90.5,5.42,2168,2.4,NORMAL,Normal Network Operations
2024,Q3,1,2024-06-01,2024-06-07,Central,Dakotas,ND,North Dakota,First-Class Mail (2-Day),95.0,93.2,2.39,15295,1.5,NORMAL,Normal Network Operations
2024,Q3,1,2024-06-01,2024-06-07,Central,Dakotas,ND,North Dakota,First-Class Mail (3-5 Day),93.0,92.1,4.14,11599,1.6,NORMAL,Normal Network Operations
2024,Q3,1,2024-06-01,2024-06-07,Central,Dakotas,ND,North Dakota,USPS Marketing Mail,95.0,95.5,4.62,11326,0.9,NORMAL,Normal Network Operations
2024,Q3,1,2024-06-01,2024-06-07,Central,Dakotas,ND,North Dakota,Package Services / Ground Adv,92.0,93.0,3.54,4791,1.5,NORMAL,Normal Network Operations
2024,Q3,1,2024-06-01,2024-06-07,Central,Dakotas,ND,North Dakota,Periodicals,90.0,90.9,5.47,2345,2.5,NORMAL,Normal Network Operations
2024,Q3,1,2024-06-01,2024-06-07,Central,Dakotas,SD,South Dakota,First-Class Mail (2-Day),95.0,93.6,2.39,16388,1.2,NORMAL,Normal Network Operations
2024,Q3,1,2024-06-01,2024-06-07,Central,Dakotas,SD,South Dakota,First-Class Mail (3-5 Day),93.0,92.5,4.17,11695,2.4,NORMAL,Normal Network Operations
2024,Q3,1,2024-06-01,2024-06-07,Central,Dakotas,SD,South Dakota,USPS Marketing Mail,95.0,94.8,4.6,10744,1.4,NORMAL,Normal Network Operations
2024,Q3,1,2024-06-01,2024-06-07,Central,Dakotas,SD,South Dakota,Package Services / Ground Adv,92.0,92.7,3.54,4628,1.3,NORMAL,Normal Network Operations
2024,Q3,1,2024-06-01,2024-06-07,Central,Dakotas,SD,South Dakota,Periodicals,90.0,90.2,5.4,2115,2.0,NORMAL,Normal Network Operations
2024,Q3,1,2024-06-01,2024-06-07,Central,Iowa/Nebraska,IA,Iowa,First-Class Mail (2-Day),95.0,94.8,2.35,15912,1.0,NORMAL,Normal Network Operations
2024,Q3,1,2024-06-01,2024-06-07,Central,Iowa/Nebraska,IA,Iowa,First-Class Mail (3-5 Day),93.0,91.2,4.16,11181,2.4,NORMAL,Normal Network Operations
2024,Q3,1,2024-06-01,2024-06-07,Central,Iowa/Nebraska,IA,Iowa,USPS Marketing Mail,95.0,94.2,4.63,10938,1.4,NORMAL,Normal Network Operations
2024,Q3,1,2024-06-01,2024-06-07,Central,Iowa/Nebraska,IA,Iowa,Package Services / Ground Adv,92.0,94.1,3.58,4738,1.4,NORMAL,Normal Network Operations
2024,Q3,1,2024-06-01,2024-06-07,Central,Iowa/Nebraska,IA,Iowa,Periodicals,90.0,90.4,5.27,2264,1.8,NORMAL,Normal Network Operations
2024,Q3,1,2024-06-01,2024-06-07,Central,Iowa/Nebraska,NE,Nebraska,First-Class Mail (2-Day),95.0,95.4,2.39,16458,1.1,NORMAL,Normal Network Operations
2024,Q3,1,2024-06-01,2024-06-07,Central,Iowa/Nebraska,NE,Nebraska,First-Class Mail (3-5 Day),93.0,92.4,4.32,10708,2.2,NORMAL,Normal Network Operations
2024,Q3,1,2024-06-01,2024-06-07,Central,Iowa/Nebraska,NE,Nebraska,USPS Marketing Mail,95.0,93.8,4.62,11555,1.2,NORMAL,Normal Network Operations
2024,Q3,1,2024-06-01,2024-06-07,Central,Iowa/Nebraska,NE,Nebraska,Package Services / Ground Adv,92.0,93.4,3.6,4692,1.4,NORMAL,Normal Network Operations
2024,Q3,1,2024-06-01,2024-06-07,Central,Iowa/Nebraska,NE,Nebraska,Periodicals,90.0,89.9,5.49,2111,2.7,NORMAL,Normal Network Operations
2024,Q3,1,2024-06-01,2024-06-07,Central,Kansas/Missouri,KS,Kansas,First-Class Mail (2-Day),95.0,94.5,2.28,14554,1.7,NORMAL,Normal Network Operations
2024,Q3,1,2024-06-01,2024-06-07,Central,Kansas/Missouri,KS,Kansas,First-Class Mail (3-5 Day),93.0,91.0,4.39,11063,2.5,NORMAL,Normal Network Operations
2024,Q3,1,2024-06-01,2024-06-07,Central,Kansas/Missouri,KS,Kansas,USPS Marketing Mail,95.0,95.0,4.72,11479,1.0,NORMAL,Normal Network Operations
2024,Q3,1,2024-06-01,2024-06-07,Central,Kansas/Missouri,KS,Kansas,Package Services / Ground Adv,92.0,91.7,3.72,4572,2.4,NORMAL,Normal Network Operations
2024,Q3,1,2024-06-01,2024-06-07,Central,Kansas/Missouri,KS,Kansas,Periodicals,90.0,89.3,5.53,2194,3.4,NORMAL,Normal Network Operations
2024,Q3,1,2024-06-01,2024-06-07,Central,Kansas/Missouri,MO,Missouri,First-Class Mail (2-Day),95.0,92.6,2.49,15349,1.7,NORMAL,Normal Network Operations
2024,Q3,1,2024-06-01,2024-06-07,Central,Kansas/Missouri,MO,Missouri,First-Class Mail (3-5 Day),93.0,91.4,4.14,12079,2.5,NORMAL,Normal Network Operations
2024,Q3,1,2024-06-01,2024-06-07,Central,Kansas/Missouri,MO,Missouri,USPS Marketing Mail,95.0,93.9,4.78,11133,1.8,NORMAL,Normal Network Operations
2024,Q3,1,2024-06-01,2024-06-07,Central,Kansas/Missouri,MO,Missouri,Package Services / Ground Adv,92.0,92.4,3.53,4721,2.4,NORMAL,Normal Network Operations
2024,Q3,1,2024-06-01,2024-06-07,Central,Kansas/Missouri,MO,Missouri,Periodicals,90.0,89.4,5.43,2333,2.6,NORMAL,Normal Network Operations
2024,Q3,1,2024-06-01,2024-06-07,Southern,Georgia (Atlanta),GA,Georgia,First-Class Mail (2-Day),95.0,82.9,3.06,14708,5.1,NORMAL,Normal Network Operations
2024,Q3,1,2024-06-01,2024-06-07,Southern,Georgia (Atlanta),GA,Georgia,First-Class Mail (3-5 Day),93.0,82.2,4.7,11448,3.8,NORMAL,Normal Network Operations
2024,Q3,1,2024-06-01,2024-06-07,Southern,Georgia (Atlanta),GA,Georgia,USPS Marketing Mail,95.0,84.0,5.31,10677,2.9,NORMAL,Normal Network Operations
2024,Q3,1,2024-06-01,2024-06-07,Southern,Georgia (Atlanta),GA,Georgia,Package Services / Ground Adv,92.0,81.8,4.08,4773,5.3,NORMAL,Normal Network Operations
2024,Q3,1,2024-06-01,2024-06-07,Southern,Georgia (Atlanta),GA,Georgia,Periodicals,90.0,80.5,5.76,2411,4.3,NORMAL,Normal Network Operations
2024,Q3,1,2024-06-01,2024-06-07,Southern,Florida 1 (Central),FL,Florida,First-Class Mail (2-Day),95.0,91.7,2.53,65602,2.3,NORMAL,Normal Network Operations
2024,Q3,1,2024-06-01,2024-06-07,Southern,Florida 1 (Central),FL,Florida,First-Class Mail (3-5 Day),93.0,91.0,4.26,47109,2.4,NORMAL,Normal Network Operations
2024,Q3,1,2024-06-01,2024-06-07,Southern,Florida 1 (Central),FL,Florida,USPS Marketing Mail,95.0,92.5,4.84,43604,1.6,NORMAL,Normal Network Operations
2024,Q3,1,2024-06-01,2024-06-07,Southern,Florida 1 (Central),FL,Florida,Package Services / Ground Adv,92.0,91.9,3.63,17785,2.0,NORMAL,Normal Network Operations
2024,Q3,1,2024-06-01,2024-06-07,Southern,Florida 1 (Central),FL,Florida,Periodicals,90.0,89.8,5.48,8670,2.3,NORMAL,Normal Network Operations
2024,Q3,1,2024-06-01,2024-06-07,Southern,Alabama/Mississippi,AL,Alabama,First-Class Mail (2-Day),95.0,90.9,2.49,14791,1.8,NORMAL,Normal Network Operations
2024,Q3,1,2024-06-01,2024-06-07,Southern,Alabama/Mississippi,AL,Alabama,First-Class Mail (3-5 Day),93.0,89.4,4.26,10739,3.0,NORMAL,Normal Network Operations
2024,Q3,1,2024-06-01,2024-06-07,Southern,Alabama/Mississippi,AL,Alabama,USPS Marketing Mail,95.0,92.3,4.93,11294,2.2,NORMAL,Normal Network Operations
2024,Q3,1,2024-06-01,2024-06-07,Southern,Alabama/Mississippi,AL,Alabama,Package Services / Ground Adv,92.0,90.0,3.63,4303,1.9,NORMAL,Normal Network Operations
2024,Q3,1,2024-06-01,2024-06-07,Southern,Alabama/Mississippi,AL,Alabama,Periodicals,90.0,87.2,5.56,2168,2.3,NORMAL,Normal Network Operations
2024,Q3,1,2024-06-01,2024-06-07,Southern,Alabama/Mississippi,MS,Mississippi,First-Class Mail (2-Day),95.0,92.0,2.57,14808,2.1,NORMAL,Normal Network Operations
2024,Q3,1,2024-06-01,2024-06-07,Southern,Alabama/Mississippi,MS,Mississippi,First-Class Mail (3-5 Day),93.0,89.6,4.44,11383,2.6,NORMAL,Normal Network Operations
2024,Q3,1,2024-06-01,2024-06-07,Southern,Alabama/Mississippi,MS,Mississippi,USPS Marketing Mail,95.0,91.6,4.75,10442,2.0,NORMAL,Normal Network Operations
2024,Q3,1,2024-06-01,2024-06-07,Southern,Alabama/Mississippi,MS,Mississippi,Package Services / Ground Adv,92.0,91.0,3.75,4428,2.2,NORMAL,Normal Network Operations
2024,Q3,1,2024-06-01,2024-06-07,Southern,Alabama/Mississippi,MS,Mississippi,Periodicals,90.0,86.4,5.47,2123,3.6,NORMAL,Normal Network Operations
2024,Q3,1,2024-06-01,2024-06-07,Southern,Tennessee,TN,Tennessee,First-Class Mail (2-Day),95.0,93.0,2.6,14788,1.6,NORMAL,Normal Network Operations
2024,Q3,1,2024-06-01,2024-06-07,Southern,Tennessee,TN,Tennessee,First-Class Mail (3-5 Day),93.0,91.2,4.33,10756,2.3,NORMAL,Normal Network Operations
2024,Q3,1,2024-06-01,2024-06-07,Southern,Tennessee,TN,Tennessee,USPS Marketing Mail,95.0,93.7,4.71,11898,1.5,NORMAL,Normal Network Operations
2024,Q3,1,2024-06-01,2024-06-07,Southern,Tennessee,TN,Tennessee,Package Services / Ground Adv,92.0,93.0,3.6,4578,1.6,NORMAL,Normal Network Operations
2024,Q3,1,2024-06-01,2024-06-07,Southern,Tennessee,TN,Tennessee,Periodicals,90.0,89.9,5.34,2145,3.2,NORMAL,Normal Network Operations
2024,Q3,1,2024-06-01,2024-06-07,Southern,Kentucky,KY,Kentucky,First-Class Mail (2-Day),95.0,92.8,2.39,14679,1.5,NORMAL,Normal Network Operations
2024,Q3,1,2024-06-01,2024-06-07,Southern,Kentucky,KY,Kentucky,First-Class Mail (3-5 Day),93.0,89.0,4.39,10874,2.7,NORMAL,Normal Network Operations
2024,Q3,1,2024-06-01,2024-06-07,Southern,Kentucky,KY,Kentucky,USPS Marketing Mail,95.0,92.6,4.84,11167,2.1,NORMAL,Normal Network Operations
2024,Q3,1,2024-06-01,2024-06-07,Southern,Kentucky,KY,Kentucky,Package Services / Ground Adv,92.0,91.8,3.7,4590,2.5,NORMAL,Normal Network Operations
2024,Q3,1,2024-06-01,2024-06-07,Southern,Kentucky,KY,Kentucky,Periodicals,90.0,89.3,5.43,2266,3.3,NORMAL,Normal Network Operations
2024,Q3,1,2024-06-01,2024-06-07,Southern,Arkansas,AR,Arkansas,First-Class Mail (2-Day),95.0,93.5,2.53,14669,2.0,NORMAL,Normal Network Operations
2024,Q3,1,2024-06-01,2024-06-07,Southern,Arkansas,AR,Arkansas,First-Class Mail (3-5 Day),93.0,90.1,4.38,11374,2.2,NORMAL,Normal Network Operations
2024,Q3,1,2024-06-01,2024-06-07,Southern,Arkansas,AR,Arkansas,USPS Marketing Mail,95.0,93.4,4.8,11609,1.3,NORMAL,Normal Network Operations
2024,Q3,1,2024-06-01,2024-06-07,Southern,Arkansas,AR,Arkansas,Package Services / Ground Adv,92.0,93.2,3.55,4197,1.7,NORMAL,Normal Network Operations
2024,Q3,1,2024-06-01,2024-06-07,Southern,Arkansas,AR,Arkansas,Periodicals,90.0,88.5,5.44,2160,2.8,NORMAL,Normal Network Operations
2024,Q3,1,2024-06-01,2024-06-07,Southern,Louisiana,LA,Louisiana,First-Class Mail (2-Day),95.0,89.8,2.72,15939,3.2,NORMAL,Normal Network Operations
2024,Q3,1,2024-06-01,2024-06-07,Southern,Louisiana,LA,Louisiana,First-Class Mail (3-5 Day),93.0,89.7,4.38,10835,3.3,NORMAL,Normal Network Operations
2024,Q3,1,2024-06-01,2024-06-07,Southern,Louisiana,LA,Louisiana,USPS Marketing Mail,95.0,90.5,4.88,11522,2.7,NORMAL,Normal Network Operations
2024,Q3,1,2024-06-01,2024-06-07,Southern,Louisiana,LA,Louisiana,Package Services / Ground Adv,92.0,90.8,3.7,4597,1.9,NORMAL,Normal Network Operations
2024,Q3,1,2024-06-01,2024-06-07,Southern,Louisiana,LA,Louisiana,Periodicals,90.0,87.3,5.51,2189,2.4,NORMAL,Normal Network Operations
2024,Q3,1,2024-06-01,2024-06-07,Southern,Oklahoma,OK,Oklahoma,First-Class Mail (2-Day),95.0,93.4,2.4,16238,2.0,NORMAL,Normal Network Operations
2024,Q3,1,2024-06-01,2024-06-07,Southern,Oklahoma,OK,Oklahoma,First-Class Mail (3-5 Day),93.0,90.3,4.38,11340,3.0,NORMAL,Normal Network Operations
2024,Q3,1,2024-06-01,2024-06-07,Southern,Oklahoma,OK,Oklahoma,USPS Marketing Mail,95.0,93.7,4.68,12096,1.4,NORMAL,Normal Network Operations
2024,Q3,1,2024-06-01,2024-06-07,Southern,Oklahoma,OK,Oklahoma,Package Services / Ground Adv,92.0,91.8,3.76,4613,2.1,NORMAL,Normal Network Operations
2024,Q3,1,2024-06-01,2024-06-07,Southern,Oklahoma,OK,Oklahoma,Periodicals,90.0,89.6,5.35,2200,2.5,NORMAL,Normal Network Operations
2024,Q3,1,2024-06-01,2024-06-07,Southern,Texas 2 (Houston/Gulf),TX,Texas,First-Class Mail (2-Day),95.0,87.0,2.84,60011,3.5,NORMAL,Normal Network Operations
2024,Q3,1,2024-06-01,2024-06-07,Southern,Texas 2 (Houston/Gulf),TX,Texas,First-Class Mail (3-5 Day),93.0,84.3,4.58,46427,4.9,NORMAL,Normal Network Operations
2024,Q3,1,2024-06-01,2024-06-07,Southern,Texas 2 (Houston/Gulf),TX,Texas,USPS Marketing Mail,95.0,86.3,5.13,43122,4.3,NORMAL,Normal Network Operations
2024,Q3,1,2024-06-01,2024-06-07,Southern,Texas 2 (Houston/Gulf),TX,Texas,Package Services / Ground Adv,92.0,84.6,4.0,16828,4.0,NORMAL,Normal Network Operations
2024,Q3,1,2024-06-01,2024-06-07,Southern,Texas 2 (Houston/Gulf),TX,Texas,Periodicals,90.0,84.1,5.7,8449,4.9,NORMAL,Normal Network Operations
2024,Q3,1,2024-06-01,2024-06-07,WestPac,Washington,WA,Washington,First-Class Mail (2-Day),95.0,93.9,2.48,15772,1.5,NORMAL,Normal Network Operations
2024,Q3,1,2024-06-01,2024-06-07,WestPac,Washington,WA,Washington,First-Class Mail (3-5 Day),93.0,90.4,4.42,10788,2.8,NORMAL,Normal Network Operations
2024,Q3,1,2024-06-01,2024-06-07,WestPac,Washington,WA,Washington,USPS Marketing Mail,95.0,94.0,4.83,11264,1.4,NORMAL,Normal Network Operations
2024,Q3,1,2024-06-01,2024-06-07,WestPac,Washington,WA,Washington,Package Services / Ground Adv,92.0,93.0,3.5,4708,2.1,NORMAL,Normal Network Operations
2024,Q3,1,2024-06-01,2024-06-07,WestPac,Washington,WA,Washington,Periodicals,90.0,89.4,5.45,2365,3.3,NORMAL,Normal Network Operations
2024,Q3,1,2024-06-01,2024-06-07,WestPac,Oregon/Idaho,OR,Oregon,First-Class Mail (2-Day),95.0,93.1,2.48,17007,1.5,NORMAL,Normal Network Operations
2024,Q3,1,2024-06-01,2024-06-07,WestPac,Oregon/Idaho,OR,Oregon,First-Class Mail (3-5 Day),93.0,91.4,4.26,10971,1.7,NORMAL,Normal Network Operations
2024,Q3,1,2024-06-01,2024-06-07,WestPac,Oregon/Idaho,OR,Oregon,USPS Marketing Mail,95.0,94.5,4.68,10929,1.4,NORMAL,Normal Network Operations
2024,Q3,1,2024-06-01,2024-06-07,WestPac,Oregon/Idaho,OR,Oregon,Package Services / Ground Adv,92.0,91.9,3.64,4308,2.2,NORMAL,Normal Network Operations
2024,Q3,1,2024-06-01,2024-06-07,WestPac,Oregon/Idaho,OR,Oregon,Periodicals,90.0,90.8,5.44,2323,1.7,NORMAL,Normal Network Operations
2024,Q3,1,2024-06-01,2024-06-07,WestPac,California 1 (Bay Area),CA,California,First-Class Mail (2-Day),95.0,92.6,2.53,66233,1.7,NORMAL,Normal Network Operations
2024,Q3,1,2024-06-01,2024-06-07,WestPac,California 1 (Bay Area),CA,California,First-Class Mail (3-5 Day),93.0,90.9,4.14,45016,2.3,NORMAL,Normal Network Operations
2024,Q3,1,2024-06-01,2024-06-07,WestPac,California 1 (Bay Area),CA,California,USPS Marketing Mail,95.0,92.9,4.87,44570,2.1,NORMAL,Normal Network Operations
2024,Q3,1,2024-06-01,2024-06-07,WestPac,California 1 (Bay Area),CA,California,Package Services / Ground Adv,92.0,91.0,3.73,17740,2.2,NORMAL,Normal Network Operations
2024,Q3,1,2024-06-01,2024-06-07,WestPac,California 1 (Bay Area),CA,California,Periodicals,90.0,88.8,5.47,9675,2.3,NORMAL,Normal Network Operations
2024,Q3,1,2024-06-01,2024-06-07,WestPac,Nevada,NV,Nevada,First-Class Mail (2-Day),95.0,92.8,2.52,16636,2.0,NORMAL,Normal Network Operations
2024,Q3,1,2024-06-01,2024-06-07,WestPac,Nevada,NV,Nevada,First-Class Mail (3-5 Day),93.0,91.8,4.19,10919,2.5,NORMAL,Normal Network Operations
2024,Q3,1,2024-06-01,2024-06-07,WestPac,Nevada,NV,Nevada,USPS Marketing Mail,95.0,94.5,4.79,10414,1.6,NORMAL,Normal Network Operations
2024,Q3,1,2024-06-01,2024-06-07,WestPac,Nevada,NV,Nevada,Package Services / Ground Adv,92.0,91.2,3.77,4858,2.4,NORMAL,Normal Network Operations
2024,Q3,1,2024-06-01,2024-06-07,WestPac,Nevada,NV,Nevada,Periodicals,90.0,90.3,5.29,2298,2.3,NORMAL,Normal Network Operations
2024,Q3,1,2024-06-01,2024-06-07,WestPac,Oregon/Idaho,ID,Idaho,First-Class Mail (2-Day),95.0,94.9,2.42,16766,1.2,NORMAL,Normal Network Operations
2024,Q3,1,2024-06-01,2024-06-07,WestPac,Oregon/Idaho,ID,Idaho,First-Class Mail (3-5 Day),93.0,90.7,4.22,11024,2.7,NORMAL,Normal Network Operations
2024,Q3,1,2024-06-01,2024-06-07,WestPac,Oregon/Idaho,ID,Idaho,USPS Marketing Mail,95.0,93.9,4.74,11776,1.6,NORMAL,Normal Network Operations
2024,Q3,1,2024-06-01,2024-06-07,WestPac,Oregon/Idaho,ID,Idaho,Package Services / Ground Adv,92.0,92.2,3.71,4586,1.5,NORMAL,Normal Network Operations
2024,Q3,1,2024-06-01,2024-06-07,WestPac,Oregon/Idaho,ID,Idaho,Periodicals,90.0,89.9,5.32,2236,3.1,NORMAL,Normal Network Operations
2024,Q3,1,2024-06-01,2024-06-07,WestPac,Montana/Wyoming,MT,Montana,First-Class Mail (2-Day),95.0,93.9,2.29,16517,1.3,NORMAL,Normal Network Operations
2024,Q3,1,2024-06-01,2024-06-07,WestPac,Montana/Wyoming,MT,Montana,First-Class Mail (3-5 Day),93.0,93.3,4.06,11145,1.8,NORMAL,Normal Network Operations
2024,Q3,1,2024-06-01,2024-06-07,WestPac,Montana/Wyoming,MT,Montana,USPS Marketing Mail,95.0,94.9,4.71,11113,1.3,NORMAL,Normal Network Operations
2024,Q3,1,2024-06-01,2024-06-07,WestPac,Montana/Wyoming,MT,Montana,Package Services / Ground Adv,92.0,92.9,3.49,4416,2.1,NORMAL,Normal Network Operations
2024,Q3,1,2024-06-01,2024-06-07,WestPac,Montana/Wyoming,MT,Montana,Periodicals,90.0,91.0,5.38,2276,1.9,NORMAL,Normal Network Operations
2024,Q3,1,2024-06-01,2024-06-07,WestPac,Montana/Wyoming,WY,Wyoming,First-Class Mail (2-Day),95.0,95.5,2.47,16148,1.0,NORMAL,Normal Network Operations
2024,Q3,1,2024-06-01,2024-06-07,WestPac,Montana/Wyoming,WY,Wyoming,First-Class Mail (3-5 Day),93.0,91.6,4.29,11690,2.2,NORMAL,Normal Network Operations
2024,Q3,1,2024-06-01,2024-06-07,WestPac,Montana/Wyoming,WY,Wyoming,USPS Marketing Mail,95.0,94.0,4.71,11977,1.6,NORMAL,Normal Network Operations
2024,Q3,1,2024-06-01,2024-06-07,WestPac,Montana/Wyoming,WY,Wyoming,Package Services / Ground Adv,92.0,92.8,3.6,4393,2.1,NORMAL,Normal Network Operations
2024,Q3,1,2024-06-01,2024-06-07,WestPac,Montana/Wyoming,WY,Wyoming,Periodicals,90.0,91.1,5.41,2329,2.4,NORMAL,Normal Network Operations
2024,Q3,1,2024-06-01,2024-06-07,WestPac,Utah,UT,Utah,First-Class Mail (2-Day),95.0,94.5,2.42,16766,1.6,NORMAL,Normal Network Operations
2024,Q3,1,2024-06-01,2024-06-07,WestPac,Utah,UT,Utah,First-Class Mail (3-5 Day),93.0,92.3,4.18,11393,1.7,NORMAL,Normal Network Operations
2024,Q3,1,2024-06-01,2024-06-07,WestPac,Utah,UT,Utah,USPS Marketing Mail,95.0,95.5,4.58,11695,0.9,NORMAL,Normal Network Operations
2024,Q3,1,2024-06-01,2024-06-07,WestPac,Utah,UT,Utah,Package Services / Ground Adv,92.0,92.3,3.61,4839,1.5,NORMAL,Normal Network Operations
2024,Q3,1,2024-06-01,2024-06-07,WestPac,Utah,UT,Utah,Periodicals,90.0,90.7,5.47,2162,2.9,NORMAL,Normal Network Operations
2024,Q3,1,2024-06-01,2024-06-07,WestPac,Colorado,CO,Colorado,First-Class Mail (2-Day),95.0,94.2,2.49,16371,1.4,NORMAL,Normal Network Operations
2024,Q3,1,2024-06-01,2024-06-07,WestPac,Colorado,CO,Colorado,First-Class Mail (3-5 Day),93.0,90.8,4.4,10603,1.8,NORMAL,Normal Network Operations
2024,Q3,1,2024-06-01,2024-06-07,WestPac,Colorado,CO,Colorado,USPS Marketing Mail,95.0,95.3,4.71,12113,1.4,NORMAL,Normal Network Operations
2024,Q3,1,2024-06-01,2024-06-07,WestPac,Colorado,CO,Colorado,Package Services / Ground Adv,92.0,93.5,3.5,4709,1.9,NORMAL,Normal Network Operations
2024,Q3,1,2024-06-01,2024-06-07,WestPac,Colorado,CO,Colorado,Periodicals,90.0,88.7,5.47,2312,2.9,NORMAL,Normal Network Operations
2024,Q3,1,2024-06-01,2024-06-07,WestPac,Arizona/New Mexico,AZ,Arizona,First-Class Mail (2-Day),95.0,93.6,2.52,16859,1.7,NORMAL,Normal Network Operations
2024,Q3,1,2024-06-01,2024-06-07,WestPac,Arizona/New Mexico,AZ,Arizona,First-Class Mail (3-5 Day),93.0,90.1,4.18,11941,2.1,NORMAL,Normal Network Operations
2024,Q3,1,2024-06-01,2024-06-07,WestPac,Arizona/New Mexico,AZ,Arizona,USPS Marketing Mail,95.0,94.1,4.63,10463,1.8,NORMAL,Normal Network Operations
2024,Q3,1,2024-06-01,2024-06-07,WestPac,Arizona/New Mexico,AZ,Arizona,Package Services / Ground Adv,92.0,93.0,3.51,4433,2.2,NORMAL,Normal Network Operations
2024,Q3,1,2024-06-01,2024-06-07,WestPac,Arizona/New Mexico,AZ,Arizona,Periodicals,90.0,88.8,5.42,2247,3.5,NORMAL,Normal Network Operations
2024,Q3,1,2024-06-01,2024-06-07,WestPac,Arizona/New Mexico,NM,New Mexico,First-Class Mail (2-Day),95.0,91.8,2.43,15633,2.5,NORMAL,Normal Network Operations
2024,Q3,1,2024-06-01,2024-06-07,WestPac,Arizona/New Mexico,NM,New Mexico,First-Class Mail (3-5 Day),93.0,91.0,4.39,11104,2.6,NORMAL,Normal Network Operations
2024,Q3,1,2024-06-01,2024-06-07,WestPac,Arizona/New Mexico,NM,New Mexico,USPS Marketing Mail,95.0,94.2,4.68,10528,1.2,NORMAL,Normal Network Operations
2024,Q3,1,2024-06-01,2024-06-07,WestPac,Arizona/New Mexico,NM,New Mexico,Package Services / Ground Adv,92.0,91.8,3.75,4163,1.9,NORMAL,Normal Network Operations
2024,Q3,1,2024-06-01,2024-06-07,WestPac,Arizona/New Mexico,NM,New Mexico,Periodicals,90.0,89.0,5.59,2377,2.7,NORMAL,Normal Network Operations
2024,Q3,1,2024-06-01,2024-06-07,WestPac,Alaska,AK,Alaska,First-Class Mail (2-Day),95.0,88.8,2.69,16954,3.1,NORMAL,Normal Network Operations
2024,Q3,1,2024-06-01,2024-06-07,WestPac,Alaska,AK,Alaska,First-Class Mail (3-5 Day),93.0,87.3,4.37,10569,3.0,NORMAL,Normal Network Operations
2024,Q3,1,2024-06-01,2024-06-07,WestPac,Alaska,AK,Alaska,USPS Marketing Mail,95.0,91.4,4.89,11505,2.1,NORMAL,Normal Network Operations
2024,Q3,1,2024-06-01,2024-06-07,WestPac,Alaska,AK,Alaska,Package Services / Ground Adv,92.0,89.0,3.84,4315,2.0,NORMAL,Normal Network Operations
2024,Q3,1,2024-06-01,2024-06-07,WestPac,Alaska,AK,Alaska,Periodicals,90.0,85.4,5.53,2345,3.8,NORMAL,Normal Network Operations
2024,Q3,1,2024-06-01,2024-06-07,WestPac,Hawaii/Pacific,HI,Hawaii,First-Class Mail (2-Day),95.0,90.4,2.69,15317,2.0,NORMAL,Normal Network Operations
2024,Q3,1,2024-06-01,2024-06-07,WestPac,Hawaii/Pacific,HI,Hawaii,First-Class Mail (3-5 Day),93.0,88.1,4.28,11895,3.6,NORMAL,Normal Network Operations
2024,Q3,1,2024-06-01,2024-06-07,WestPac,Hawaii/Pacific,HI,Hawaii,USPS Marketing Mail,95.0,91.0,4.8,10664,1.8,NORMAL,Normal Network Operations
2024,Q3,1,2024-06-01,2024-06-07,WestPac,Hawaii/Pacific,HI,Hawaii,Package Services / Ground Adv,92.0,90.5,3.56,4708,1.7,NORMAL,Normal Network Operations
2024,Q3,1,2024-06-01,2024-06-07,WestPac,Hawaii/Pacific,HI,Hawaii,Periodicals,90.0,87.0,5.48,2088,2.9,NORMAL,Normal Network Operations
2024,Q3,2,2024-06-08,2024-06-14,Atlantic,Northern New England,ME,Maine,First-Class Mail (2-Day),95.0,94.4,2.46,15690,1.4,NORMAL,Normal Network Operations
2024,Q3,2,2024-06-08,2024-06-14,Atlantic,Northern New England,ME,Maine,First-Class Mail (3-5 Day),93.0,92.3,4.09,11256,1.9,NORMAL,Normal Network Operations
2024,Q3,2,2024-06-08,2024-06-14,Atlantic,Northern New England,ME,Maine,USPS Marketing Mail,95.0,95.7,4.71,11910,0.8,NORMAL,Normal Network Operations
2024,Q3,2,2024-06-08,2024-06-14,Atlantic,Northern New England,ME,Maine,Package Services / Ground Adv,92.0,92.9,3.7,4183,1.7,NORMAL,Normal Network Operations
2024,Q3,2,2024-06-08,2024-06-14,Atlantic,Northern New England,ME,Maine,Periodicals,90.0,90.2,5.46,2246,2.3,NORMAL,Normal Network Operations
2024,Q3,2,2024-06-08,2024-06-14,Atlantic,Northern New England,NH,New Hampshire,First-Class Mail (2-Day),95.0,94.5,2.28,16022,1.0,NORMAL,Normal Network Operations
2024,Q3,2,2024-06-08,2024-06-14,Atlantic,Northern New England,NH,New Hampshire,First-Class Mail (3-5 Day),93.0,90.3,4.34,11337,2.1,NORMAL,Normal Network Operations
2024,Q3,2,2024-06-08,2024-06-14,Atlantic,Northern New England,NH,New Hampshire,USPS Marketing Mail,95.0,93.9,4.73,11166,1.9,NORMAL,Normal Network Operations
2024,Q3,2,2024-06-08,2024-06-14,Atlantic,Northern New England,NH,New Hampshire,Package Services / Ground Adv,92.0,92.8,3.63,4754,1.4,NORMAL,Normal Network Operations
2024,Q3,2,2024-06-08,2024-06-14,Atlantic,Northern New England,NH,New Hampshire,Periodicals,90.0,90.4,5.45,2147,2.8,NORMAL,Normal Network Operations
2024,Q3,2,2024-06-08,2024-06-14,Atlantic,Northern New England,VT,Vermont,First-Class Mail (2-Day),95.0,94.0,2.37,15632,1.3,NORMAL,Normal Network Operations
2024,Q3,2,2024-06-08,2024-06-14,Atlantic,Northern New England,VT,Vermont,First-Class Mail (3-5 Day),93.0,91.7,4.21,11547,1.6,NORMAL,Normal Network Operations
2024,Q3,2,2024-06-08,2024-06-14,Atlantic,Northern New England,VT,Vermont,USPS Marketing Mail,95.0,94.6,4.8,10470,1.1,NORMAL,Normal Network Operations
2024,Q3,2,2024-06-08,2024-06-14,Atlantic,Northern New England,VT,Vermont,Package Services / Ground Adv,92.0,93.9,3.41,4671,1.2,NORMAL,Normal Network Operations
2024,Q3,2,2024-06-08,2024-06-14,Atlantic,Northern New England,VT,Vermont,Periodicals,90.0,91.3,5.37,2272,2.2,NORMAL,Normal Network Operations
2024,Q3,2,2024-06-08,2024-06-14,Atlantic,Boston,MA,Massachusetts,First-Class Mail (2-Day),95.0,92.0,2.48,16166,1.6,NORMAL,Normal Network Operations
2024,Q3,2,2024-06-08,2024-06-14,Atlantic,Boston,MA,Massachusetts,First-Class Mail (3-5 Day),93.0,90.8,4.33,12093,2.8,NORMAL,Normal Network Operations
2024,Q3,2,2024-06-08,2024-06-14,Atlantic,Boston,MA,Massachusetts,USPS Marketing Mail,95.0,93.4,4.77,10732,1.5,NORMAL,Normal Network Operations
2024,Q3,2,2024-06-08,2024-06-14,Atlantic,Boston,MA,Massachusetts,Package Services / Ground Adv,92.0,91.8,3.52,4748,1.7,NORMAL,Normal Network Operations
2024,Q3,2,2024-06-08,2024-06-14,Atlantic,Boston,MA,Massachusetts,Periodicals,90.0,88.6,5.51,2360,3.3,NORMAL,Normal Network Operations
2024,Q3,2,2024-06-08,2024-06-14,Atlantic,Boston,RI,Rhode Island,First-Class Mail (2-Day),95.0,93.7,2.52,16036,2.0,NORMAL,Normal Network Operations
2024,Q3,2,2024-06-08,2024-06-14,Atlantic,Boston,RI,Rhode Island,First-Class Mail (3-5 Day),93.0,91.0,4.38,11843,1.7,NORMAL,Normal Network Operations
2024,Q3,2,2024-06-08,2024-06-14,Atlantic,Boston,RI,Rhode Island,USPS Marketing Mail,95.0,93.1,4.81,10906,1.4,NORMAL,Normal Network Operations
2024,Q3,2,2024-06-08,2024-06-14,Atlantic,Boston,RI,Rhode Island,Package Services / Ground Adv,92.0,91.5,3.74,4547,1.5,NORMAL,Normal Network Operations
2024,Q3,2,2024-06-08,2024-06-14,Atlantic,Boston,RI,Rhode Island,Periodicals,90.0,89.2,5.49,2081,2.2,NORMAL,Normal Network Operations
2024,Q3,2,2024-06-08,2024-06-14,Atlantic,Connecticut,CT,Connecticut,First-Class Mail (2-Day),95.0,93.7,2.41,15349,1.3,NORMAL,Normal Network Operations
2024,Q3,2,2024-06-08,2024-06-14,Atlantic,Connecticut,CT,Connecticut,First-Class Mail (3-5 Day),93.0,90.6,4.36,11371,2.6,NORMAL,Normal Network Operations
2024,Q3,2,2024-06-08,2024-06-14,Atlantic,Connecticut,CT,Connecticut,USPS Marketing Mail,95.0,92.9,4.68,11462,1.3,NORMAL,Normal Network Operations
2024,Q3,2,2024-06-08,2024-06-14,Atlantic,Connecticut,CT,Connecticut,Package Services / Ground Adv,92.0,92.5,3.63,4489,1.6,NORMAL,Normal Network Operations
2024,Q3,2,2024-06-08,2024-06-14,Atlantic,Connecticut,CT,Connecticut,Periodicals,90.0,89.5,5.51,2110,2.3,NORMAL,Normal Network Operations
2024,Q3,2,2024-06-08,2024-06-14,Atlantic,New York 2 (Metro),NY,New York,First-Class Mail (2-Day),95.0,91.0,2.61,62865,2.0,NORMAL,Normal Network Operations
2024,Q3,2,2024-06-08,2024-06-14,Atlantic,New York 2 (Metro),NY,New York,First-Class Mail (3-5 Day),93.0,89.4,4.32,45715,2.0,NORMAL,Normal Network Operations
2024,Q3,2,2024-06-08,2024-06-14,Atlantic,New York 2 (Metro),NY,New York,USPS Marketing Mail,95.0,90.8,4.8,42388,2.0,NORMAL,Normal Network Operations
2024,Q3,2,2024-06-08,2024-06-14,Atlantic,New York 2 (Metro),NY,New York,Package Services / Ground Adv,92.0,89.6,3.6,18711,2.3,NORMAL,Normal Network Operations
2024,Q3,2,2024-06-08,2024-06-14,Atlantic,New York 2 (Metro),NY,New York,Periodicals,90.0,86.9,5.62,9000,3.1,NORMAL,Normal Network Operations
2024,Q3,2,2024-06-08,2024-06-14,Atlantic,New Jersey,NJ,New Jersey,First-Class Mail (2-Day),95.0,92.6,2.37,16661,2.2,NORMAL,Normal Network Operations
2024,Q3,2,2024-06-08,2024-06-14,Atlantic,New Jersey,NJ,New Jersey,First-Class Mail (3-5 Day),93.0,88.5,4.5,11901,2.1,NORMAL,Normal Network Operations
2024,Q3,2,2024-06-08,2024-06-14,Atlantic,New Jersey,NJ,New Jersey,USPS Marketing Mail,95.0,92.8,4.83,11101,1.9,NORMAL,Normal Network Operations
2024,Q3,2,2024-06-08,2024-06-14,Atlantic,New Jersey,NJ,New Jersey,Package Services / Ground Adv,92.0,89.9,3.67,4716,1.8,NORMAL,Normal Network Operations
2024,Q3,2,2024-06-08,2024-06-14,Atlantic,New Jersey,NJ,New Jersey,Periodicals,90.0,88.6,5.6,2101,3.4,NORMAL,Normal Network Operations
2024,Q3,2,2024-06-08,2024-06-14,Atlantic,Philadelphia,PA,Pennsylvania,First-Class Mail (2-Day),95.0,93.4,2.47,15810,1.4,NORMAL,Normal Network Operations
2024,Q3,2,2024-06-08,2024-06-14,Atlantic,Philadelphia,PA,Pennsylvania,First-Class Mail (3-5 Day),93.0,90.1,4.27,10949,2.2,NORMAL,Normal Network Operations
2024,Q3,2,2024-06-08,2024-06-14,Atlantic,Philadelphia,PA,Pennsylvania,USPS Marketing Mail,95.0,92.6,4.68,11267,1.9,NORMAL,Normal Network Operations
2024,Q3,2,2024-06-08,2024-06-14,Atlantic,Philadelphia,PA,Pennsylvania,Package Services / Ground Adv,92.0,92.6,3.65,4729,1.7,NORMAL,Normal Network Operations
2024,Q3,2,2024-06-08,2024-06-14,Atlantic,Philadelphia,PA,Pennsylvania,Periodicals,90.0,89.9,5.32,2141,2.2,NORMAL,Normal Network Operations
2024,Q3,2,2024-06-08,2024-06-14,Atlantic,Maryland/Delaware,DE,Delaware,First-Class Mail (2-Day),95.0,93.4,2.49,14936,1.9,NORMAL,Normal Network Operations
2024,Q3,2,2024-06-08,2024-06-14,Atlantic,Maryland/Delaware,DE,Delaware,First-Class Mail (3-5 Day),93.0,91.7,4.3,11717,2.1,NORMAL,Normal Network Operations
2024,Q3,2,2024-06-08,2024-06-14,Atlantic,Maryland/Delaware,DE,Delaware,USPS Marketing Mail,95.0,93.9,4.74,11493,1.9,NORMAL,Normal Network Operations
2024,Q3,2,2024-06-08,2024-06-14,Atlantic,Maryland/Delaware,DE,Delaware,Package Services / Ground Adv,92.0,92.5,3.62,4248,2.3,NORMAL,Normal Network Operations
2024,Q3,2,2024-06-08,2024-06-14,Atlantic,Maryland/Delaware,DE,Delaware,Periodicals,90.0,88.7,5.43,2168,2.7,NORMAL,Normal Network Operations
2024,Q3,2,2024-06-08,2024-06-14,Atlantic,Maryland/Delaware,MD,Maryland,First-Class Mail (2-Day),95.0,90.6,2.53,15628,2.4,NORMAL,Normal Network Operations
2024,Q3,2,2024-06-08,2024-06-14,Atlantic,Maryland/Delaware,MD,Maryland,First-Class Mail (3-5 Day),93.0,88.4,4.28,11905,3.4,NORMAL,Normal Network Operations
2024,Q3,2,2024-06-08,2024-06-14,Atlantic,Maryland/Delaware,MD,Maryland,USPS Marketing Mail,95.0,93.4,4.75,11182,1.8,NORMAL,Normal Network Operations
2024,Q3,2,2024-06-08,2024-06-14,Atlantic,Maryland/Delaware,MD,Maryland,Package Services / Ground Adv,92.0,90.8,3.78,4463,2.7,NORMAL,Normal Network Operations
2024,Q3,2,2024-06-08,2024-06-14,Atlantic,Maryland/Delaware,MD,Maryland,Periodicals,90.0,88.9,5.42,2241,3.0,NORMAL,Normal Network Operations
2024,Q3,2,2024-06-08,2024-06-14,Atlantic,Capital,DC,District of Columbia,First-Class Mail (2-Day),95.0,89.7,2.52,16755,1.9,NORMAL,Normal Network Operations
2024,Q3,2,2024-06-08,2024-06-14,Atlantic,Capital,DC,District of Columbia,First-Class Mail (3-5 Day),93.0,87.9,4.42,10660,3.4,NORMAL,Normal Network Operations
2024,Q3,2,2024-06-08,2024-06-14,Atlantic,Capital,DC,District of Columbia,USPS Marketing Mail,95.0,90.7,4.86,11290,2.2,NORMAL,Normal Network Operations
2024,Q3,2,2024-06-08,2024-06-14,Atlantic,Capital,DC,District of Columbia,Package Services / Ground Adv,92.0,88.7,3.72,4434,2.6,NORMAL,Normal Network Operations
2024,Q3,2,2024-06-08,2024-06-14,Atlantic,Capital,DC,District of Columbia,Periodicals,90.0,86.6,5.66,2303,3.5,NORMAL,Normal Network Operations
2024,Q3,2,2024-06-08,2024-06-14,Atlantic,Virginia,VA,Virginia,First-Class Mail (2-Day),95.0,91.8,2.57,15206,1.6,NORMAL,Normal Network Operations
2024,Q3,2,2024-06-08,2024-06-14,Atlantic,Virginia,VA,Virginia,First-Class Mail (3-5 Day),93.0,91.1,4.37,11921,2.4,NORMAL,Normal Network Operations
2024,Q3,2,2024-06-08,2024-06-14,Atlantic,Virginia,VA,Virginia,USPS Marketing Mail,95.0,93.2,4.66,10979,1.8,NORMAL,Normal Network Operations
2024,Q3,2,2024-06-08,2024-06-14,Atlantic,Virginia,VA,Virginia,Package Services / Ground Adv,92.0,92.9,3.54,4568,2.0,NORMAL,Normal Network Operations
2024,Q3,2,2024-06-08,2024-06-14,Atlantic,Virginia,VA,Virginia,Periodicals,90.0,90.4,5.36,2354,2.1,NORMAL,Normal Network Operations
2024,Q3,2,2024-06-08,2024-06-14,Atlantic,Appalachian,WV,West Virginia,First-Class Mail (2-Day),95.0,92.7,2.57,16351,2.0,NORMAL,Normal Network Operations
2024,Q3,2,2024-06-08,2024-06-14,Atlantic,Appalachian,WV,West Virginia,First-Class Mail (3-5 Day),93.0,90.1,4.35,11112,2.5,NORMAL,Normal Network Operations
2024,Q3,2,2024-06-08,2024-06-14,Atlantic,Appalachian,WV,West Virginia,USPS Marketing Mail,95.0,92.4,4.71,10735,1.8,NORMAL,Normal Network Operations
2024,Q3,2,2024-06-08,2024-06-14,Atlantic,Appalachian,WV,West Virginia,Package Services / Ground Adv,92.0,92.0,3.54,4239,2.0,NORMAL,Normal Network Operations
2024,Q3,2,2024-06-08,2024-06-14,Atlantic,Appalachian,WV,West Virginia,Periodicals,90.0,87.4,5.44,2347,3.8,NORMAL,Normal Network Operations
2024,Q3,2,2024-06-08,2024-06-14,Atlantic,North Carolina,NC,North Carolina,First-Class Mail (2-Day),95.0,93.3,2.33,15338,2.0,NORMAL,Normal Network Operations
2024,Q3,2,2024-06-08,2024-06-14,Atlantic,North Carolina,NC,North Carolina,First-Class Mail (3-5 Day),93.0,90.9,4.24,10642,1.8,NORMAL,Normal Network Operations
2024,Q3,2,2024-06-08,2024-06-14,Atlantic,North Carolina,NC,North Carolina,USPS Marketing Mail,95.0,94.1,4.79,10647,1.7,NORMAL,Normal Network Operations
2024,Q3,2,2024-06-08,2024-06-14,Atlantic,North Carolina,NC,North Carolina,Package Services / Ground Adv,92.0,91.4,3.69,4311,2.0,NORMAL,Normal Network Operations
2024,Q3,2,2024-06-08,2024-06-14,Atlantic,North Carolina,NC,North Carolina,Periodicals,90.0,88.9,5.54,2231,2.4,NORMAL,Normal Network Operations
2024,Q3,2,2024-06-08,2024-06-14,Atlantic,South Carolina,SC,South Carolina,First-Class Mail (2-Day),95.0,92.2,2.59,15671,1.7,NORMAL,Normal Network Operations
2024,Q3,2,2024-06-08,2024-06-14,Atlantic,South Carolina,SC,South Carolina,First-Class Mail (3-5 Day),93.0,90.7,4.4,12121,2.2,NORMAL,Normal Network Operations
2024,Q3,2,2024-06-08,2024-06-14,Atlantic,South Carolina,SC,South Carolina,USPS Marketing Mail,95.0,92.8,4.74,11299,1.6,NORMAL,Normal Network Operations
2024,Q3,2,2024-06-08,2024-06-14,Atlantic,South Carolina,SC,South Carolina,Package Services / Ground Adv,92.0,92.2,3.69,4239,2.3,NORMAL,Normal Network Operations
2024,Q3,2,2024-06-08,2024-06-14,Atlantic,South Carolina,SC,South Carolina,Periodicals,90.0,88.0,5.62,2269,3.2,NORMAL,Normal Network Operations
2024,Q3,2,2024-06-08,2024-06-14,Atlantic,Caribbean,PR,Puerto Rico,First-Class Mail (2-Day),95.0,88.2,2.8,15208,3.5,NORMAL,Normal Network Operations
2024,Q3,2,2024-06-08,2024-06-14,Atlantic,Caribbean,PR,Puerto Rico,First-Class Mail (3-5 Day),93.0,87.6,4.54,10615,2.7,NORMAL,Normal Network Operations
2024,Q3,2,2024-06-08,2024-06-14,Atlantic,Caribbean,PR,Puerto Rico,USPS Marketing Mail,95.0,89.8,4.85,11162,3.2,NORMAL,Normal Network Operations
2024,Q3,2,2024-06-08,2024-06-14,Atlantic,Caribbean,PR,Puerto Rico,Package Services / Ground Adv,92.0,87.8,3.7,4501,2.2,NORMAL,Normal Network Operations
2024,Q3,2,2024-06-08,2024-06-14,Atlantic,Caribbean,PR,Puerto Rico,Periodicals,90.0,85.1,5.63,2080,4.8,NORMAL,Normal Network Operations
2024,Q3,2,2024-06-08,2024-06-14,Central,Ohio 1 (Columbus),OH,Ohio,First-Class Mail (2-Day),95.0,94.2,2.45,16484,1.7,NORMAL,Normal Network Operations
2024,Q3,2,2024-06-08,2024-06-14,Central,Ohio 1 (Columbus),OH,Ohio,First-Class Mail (3-5 Day),93.0,90.1,4.4,11602,2.2,NORMAL,Normal Network Operations
2024,Q3,2,2024-06-08,2024-06-14,Central,Ohio 1 (Columbus),OH,Ohio,USPS Marketing Mail,95.0,93.1,4.75,10359,1.9,NORMAL,Normal Network Operations
2024,Q3,2,2024-06-08,2024-06-14,Central,Ohio 1 (Columbus),OH,Ohio,Package Services / Ground Adv,92.0,91.2,3.75,4535,1.9,NORMAL,Normal Network Operations
2024,Q3,2,2024-06-08,2024-06-14,Central,Ohio 1 (Columbus),OH,Ohio,Periodicals,90.0,90.2,5.3,2173,2.5,NORMAL,Normal Network Operations
2024,Q3,2,2024-06-08,2024-06-14,Central,Michigan 1 (Detroit),MI,Michigan,First-Class Mail (2-Day),95.0,91.9,2.5,16490,1.5,NORMAL,Normal Network Operations
2024,Q3,2,2024-06-08,2024-06-14,Central,Michigan 1 (Detroit),MI,Michigan,First-Class Mail (3-5 Day),93.0,90.1,4.42,11424,1.9,NORMAL,Normal Network Operations
2024,Q3,2,2024-06-08,2024-06-14,Central,Michigan 1 (Detroit),MI,Michigan,USPS Marketing Mail,95.0,92.0,4.75,10608,2.0,NORMAL,Normal Network Operations
2024,Q3,2,2024-06-08,2024-06-14,Central,Michigan 1 (Detroit),MI,Michigan,Package Services / Ground Adv,92.0,91.2,3.58,4439,2.3,NORMAL,Normal Network Operations
2024,Q3,2,2024-06-08,2024-06-14,Central,Michigan 1 (Detroit),MI,Michigan,Periodicals,90.0,89.3,5.58,2094,2.1,NORMAL,Normal Network Operations
2024,Q3,2,2024-06-08,2024-06-14,Central,Indiana,IN,Indiana,First-Class Mail (2-Day),95.0,93.7,2.56,15886,1.6,NORMAL,Normal Network Operations
2024,Q3,2,2024-06-08,2024-06-14,Central,Indiana,IN,Indiana,First-Class Mail (3-5 Day),93.0,91.1,4.3,12115,2.2,NORMAL,Normal Network Operations
2024,Q3,2,2024-06-08,2024-06-14,Central,Indiana,IN,Indiana,USPS Marketing Mail,95.0,93.8,4.8,10970,1.1,NORMAL,Normal Network Operations
2024,Q3,2,2024-06-08,2024-06-14,Central,Indiana,IN,Indiana,Package Services / Ground Adv,92.0,93.2,3.63,4669,1.8,NORMAL,Normal Network Operations
2024,Q3,2,2024-06-08,2024-06-14,Central,Indiana,IN,Indiana,Periodicals,90.0,89.7,5.44,2362,1.9,NORMAL,Normal Network Operations
2024,Q3,2,2024-06-08,2024-06-14,Central,Illinois 1 (Chicago),IL,Illinois,First-Class Mail (2-Day),95.0,90.0,2.61,16242,2.9,NORMAL,Normal Network Operations
2024,Q3,2,2024-06-08,2024-06-14,Central,Illinois 1 (Chicago),IL,Illinois,First-Class Mail (3-5 Day),93.0,88.9,4.25,11747,3.3,NORMAL,Normal Network Operations
2024,Q3,2,2024-06-08,2024-06-14,Central,Illinois 1 (Chicago),IL,Illinois,USPS Marketing Mail,95.0,91.5,4.72,10709,1.9,NORMAL,Normal Network Operations
2024,Q3,2,2024-06-08,2024-06-14,Central,Illinois 1 (Chicago),IL,Illinois,Package Services / Ground Adv,92.0,88.7,3.78,4852,3.5,NORMAL,Normal Network Operations
2024,Q3,2,2024-06-08,2024-06-14,Central,Illinois 1 (Chicago),IL,Illinois,Periodicals,90.0,87.4,5.61,2138,2.7,NORMAL,Normal Network Operations
2024,Q3,2,2024-06-08,2024-06-14,Central,Wisconsin,WI,Wisconsin,First-Class Mail (2-Day),95.0,93.6,2.53,15326,1.9,NORMAL,Normal Network Operations
2024,Q3,2,2024-06-08,2024-06-14,Central,Wisconsin,WI,Wisconsin,First-Class Mail (3-5 Day),93.0,90.8,4.38,11687,2.1,NORMAL,Normal Network Operations
2024,Q3,2,2024-06-08,2024-06-14,Central,Wisconsin,WI,Wisconsin,USPS Marketing Mail,95.0,95.6,4.76,11243,1.0,NORMAL,Normal Network Operations
2024,Q3,2,2024-06-08,2024-06-14,Central,Wisconsin,WI,Wisconsin,Package Services / Ground Adv,92.0,92.9,3.58,4716,2.2,NORMAL,Normal Network Operations
2024,Q3,2,2024-06-08,2024-06-14,Central,Wisconsin,WI,Wisconsin,Periodicals,90.0,90.9,5.4,2366,1.7,NORMAL,Normal Network Operations
2024,Q3,2,2024-06-08,2024-06-14,Central,Northland,MN,Minnesota,First-Class Mail (2-Day),95.0,93.5,2.33,16155,1.5,NORMAL,Normal Network Operations
2024,Q3,2,2024-06-08,2024-06-14,Central,Northland,MN,Minnesota,First-Class Mail (3-5 Day),93.0,90.7,4.26,11591,2.5,NORMAL,Normal Network Operations
2024,Q3,2,2024-06-08,2024-06-14,Central,Northland,MN,Minnesota,USPS Marketing Mail,95.0,93.8,4.82,10984,1.2,NORMAL,Normal Network Operations
2024,Q3,2,2024-06-08,2024-06-14,Central,Northland,MN,Minnesota,Package Services / Ground Adv,92.0,93.6,3.66,4822,1.4,NORMAL,Normal Network Operations
2024,Q3,2,2024-06-08,2024-06-14,Central,Northland,MN,Minnesota,Periodicals,90.0,88.9,5.43,2358,3.0,NORMAL,Normal Network Operations
2024,Q3,2,2024-06-08,2024-06-14,Central,Dakotas,ND,North Dakota,First-Class Mail (2-Day),95.0,94.6,2.29,16021,1.7,NORMAL,Normal Network Operations
2024,Q3,2,2024-06-08,2024-06-14,Central,Dakotas,ND,North Dakota,First-Class Mail (3-5 Day),93.0,92.7,4.06,11751,1.3,NORMAL,Normal Network Operations
2024,Q3,2,2024-06-08,2024-06-14,Central,Dakotas,ND,North Dakota,USPS Marketing Mail,95.0,94.7,4.7,11439,1.2,NORMAL,Normal Network Operations
2024,Q3,2,2024-06-08,2024-06-14,Central,Dakotas,ND,North Dakota,Package Services / Ground Adv,92.0,93.6,3.5,4689,2.0,NORMAL,Normal Network Operations
2024,Q3,2,2024-06-08,2024-06-14,Central,Dakotas,ND,North Dakota,Periodicals,90.0,90.9,5.34,2303,2.3,NORMAL,Normal Network Operations
2024,Q3,2,2024-06-08,2024-06-14,Central,Dakotas,SD,South Dakota,First-Class Mail (2-Day),95.0,93.3,2.51,15747,1.3,NORMAL,Normal Network Operations
2024,Q3,2,2024-06-08,2024-06-14,Central,Dakotas,SD,South Dakota,First-Class Mail (3-5 Day),93.0,91.4,4.18,10818,2.2,NORMAL,Normal Network Operations
2024,Q3,2,2024-06-08,2024-06-14,Central,Dakotas,SD,South Dakota,USPS Marketing Mail,95.0,94.6,4.63,11999,1.7,NORMAL,Normal Network Operations
2024,Q3,2,2024-06-08,2024-06-14,Central,Dakotas,SD,South Dakota,Package Services / Ground Adv,92.0,92.9,3.67,4465,1.4,NORMAL,Normal Network Operations
2024,Q3,2,2024-06-08,2024-06-14,Central,Dakotas,SD,South Dakota,Periodicals,90.0,91.4,5.23,2315,2.1,NORMAL,Normal Network Operations
2024,Q3,2,2024-06-08,2024-06-14,Central,Iowa/Nebraska,IA,Iowa,First-Class Mail (2-Day),95.0,95.3,2.31,14653,1.1,NORMAL,Normal Network Operations
2024,Q3,2,2024-06-08,2024-06-14,Central,Iowa/Nebraska,IA,Iowa,First-Class Mail (3-5 Day),93.0,92.4,4.29,11631,2.3,NORMAL,Normal Network Operations
2024,Q3,2,2024-06-08,2024-06-14,Central,Iowa/Nebraska,IA,Iowa,USPS Marketing Mail,95.0,96.3,4.68,11265,1.0,NORMAL,Normal Network Operations
2024,Q3,2,2024-06-08,2024-06-14,Central,Iowa/Nebraska,IA,Iowa,Package Services / Ground Adv,92.0,92.6,3.49,4709,1.5,NORMAL,Normal Network Operations
2024,Q3,2,2024-06-08,2024-06-14,Central,Iowa/Nebraska,IA,Iowa,Periodicals,90.0,89.9,5.38,2359,2.6,NORMAL,Normal Network Operations
2024,Q3,2,2024-06-08,2024-06-14,Central,Iowa/Nebraska,NE,Nebraska,First-Class Mail (2-Day),95.0,94.3,2.29,15269,1.5,NORMAL,Normal Network Operations
2024,Q3,2,2024-06-08,2024-06-14,Central,Iowa/Nebraska,NE,Nebraska,First-Class Mail (3-5 Day),93.0,93.2,4.16,11734,1.9,NORMAL,Normal Network Operations
2024,Q3,2,2024-06-08,2024-06-14,Central,Iowa/Nebraska,NE,Nebraska,USPS Marketing Mail,95.0,95.8,4.75,11506,0.8,NORMAL,Normal Network Operations
2024,Q3,2,2024-06-08,2024-06-14,Central,Iowa/Nebraska,NE,Nebraska,Package Services / Ground Adv,92.0,93.1,3.52,4772,1.9,NORMAL,Normal Network Operations
2024,Q3,2,2024-06-08,2024-06-14,Central,Iowa/Nebraska,NE,Nebraska,Periodicals,90.0,91.4,5.26,2417,2.3,NORMAL,Normal Network Operations
2024,Q3,2,2024-06-08,2024-06-14,Central,Kansas/Missouri,KS,Kansas,First-Class Mail (2-Day),95.0,93.5,2.32,14802,2.0,NORMAL,Normal Network Operations
2024,Q3,2,2024-06-08,2024-06-14,Central,Kansas/Missouri,KS,Kansas,First-Class Mail (3-5 Day),93.0,90.7,4.23,11626,1.9,NORMAL,Normal Network Operations
2024,Q3,2,2024-06-08,2024-06-14,Central,Kansas/Missouri,KS,Kansas,USPS Marketing Mail,95.0,94.1,4.82,11872,1.8,NORMAL,Normal Network Operations
2024,Q3,2,2024-06-08,2024-06-14,Central,Kansas/Missouri,KS,Kansas,Package Services / Ground Adv,92.0,92.1,3.62,4230,2.1,NORMAL,Normal Network Operations
2024,Q3,2,2024-06-08,2024-06-14,Central,Kansas/Missouri,KS,Kansas,Periodicals,90.0,89.7,5.43,2130,2.6,NORMAL,Normal Network Operations
2024,Q3,2,2024-06-08,2024-06-14,Central,Kansas/Missouri,MO,Missouri,First-Class Mail (2-Day),95.0,93.9,2.46,16305,1.2,NORMAL,Normal Network Operations
2024,Q3,2,2024-06-08,2024-06-14,Central,Kansas/Missouri,MO,Missouri,First-Class Mail (3-5 Day),93.0,90.9,4.29,11835,2.7,NORMAL,Normal Network Operations
2024,Q3,2,2024-06-08,2024-06-14,Central,Kansas/Missouri,MO,Missouri,USPS Marketing Mail,95.0,92.5,4.83,11388,1.4,NORMAL,Normal Network Operations
2024,Q3,2,2024-06-08,2024-06-14,Central,Kansas/Missouri,MO,Missouri,Package Services / Ground Adv,92.0,92.2,3.58,4600,2.2,NORMAL,Normal Network Operations
2024,Q3,2,2024-06-08,2024-06-14,Central,Kansas/Missouri,MO,Missouri,Periodicals,90.0,89.3,5.39,2414,2.9,NORMAL,Normal Network Operations
2024,Q3,2,2024-06-08,2024-06-14,Southern,Georgia (Atlanta),GA,Georgia,First-Class Mail (2-Day),95.0,68.1,3.66,14673,8.8,CRITICAL,Palmetto RPDC Consolidation / Sorter Integration Delays
2024,Q3,2,2024-06-08,2024-06-14,Southern,Georgia (Atlanta),GA,Georgia,First-Class Mail (3-5 Day),93.0,67.8,5.35,11441,8.0,CRITICAL,Palmetto RPDC Consolidation / Sorter Integration Delays
2024,Q3,2,2024-06-08,2024-06-14,Southern,Georgia (Atlanta),GA,Georgia,USPS Marketing Mail,95.0,69.8,6.02,12105,8.5,CRITICAL,Palmetto RPDC Consolidation / Sorter Integration Delays
2024,Q3,2,2024-06-08,2024-06-14,Southern,Georgia (Atlanta),GA,Georgia,Package Services / Ground Adv,92.0,68.3,4.75,4475,8.2,CRITICAL,Palmetto RPDC Consolidation / Sorter Integration Delays
2024,Q3,2,2024-06-08,2024-06-14,Southern,Georgia (Atlanta),GA,Georgia,Periodicals,90.0,64.7,6.62,2208,6.8,CRITICAL,Palmetto RPDC Consolidation / Sorter Integration Delays
2024,Q3,2,2024-06-08,2024-06-14,Southern,Florida 1 (Central),FL,Florida,First-Class Mail (2-Day),95.0,93.0,2.56,59569,1.5,NORMAL,Normal Network Operations
2024,Q3,2,2024-06-08,2024-06-14,Southern,Florida 1 (Central),FL,Florida,First-Class Mail (3-5 Day),93.0,90.1,4.26,46894,2.6,NORMAL,Normal Network Operations
2024,Q3,2,2024-06-08,2024-06-14,Southern,Florida 1 (Central),FL,Florida,USPS Marketing Mail,95.0,93.5,4.74,43621,1.6,NORMAL,Normal Network Operations
2024,Q3,2,2024-06-08,2024-06-14,Southern,Florida 1 (Central),FL,Florida,Package Services / Ground Adv,92.0,90.6,3.69,19344,2.9,NORMAL,Normal Network Operations
2024,Q3,2,2024-06-08,2024-06-14,Southern,Florida 1 (Central),FL,Florida,Periodicals,90.0,88.5,5.37,8992,2.6,NORMAL,Normal Network Operations
2024,Q3,2,2024-06-08,2024-06-14,Southern,Alabama/Mississippi,AL,Alabama,First-Class Mail (2-Day),95.0,92.4,2.49,15842,2.1,NORMAL,Normal Network Operations
2024,Q3,2,2024-06-08,2024-06-14,Southern,Alabama/Mississippi,AL,Alabama,First-Class Mail (3-5 Day),93.0,90.1,4.41,11659,2.4,NORMAL,Normal Network Operations
2024,Q3,2,2024-06-08,2024-06-14,Southern,Alabama/Mississippi,AL,Alabama,USPS Marketing Mail,95.0,92.9,4.74,11376,1.6,NORMAL,Normal Network Operations
2024,Q3,2,2024-06-08,2024-06-14,Southern,Alabama/Mississippi,AL,Alabama,Package Services / Ground Adv,92.0,89.8,3.61,4503,2.6,NORMAL,Normal Network Operations
2024,Q3,2,2024-06-08,2024-06-14,Southern,Alabama/Mississippi,AL,Alabama,Periodicals,90.0,88.6,5.62,2314,2.5,NORMAL,Normal Network Operations
2024,Q3,2,2024-06-08,2024-06-14,Southern,Alabama/Mississippi,MS,Mississippi,First-Class Mail (2-Day),95.0,90.0,2.59,16493,3.2,NORMAL,Normal Network Operations
2024,Q3,2,2024-06-08,2024-06-14,Southern,Alabama/Mississippi,MS,Mississippi,First-Class Mail (3-5 Day),93.0,88.3,4.47,10708,3.6,NORMAL,Normal Network Operations
2024,Q3,2,2024-06-08,2024-06-14,Southern,Alabama/Mississippi,MS,Mississippi,USPS Marketing Mail,95.0,91.7,4.71,10596,2.1,NORMAL,Normal Network Operations
2024,Q3,2,2024-06-08,2024-06-14,Southern,Alabama/Mississippi,MS,Mississippi,Package Services / Ground Adv,92.0,89.5,3.73,4576,2.6,NORMAL,Normal Network Operations
2024,Q3,2,2024-06-08,2024-06-14,Southern,Alabama/Mississippi,MS,Mississippi,Periodicals,90.0,87.4,5.58,2128,2.8,NORMAL,Normal Network Operations
2024,Q3,2,2024-06-08,2024-06-14,Southern,Tennessee,TN,Tennessee,First-Class Mail (2-Day),95.0,94.0,2.36,15337,1.7,NORMAL,Normal Network Operations
2024,Q3,2,2024-06-08,2024-06-14,Southern,Tennessee,TN,Tennessee,First-Class Mail (3-5 Day),93.0,91.4,4.3,10889,2.2,NORMAL,Normal Network Operations
2024,Q3,2,2024-06-08,2024-06-14,Southern,Tennessee,TN,Tennessee,USPS Marketing Mail,95.0,94.4,4.74,12113,1.3,NORMAL,Normal Network Operations
2024,Q3,2,2024-06-08,2024-06-14,Southern,Tennessee,TN,Tennessee,Package Services / Ground Adv,92.0,92.0,3.68,4635,2.3,NORMAL,Normal Network Operations
2024,Q3,2,2024-06-08,2024-06-14,Southern,Tennessee,TN,Tennessee,Periodicals,90.0,88.2,5.63,2351,2.9,NORMAL,Normal Network Operations
2024,Q3,2,2024-06-08,2024-06-14,Southern,Kentucky,KY,Kentucky,First-Class Mail (2-Day),95.0,93.1,2.52,15960,1.8,NORMAL,Normal Network Operations
2024,Q3,2,2024-06-08,2024-06-14,Southern,Kentucky,KY,Kentucky,First-Class Mail (3-5 Day),93.0,89.4,4.38,11864,2.8,NORMAL,Normal Network Operations
2024,Q3,2,2024-06-08,2024-06-14,Southern,Kentucky,KY,Kentucky,USPS Marketing Mail,95.0,92.4,4.67,12056,2.1,NORMAL,Normal Network Operations
2024,Q3,2,2024-06-08,2024-06-14,Southern,Kentucky,KY,Kentucky,Package Services / Ground Adv,92.0,90.5,3.64,4249,1.7,NORMAL,Normal Network Operations
2024,Q3,2,2024-06-08,2024-06-14,Southern,Kentucky,KY,Kentucky,Periodicals,90.0,89.4,5.52,2401,2.5,NORMAL,Normal Network Operations
2024,Q3,2,2024-06-08,2024-06-14,Southern,Arkansas,AR,Arkansas,First-Class Mail (2-Day),95.0,94.0,2.3,14837,1.7,NORMAL,Normal Network Operations
2024,Q3,2,2024-06-08,2024-06-14,Southern,Arkansas,AR,Arkansas,First-Class Mail (3-5 Day),93.0,90.2,4.35,11295,2.2,NORMAL,Normal Network Operations
2024,Q3,2,2024-06-08,2024-06-14,Southern,Arkansas,AR,Arkansas,USPS Marketing Mail,95.0,93.5,4.85,10966,1.3,NORMAL,Normal Network Operations
2024,Q3,2,2024-06-08,2024-06-14,Southern,Arkansas,AR,Arkansas,Package Services / Ground Adv,92.0,91.8,3.68,4603,2.4,NORMAL,Normal Network Operations
2024,Q3,2,2024-06-08,2024-06-14,Southern,Arkansas,AR,Arkansas,Periodicals,90.0,90.1,5.33,2158,2.6,NORMAL,Normal Network Operations
2024,Q3,2,2024-06-08,2024-06-14,Southern,Louisiana,LA,Louisiana,First-Class Mail (2-Day),95.0,90.9,2.7,15239,1.9,NORMAL,Normal Network Operations
2024,Q3,2,2024-06-08,2024-06-14,Southern,Louisiana,LA,Louisiana,First-Class Mail (3-5 Day),93.0,88.1,4.47,10920,2.5,NORMAL,Normal Network Operations
2024,Q3,2,2024-06-08,2024-06-14,Southern,Louisiana,LA,Louisiana,USPS Marketing Mail,95.0,91.2,4.93,10842,2.7,NORMAL,Normal Network Operations
2024,Q3,2,2024-06-08,2024-06-14,Southern,Louisiana,LA,Louisiana,Package Services / Ground Adv,92.0,88.9,3.74,4845,3.0,NORMAL,Normal Network Operations
2024,Q3,2,2024-06-08,2024-06-14,Southern,Louisiana,LA,Louisiana,Periodicals,90.0,88.1,5.59,2174,3.7,NORMAL,Normal Network Operations
2024,Q3,2,2024-06-08,2024-06-14,Southern,Oklahoma,OK,Oklahoma,First-Class Mail (2-Day),95.0,92.5,2.45,15604,2.1,NORMAL,Normal Network Operations
2024,Q3,2,2024-06-08,2024-06-14,Southern,Oklahoma,OK,Oklahoma,First-Class Mail (3-5 Day),93.0,90.2,4.22,11319,2.4,NORMAL,Normal Network Operations
2024,Q3,2,2024-06-08,2024-06-14,Southern,Oklahoma,OK,Oklahoma,USPS Marketing Mail,95.0,94.8,4.58,11458,1.4,NORMAL,Normal Network Operations
2024,Q3,2,2024-06-08,2024-06-14,Southern,Oklahoma,OK,Oklahoma,Package Services / Ground Adv,92.0,92.2,3.65,4522,1.7,NORMAL,Normal Network Operations
2024,Q3,2,2024-06-08,2024-06-14,Southern,Oklahoma,OK,Oklahoma,Periodicals,90.0,89.8,5.4,2328,1.9,NORMAL,Normal Network Operations
2024,Q3,2,2024-06-08,2024-06-14,Southern,Texas 2 (Houston/Gulf),TX,Texas,First-Class Mail (2-Day),95.0,85.4,2.71,63507,4.2,NORMAL,Normal Network Operations
2024,Q3,2,2024-06-08,2024-06-14,Southern,Texas 2 (Houston/Gulf),TX,Texas,First-Class Mail (3-5 Day),93.0,85.2,4.67,47724,3.5,NORMAL,Normal Network Operations
2024,Q3,2,2024-06-08,2024-06-14,Southern,Texas 2 (Houston/Gulf),TX,Texas,USPS Marketing Mail,95.0,87.1,5.19,43712,2.7,NORMAL,Normal Network Operations
2024,Q3,2,2024-06-08,2024-06-14,Southern,Texas 2 (Houston/Gulf),TX,Texas,Package Services / Ground Adv,92.0,85.8,3.81,18213,4.4,NORMAL,Normal Network Operations
2024,Q3,2,2024-06-08,2024-06-14,Southern,Texas 2 (Houston/Gulf),TX,Texas,Periodicals,90.0,83.0,5.88,9595,4.8,NORMAL,Normal Network Operations
2024,Q3,2,2024-06-08,2024-06-14,WestPac,Washington,WA,Washington,First-Class Mail (2-Day),95.0,92.3,2.41,16807,2.3,NORMAL,Normal Network Operations
2024,Q3,2,2024-06-08,2024-06-14,WestPac,Washington,WA,Washington,First-Class Mail (3-5 Day),93.0,92.1,4.21,12035,1.9,NORMAL,Normal Network Operations
2024,Q3,2,2024-06-08,2024-06-14,WestPac,Washington,WA,Washington,USPS Marketing Mail,95.0,95.0,4.77,10366,1.5,NORMAL,Normal Network Operations
2024,Q3,2,2024-06-08,2024-06-14,WestPac,Washington,WA,Washington,Package Services / Ground Adv,92.0,92.3,3.73,4344,1.5,NORMAL,Normal Network Operations
2024,Q3,2,2024-06-08,2024-06-14,WestPac,Washington,WA,Washington,Periodicals,90.0,90.8,5.37,2407,2.4,NORMAL,Normal Network Operations
2024,Q3,2,2024-06-08,2024-06-14,WestPac,Oregon/Idaho,OR,Oregon,First-Class Mail (2-Day),95.0,94.4,2.31,14773,1.4,NORMAL,Normal Network Operations
2024,Q3,2,2024-06-08,2024-06-14,WestPac,Oregon/Idaho,OR,Oregon,First-Class Mail (3-5 Day),93.0,90.6,4.22,10685,2.3,NORMAL,Normal Network Operations
2024,Q3,2,2024-06-08,2024-06-14,WestPac,Oregon/Idaho,OR,Oregon,USPS Marketing Mail,95.0,95.0,4.68,11713,1.5,NORMAL,Normal Network Operations
2024,Q3,2,2024-06-08,2024-06-14,WestPac,Oregon/Idaho,OR,Oregon,Package Services / Ground Adv,92.0,91.8,3.73,4735,2.5,NORMAL,Normal Network Operations
2024,Q3,2,2024-06-08,2024-06-14,WestPac,Oregon/Idaho,OR,Oregon,Periodicals,90.0,90.1,5.46,2136,1.9,NORMAL,Normal Network Operations
2024,Q3,2,2024-06-08,2024-06-14,WestPac,California 1 (Bay Area),CA,California,First-Class Mail (2-Day),95.0,91.0,2.5,60588,2.0,NORMAL,Normal Network Operations
2024,Q3,2,2024-06-08,2024-06-14,WestPac,California 1 (Bay Area),CA,California,First-Class Mail (3-5 Day),93.0,89.1,4.48,43574,3.1,NORMAL,Normal Network Operations
2024,Q3,2,2024-06-08,2024-06-14,WestPac,California 1 (Bay Area),CA,California,USPS Marketing Mail,95.0,93.2,4.8,46387,1.2,NORMAL,Normal Network Operations
2024,Q3,2,2024-06-08,2024-06-14,WestPac,California 1 (Bay Area),CA,California,Package Services / Ground Adv,92.0,89.8,3.67,17727,2.0,NORMAL,Normal Network Operations
2024,Q3,2,2024-06-08,2024-06-14,WestPac,California 1 (Bay Area),CA,California,Periodicals,90.0,88.4,5.55,8727,3.5,NORMAL,Normal Network Operations
2024,Q3,2,2024-06-08,2024-06-14,WestPac,Nevada,NV,Nevada,First-Class Mail (2-Day),95.0,92.3,2.44,16038,2.4,NORMAL,Normal Network Operations
2024,Q3,2,2024-06-08,2024-06-14,WestPac,Nevada,NV,Nevada,First-Class Mail (3-5 Day),93.0,90.3,4.21,11695,1.9,NORMAL,Normal Network Operations
2024,Q3,2,2024-06-08,2024-06-14,WestPac,Nevada,NV,Nevada,USPS Marketing Mail,95.0,94.3,4.71,11197,1.4,NORMAL,Normal Network Operations
2024,Q3,2,2024-06-08,2024-06-14,WestPac,Nevada,NV,Nevada,Package Services / Ground Adv,92.0,92.3,3.52,4318,2.1,NORMAL,Normal Network Operations
2024,Q3,2,2024-06-08,2024-06-14,WestPac,Nevada,NV,Nevada,Periodicals,90.0,90.3,5.29,2230,2.9,NORMAL,Normal Network Operations
2024,Q3,2,2024-06-08,2024-06-14,WestPac,Oregon/Idaho,ID,Idaho,First-Class Mail (2-Day),95.0,94.5,2.41,14645,1.1,NORMAL,Normal Network Operations
2024,Q3,2,2024-06-08,2024-06-14,WestPac,Oregon/Idaho,ID,Idaho,First-Class Mail (3-5 Day),93.0,91.9,4.24,10619,2.0,NORMAL,Normal Network Operations
2024,Q3,2,2024-06-08,2024-06-14,WestPac,Oregon/Idaho,ID,Idaho,USPS Marketing Mail,95.0,94.4,4.59,10719,1.4,NORMAL,Normal Network Operations
2024,Q3,2,2024-06-08,2024-06-14,WestPac,Oregon/Idaho,ID,Idaho,Package Services / Ground Adv,92.0,93.2,3.56,4722,1.3,NORMAL,Normal Network Operations
2024,Q3,2,2024-06-08,2024-06-14,WestPac,Oregon/Idaho,ID,Idaho,Periodicals,90.0,90.4,5.38,2090,2.4,NORMAL,Normal Network Operations
2024,Q3,2,2024-06-08,2024-06-14,WestPac,Montana/Wyoming,MT,Montana,First-Class Mail (2-Day),95.0,94.4,2.46,15487,1.6,NORMAL,Normal Network Operations
2024,Q3,2,2024-06-08,2024-06-14,WestPac,Montana/Wyoming,MT,Montana,First-Class Mail (3-5 Day),93.0,93.1,4.18,10431,2.0,NORMAL,Normal Network Operations
2024,Q3,2,2024-06-08,2024-06-14,WestPac,Montana/Wyoming,MT,Montana,USPS Marketing Mail,95.0,94.9,4.8,12032,1.0,NORMAL,Normal Network Operations
2024,Q3,2,2024-06-08,2024-06-14,WestPac,Montana/Wyoming,MT,Montana,Package Services / Ground Adv,92.0,92.5,3.46,4434,2.3,NORMAL,Normal Network Operations
2024,Q3,2,2024-06-08,2024-06-14,WestPac,Montana/Wyoming,MT,Montana,Periodicals,90.0,91.6,5.46,2302,2.4,NORMAL,Normal Network Operations
2024,Q3,2,2024-06-08,2024-06-14,WestPac,Montana/Wyoming,WY,Wyoming,First-Class Mail (2-Day),95.0,94.1,2.38,16681,1.9,NORMAL,Normal Network Operations
2024,Q3,2,2024-06-08,2024-06-14,WestPac,Montana/Wyoming,WY,Wyoming,First-Class Mail (3-5 Day),93.0,93.1,4.21,11541,1.6,NORMAL,Normal Network Operations
2024,Q3,2,2024-06-08,2024-06-14,WestPac,Montana/Wyoming,WY,Wyoming,USPS Marketing Mail,95.0,95.2,4.61,10671,1.3,NORMAL,Normal Network Operations
2024,Q3,2,2024-06-08,2024-06-14,WestPac,Montana/Wyoming,WY,Wyoming,Package Services / Ground Adv,92.0,93.4,3.61,4300,1.7,NORMAL,Normal Network Operations
2024,Q3,2,2024-06-08,2024-06-14,WestPac,Montana/Wyoming,WY,Wyoming,Periodicals,90.0,89.6,5.38,2312,1.9,NORMAL,Normal Network Operations
2024,Q3,2,2024-06-08,2024-06-14,WestPac,Utah,UT,Utah,First-Class Mail (2-Day),95.0,94.2,2.49,15113,1.5,NORMAL,Normal Network Operations
2024,Q3,2,2024-06-08,2024-06-14,WestPac,Utah,UT,Utah,First-Class Mail (3-5 Day),93.0,91.5,4.36,11655,1.9,NORMAL,Normal Network Operations
2024,Q3,2,2024-06-08,2024-06-14,WestPac,Utah,UT,Utah,USPS Marketing Mail,95.0,94.0,4.69,11728,1.8,NORMAL,Normal Network Operations
2024,Q3,2,2024-06-08,2024-06-14,WestPac,Utah,UT,Utah,Package Services / Ground Adv,92.0,94.0,3.44,4212,1.1,NORMAL,Normal Network Operations
2024,Q3,2,2024-06-08,2024-06-14,WestPac,Utah,UT,Utah,Periodicals,90.0,89.5,5.49,2087,2.8,NORMAL,Normal Network Operations
2024,Q3,2,2024-06-08,2024-06-14,WestPac,Colorado,CO,Colorado,First-Class Mail (2-Day),95.0,94.0,2.34,15037,1.4,NORMAL,Normal Network Operations
2024,Q3,2,2024-06-08,2024-06-14,WestPac,Colorado,CO,Colorado,First-Class Mail (3-5 Day),93.0,92.1,4.21,10870,1.5,NORMAL,Normal Network Operations
2024,Q3,2,2024-06-08,2024-06-14,WestPac,Colorado,CO,Colorado,USPS Marketing Mail,95.0,95.0,4.62,11426,1.4,NORMAL,Normal Network Operations
2024,Q3,2,2024-06-08,2024-06-14,WestPac,Colorado,CO,Colorado,Package Services / Ground Adv,92.0,92.8,3.52,4243,1.6,NORMAL,Normal Network Operations
2024,Q3,2,2024-06-08,2024-06-14,WestPac,Colorado,CO,Colorado,Periodicals,90.0,90.3,5.35,2091,2.0,NORMAL,Normal Network Operations
2024,Q3,2,2024-06-08,2024-06-14,WestPac,Arizona/New Mexico,AZ,Arizona,First-Class Mail (2-Day),95.0,94.3,2.51,16067,1.7,NORMAL,Normal Network Operations
2024,Q3,2,2024-06-08,2024-06-14,WestPac,Arizona/New Mexico,AZ,Arizona,First-Class Mail (3-5 Day),93.0,90.8,4.4,12044,2.3,NORMAL,Normal Network Operations
2024,Q3,2,2024-06-08,2024-06-14,WestPac,Arizona/New Mexico,AZ,Arizona,USPS Marketing Mail,95.0,94.4,4.65,11099,1.6,NORMAL,Normal Network Operations
2024,Q3,2,2024-06-08,2024-06-14,WestPac,Arizona/New Mexico,AZ,Arizona,Package Services / Ground Adv,92.0,91.4,3.71,4480,2.0,NORMAL,Normal Network Operations
2024,Q3,2,2024-06-08,2024-06-14,WestPac,Arizona/New Mexico,AZ,Arizona,Periodicals,90.0,90.5,5.45,2360,2.1,NORMAL,Normal Network Operations
2024,Q3,2,2024-06-08,2024-06-14,WestPac,Arizona/New Mexico,NM,New Mexico,First-Class Mail (2-Day),95.0,93.8,2.55,15894,1.6,NORMAL,Normal Network Operations
2024,Q3,2,2024-06-08,2024-06-14,WestPac,Arizona/New Mexico,NM,New Mexico,First-Class Mail (3-5 Day),93.0,89.7,4.25,11514,2.2,NORMAL,Normal Network Operations
2024,Q3,2,2024-06-08,2024-06-14,WestPac,Arizona/New Mexico,NM,New Mexico,USPS Marketing Mail,95.0,94.6,4.57,11654,1.6,NORMAL,Normal Network Operations
2024,Q3,2,2024-06-08,2024-06-14,WestPac,Arizona/New Mexico,NM,New Mexico,Package Services / Ground Adv,92.0,91.1,3.71,4574,1.9,NORMAL,Normal Network Operations
2024,Q3,2,2024-06-08,2024-06-14,WestPac,Arizona/New Mexico,NM,New Mexico,Periodicals,90.0,90.2,5.48,2330,2.0,NORMAL,Normal Network Operations
2024,Q3,2,2024-06-08,2024-06-14,WestPac,Alaska,AK,Alaska,First-Class Mail (2-Day),95.0,89.9,2.72,15329,2.5,NORMAL,Normal Network Operations
2024,Q3,2,2024-06-08,2024-06-14,WestPac,Alaska,AK,Alaska,First-Class Mail (3-5 Day),93.0,88.7,4.5,12081,2.1,NORMAL,Normal Network Operations
2024,Q3,2,2024-06-08,2024-06-14,WestPac,Alaska,AK,Alaska,USPS Marketing Mail,95.0,89.7,4.92,10786,3.3,NORMAL,Normal Network Operations
2024,Q3,2,2024-06-08,2024-06-14,WestPac,Alaska,AK,Alaska,Package Services / Ground Adv,92.0,89.1,3.87,4537,2.3,NORMAL,Normal Network Operations
2024,Q3,2,2024-06-08,2024-06-14,WestPac,Alaska,AK,Alaska,Periodicals,90.0,87.0,5.57,2199,3.0,NORMAL,Normal Network Operations
2024,Q3,2,2024-06-08,2024-06-14,WestPac,Hawaii/Pacific,HI,Hawaii,First-Class Mail (2-Day),95.0,90.5,2.59,14738,2.4,NORMAL,Normal Network Operations
2024,Q3,2,2024-06-08,2024-06-14,WestPac,Hawaii/Pacific,HI,Hawaii,First-Class Mail (3-5 Day),93.0,90.1,4.4,11995,2.4,NORMAL,Normal Network Operations
2024,Q3,2,2024-06-08,2024-06-14,WestPac,Hawaii/Pacific,HI,Hawaii,USPS Marketing Mail,95.0,91.6,4.85,10748,2.0,NORMAL,Normal Network Operations
2024,Q3,2,2024-06-08,2024-06-14,WestPac,Hawaii/Pacific,HI,Hawaii,Package Services / Ground Adv,92.0,89.3,3.87,4556,2.3,NORMAL,Normal Network Operations
2024,Q3,2,2024-06-08,2024-06-14,WestPac,Hawaii/Pacific,HI,Hawaii,Periodicals,90.0,87.4,5.5,2206,2.5,NORMAL,Normal Network Operations
2024,Q3,3,2024-06-15,2024-06-21,Atlantic,Northern New England,ME,Maine,First-Class Mail (2-Day),95.0,94.6,2.43,16215,1.3,NORMAL,Normal Network Operations
2024,Q3,3,2024-06-15,2024-06-21,Atlantic,Northern New England,ME,Maine,First-Class Mail (3-5 Day),93.0,91.0,4.39,11505,2.7,NORMAL,Normal Network Operations
2024,Q3,3,2024-06-15,2024-06-21,Atlantic,Northern New England,ME,Maine,USPS Marketing Mail,95.0,94.6,4.76,10654,1.1,NORMAL,Normal Network Operations
2024,Q3,3,2024-06-15,2024-06-21,Atlantic,Northern New England,ME,Maine,Package Services / Ground Adv,92.0,93.3,3.66,4530,1.7,NORMAL,Normal Network Operations
2024,Q3,3,2024-06-15,2024-06-21,Atlantic,Northern New England,ME,Maine,Periodicals,90.0,90.6,5.26,2374,1.8,NORMAL,Normal Network Operations
2024,Q3,3,2024-06-15,2024-06-21,Atlantic,Northern New England,NH,New Hampshire,First-Class Mail (2-Day),95.0,94.6,2.46,15529,1.5,NORMAL,Normal Network Operations
2024,Q3,3,2024-06-15,2024-06-21,Atlantic,Northern New England,NH,New Hampshire,First-Class Mail (3-5 Day),93.0,92.1,4.27,10366,1.7,NORMAL,Normal Network Operations
2024,Q3,3,2024-06-15,2024-06-21,Atlantic,Northern New England,NH,New Hampshire,USPS Marketing Mail,95.0,94.3,4.73,11550,1.3,NORMAL,Normal Network Operations
2024,Q3,3,2024-06-15,2024-06-21,Atlantic,Northern New England,NH,New Hampshire,Package Services / Ground Adv,92.0,92.8,3.57,4144,1.8,NORMAL,Normal Network Operations
2024,Q3,3,2024-06-15,2024-06-21,Atlantic,Northern New England,NH,New Hampshire,Periodicals,90.0,90.1,5.42,2168,1.8,NORMAL,Normal Network Operations
2024,Q3,3,2024-06-15,2024-06-21,Atlantic,Northern New England,VT,Vermont,First-Class Mail (2-Day),95.0,95.2,2.44,16188,0.9,NORMAL,Normal Network Operations
2024,Q3,3,2024-06-15,2024-06-21,Atlantic,Northern New England,VT,Vermont,First-Class Mail (3-5 Day),93.0,92.6,4.08,10523,2.3,NORMAL,Normal Network Operations
2024,Q3,3,2024-06-15,2024-06-21,Atlantic,Northern New England,VT,Vermont,USPS Marketing Mail,95.0,94.1,4.72,11817,1.2,NORMAL,Normal Network Operations
2024,Q3,3,2024-06-15,2024-06-21,Atlantic,Northern New England,VT,Vermont,Package Services / Ground Adv,92.0,92.5,3.56,4432,1.8,NORMAL,Normal Network Operations
2024,Q3,3,2024-06-15,2024-06-21,Atlantic,Northern New England,VT,Vermont,Periodicals,90.0,90.8,5.3,2316,2.9,NORMAL,Normal Network Operations
2024,Q3,3,2024-06-15,2024-06-21,Atlantic,Boston,MA,Massachusetts,First-Class Mail (2-Day),95.0,93.2,2.55,16404,1.8,NORMAL,Normal Network Operations
2024,Q3,3,2024-06-15,2024-06-21,Atlantic,Boston,MA,Massachusetts,First-Class Mail (3-5 Day),93.0,89.2,4.37,10451,2.5,NORMAL,Normal Network Operations
2024,Q3,3,2024-06-15,2024-06-21,Atlantic,Boston,MA,Massachusetts,USPS Marketing Mail,95.0,92.0,4.81,11131,1.6,NORMAL,Normal Network Operations
2024,Q3,3,2024-06-15,2024-06-21,Atlantic,Boston,MA,Massachusetts,Package Services / Ground Adv,92.0,92.1,3.71,4208,2.0,NORMAL,Normal Network Operations
2024,Q3,3,2024-06-15,2024-06-21,Atlantic,Boston,MA,Massachusetts,Periodicals,90.0,89.0,5.39,2382,2.0,NORMAL,Normal Network Operations
2024,Q3,3,2024-06-15,2024-06-21,Atlantic,Boston,RI,Rhode Island,First-Class Mail (2-Day),95.0,93.8,2.3,14677,1.5,NORMAL,Normal Network Operations
2024,Q3,3,2024-06-15,2024-06-21,Atlantic,Boston,RI,Rhode Island,First-Class Mail (3-5 Day),93.0,91.7,4.25,10409,2.5,NORMAL,Normal Network Operations
2024,Q3,3,2024-06-15,2024-06-21,Atlantic,Boston,RI,Rhode Island,USPS Marketing Mail,95.0,94.7,4.8,11406,1.2,NORMAL,Normal Network Operations
2024,Q3,3,2024-06-15,2024-06-21,Atlantic,Boston,RI,Rhode Island,Package Services / Ground Adv,92.0,92.5,3.56,4195,2.1,NORMAL,Normal Network Operations
2024,Q3,3,2024-06-15,2024-06-21,Atlantic,Boston,RI,Rhode Island,Periodicals,90.0,88.6,5.58,2210,2.4,NORMAL,Normal Network Operations
2024,Q3,3,2024-06-15,2024-06-21,Atlantic,Connecticut,CT,Connecticut,First-Class Mail (2-Day),95.0,94.1,2.48,14842,1.3,NORMAL,Normal Network Operations
2024,Q3,3,2024-06-15,2024-06-21,Atlantic,Connecticut,CT,Connecticut,First-Class Mail (3-5 Day),93.0,92.1,4.21,12103,2.2,NORMAL,Normal Network Operations
2024,Q3,3,2024-06-15,2024-06-21,Atlantic,Connecticut,CT,Connecticut,USPS Marketing Mail,95.0,92.8,4.87,10963,1.7,NORMAL,Normal Network Operations
2024,Q3,3,2024-06-15,2024-06-21,Atlantic,Connecticut,CT,Connecticut,Package Services / Ground Adv,92.0,92.7,3.55,4696,2.3,NORMAL,Normal Network Operations
2024,Q3,3,2024-06-15,2024-06-21,Atlantic,Connecticut,CT,Connecticut,Periodicals,90.0,88.5,5.62,2246,2.5,NORMAL,Normal Network Operations
2024,Q3,3,2024-06-15,2024-06-21,Atlantic,New York 2 (Metro),NY,New York,First-Class Mail (2-Day),95.0,90.9,2.55,64811,2.8,NORMAL,Normal Network Operations
2024,Q3,3,2024-06-15,2024-06-21,Atlantic,New York 2 (Metro),NY,New York,First-Class Mail (3-5 Day),93.0,89.4,4.38,47145,2.0,NORMAL,Normal Network Operations
2024,Q3,3,2024-06-15,2024-06-21,Atlantic,New York 2 (Metro),NY,New York,USPS Marketing Mail,95.0,92.5,4.7,46524,1.4,NORMAL,Normal Network Operations
2024,Q3,3,2024-06-15,2024-06-21,Atlantic,New York 2 (Metro),NY,New York,Package Services / Ground Adv,92.0,90.5,3.64,16866,2.7,NORMAL,Normal Network Operations
2024,Q3,3,2024-06-15,2024-06-21,Atlantic,New York 2 (Metro),NY,New York,Periodicals,90.0,86.5,5.55,8668,3.0,NORMAL,Normal Network Operations
2024,Q3,3,2024-06-15,2024-06-21,Atlantic,New Jersey,NJ,New Jersey,First-Class Mail (2-Day),95.0,90.9,2.56,15887,1.9,NORMAL,Normal Network Operations
2024,Q3,3,2024-06-15,2024-06-21,Atlantic,New Jersey,NJ,New Jersey,First-Class Mail (3-5 Day),93.0,89.4,4.31,10517,1.9,NORMAL,Normal Network Operations
2024,Q3,3,2024-06-15,2024-06-21,Atlantic,New Jersey,NJ,New Jersey,USPS Marketing Mail,95.0,92.8,4.74,10875,1.6,NORMAL,Normal Network Operations
2024,Q3,3,2024-06-15,2024-06-21,Atlantic,New Jersey,NJ,New Jersey,Package Services / Ground Adv,92.0,90.5,3.8,4791,1.8,NORMAL,Normal Network Operations
2024,Q3,3,2024-06-15,2024-06-21,Atlantic,New Jersey,NJ,New Jersey,Periodicals,90.0,89.4,5.36,2207,2.8,NORMAL,Normal Network Operations
2024,Q3,3,2024-06-15,2024-06-21,Atlantic,Philadelphia,PA,Pennsylvania,First-Class Mail (2-Day),95.0,91.7,2.53,14649,1.8,NORMAL,Normal Network Operations
2024,Q3,3,2024-06-15,2024-06-21,Atlantic,Philadelphia,PA,Pennsylvania,First-Class Mail (3-5 Day),93.0,90.2,4.3,10488,2.3,NORMAL,Normal Network Operations
2024,Q3,3,2024-06-15,2024-06-21,Atlantic,Philadelphia,PA,Pennsylvania,USPS Marketing Mail,95.0,92.8,4.81,11418,1.5,NORMAL,Normal Network Operations
2024,Q3,3,2024-06-15,2024-06-21,Atlantic,Philadelphia,PA,Pennsylvania,Package Services / Ground Adv,92.0,90.9,3.62,4823,1.8,NORMAL,Normal Network Operations
2024,Q3,3,2024-06-15,2024-06-21,Atlantic,Philadelphia,PA,Pennsylvania,Periodicals,90.0,88.7,5.56,2188,3.0,NORMAL,Normal Network Operations
2024,Q3,3,2024-06-15,2024-06-21,Atlantic,Maryland/Delaware,DE,Delaware,First-Class Mail (2-Day),95.0,92.8,2.57,16945,2.1,NORMAL,Normal Network Operations
2024,Q3,3,2024-06-15,2024-06-21,Atlantic,Maryland/Delaware,DE,Delaware,First-Class Mail (3-5 Day),93.0,90.1,4.43,10711,2.2,NORMAL,Normal Network Operations
2024,Q3,3,2024-06-15,2024-06-21,Atlantic,Maryland/Delaware,DE,Delaware,USPS Marketing Mail,95.0,93.6,4.86,10874,2.0,NORMAL,Normal Network Operations
2024,Q3,3,2024-06-15,2024-06-21,Atlantic,Maryland/Delaware,DE,Delaware,Package Services / Ground Adv,92.0,92.7,3.6,4314,1.8,NORMAL,Normal Network Operations
2024,Q3,3,2024-06-15,2024-06-21,Atlantic,Maryland/Delaware,DE,Delaware,Periodicals,90.0,89.4,5.42,2110,3.1,NORMAL,Normal Network Operations
2024,Q3,3,2024-06-15,2024-06-21,Atlantic,Maryland/Delaware,MD,Maryland,First-Class Mail (2-Day),95.0,91.9,2.53,16207,2.1,NORMAL,Normal Network Operations
2024,Q3,3,2024-06-15,2024-06-21,Atlantic,Maryland/Delaware,MD,Maryland,First-Class Mail (3-5 Day),93.0,89.6,4.32,11625,3.3,NORMAL,Normal Network Operations
2024,Q3,3,2024-06-15,2024-06-21,Atlantic,Maryland/Delaware,MD,Maryland,USPS Marketing Mail,95.0,92.4,4.85,11824,1.7,NORMAL,Normal Network Operations
2024,Q3,3,2024-06-15,2024-06-21,Atlantic,Maryland/Delaware,MD,Maryland,Package Services / Ground Adv,92.0,91.4,3.64,4596,2.0,NORMAL,Normal Network Operations
2024,Q3,3,2024-06-15,2024-06-21,Atlantic,Maryland/Delaware,MD,Maryland,Periodicals,90.0,87.6,5.59,2354,3.4,NORMAL,Normal Network Operations
2024,Q3,3,2024-06-15,2024-06-21,Atlantic,Capital,DC,District of Columbia,First-Class Mail (2-Day),95.0,89.5,2.63,15500,3.3,NORMAL,Normal Network Operations
2024,Q3,3,2024-06-15,2024-06-21,Atlantic,Capital,DC,District of Columbia,First-Class Mail (3-5 Day),93.0,88.3,4.45,11328,3.6,NORMAL,Normal Network Operations
2024,Q3,3,2024-06-15,2024-06-21,Atlantic,Capital,DC,District of Columbia,USPS Marketing Mail,95.0,92.0,4.92,11316,1.8,NORMAL,Normal Network Operations
2024,Q3,3,2024-06-15,2024-06-21,Atlantic,Capital,DC,District of Columbia,Package Services / Ground Adv,92.0,89.8,3.8,4613,2.0,NORMAL,Normal Network Operations
2024,Q3,3,2024-06-15,2024-06-21,Atlantic,Capital,DC,District of Columbia,Periodicals,90.0,86.7,5.46,2424,3.6,NORMAL,Normal Network Operations
2024,Q3,3,2024-06-15,2024-06-21,Atlantic,Virginia,VA,Virginia,First-Class Mail (2-Day),95.0,93.2,2.52,16923,1.6,NORMAL,Normal Network Operations
2024,Q3,3,2024-06-15,2024-06-21,Atlantic,Virginia,VA,Virginia,First-Class Mail (3-5 Day),93.0,90.4,4.23,11269,1.7,NORMAL,Normal Network Operations
2024,Q3,3,2024-06-15,2024-06-21,Atlantic,Virginia,VA,Virginia,USPS Marketing Mail,95.0,93.6,4.76,11152,1.7,NORMAL,Normal Network Operations
2024,Q3,3,2024-06-15,2024-06-21,Atlantic,Virginia,VA,Virginia,Package Services / Ground Adv,92.0,91.5,3.66,4500,2.4,NORMAL,Normal Network Operations
2024,Q3,3,2024-06-15,2024-06-21,Atlantic,Virginia,VA,Virginia,Periodicals,90.0,88.9,5.36,2219,2.0,NORMAL,Normal Network Operations
2024,Q3,3,2024-06-15,2024-06-21,Atlantic,Appalachian,WV,West Virginia,First-Class Mail (2-Day),95.0,93.0,2.58,14847,1.4,NORMAL,Normal Network Operations
2024,Q3,3,2024-06-15,2024-06-21,Atlantic,Appalachian,WV,West Virginia,First-Class Mail (3-5 Day),93.0,89.2,4.28,11219,2.6,NORMAL,Normal Network Operations
2024,Q3,3,2024-06-15,2024-06-21,Atlantic,Appalachian,WV,West Virginia,USPS Marketing Mail,95.0,92.6,4.84,10924,1.8,NORMAL,Normal Network Operations
2024,Q3,3,2024-06-15,2024-06-21,Atlantic,Appalachian,WV,West Virginia,Package Services / Ground Adv,92.0,90.4,3.59,4751,2.8,NORMAL,Normal Network Operations
2024,Q3,3,2024-06-15,2024-06-21,Atlantic,Appalachian,WV,West Virginia,Periodicals,90.0,88.8,5.38,2424,3.1,NORMAL,Normal Network Operations
2024,Q3,3,2024-06-15,2024-06-21,Atlantic,North Carolina,NC,North Carolina,First-Class Mail (2-Day),95.0,91.9,2.43,15900,1.7,NORMAL,Normal Network Operations
2024,Q3,3,2024-06-15,2024-06-21,Atlantic,North Carolina,NC,North Carolina,First-Class Mail (3-5 Day),93.0,91.4,4.22,10682,1.8,NORMAL,Normal Network Operations
2024,Q3,3,2024-06-15,2024-06-21,Atlantic,North Carolina,NC,North Carolina,USPS Marketing Mail,95.0,93.6,4.61,11455,1.5,NORMAL,Normal Network Operations
2024,Q3,3,2024-06-15,2024-06-21,Atlantic,North Carolina,NC,North Carolina,Package Services / Ground Adv,92.0,90.8,3.64,4647,2.4,NORMAL,Normal Network Operations
2024,Q3,3,2024-06-15,2024-06-21,Atlantic,North Carolina,NC,North Carolina,Periodicals,90.0,88.3,5.58,2092,3.3,NORMAL,Normal Network Operations
2024,Q3,3,2024-06-15,2024-06-21,Atlantic,South Carolina,SC,South Carolina,First-Class Mail (2-Day),95.0,91.1,2.48,15311,2.7,NORMAL,Normal Network Operations
2024,Q3,3,2024-06-15,2024-06-21,Atlantic,South Carolina,SC,South Carolina,First-Class Mail (3-5 Day),93.0,89.8,4.42,11299,2.2,NORMAL,Normal Network Operations
2024,Q3,3,2024-06-15,2024-06-21,Atlantic,South Carolina,SC,South Carolina,USPS Marketing Mail,95.0,93.2,4.79,11406,1.8,NORMAL,Normal Network Operations
2024,Q3,3,2024-06-15,2024-06-21,Atlantic,South Carolina,SC,South Carolina,Package Services / Ground Adv,92.0,90.7,3.71,4725,2.8,NORMAL,Normal Network Operations
2024,Q3,3,2024-06-15,2024-06-21,Atlantic,South Carolina,SC,South Carolina,Periodicals,90.0,89.1,5.49,2100,2.4,NORMAL,Normal Network Operations
2024,Q3,3,2024-06-15,2024-06-21,Atlantic,Caribbean,PR,Puerto Rico,First-Class Mail (2-Day),95.0,88.3,2.65,14951,2.3,NORMAL,Normal Network Operations
2024,Q3,3,2024-06-15,2024-06-21,Atlantic,Caribbean,PR,Puerto Rico,First-Class Mail (3-5 Day),93.0,87.5,4.42,10598,3.1,NORMAL,Normal Network Operations
2024,Q3,3,2024-06-15,2024-06-21,Atlantic,Caribbean,PR,Puerto Rico,USPS Marketing Mail,95.0,89.7,4.97,11598,2.1,NORMAL,Normal Network Operations
2024,Q3,3,2024-06-15,2024-06-21,Atlantic,Caribbean,PR,Puerto Rico,Package Services / Ground Adv,92.0,88.5,3.8,4492,3.7,NORMAL,Normal Network Operations
2024,Q3,3,2024-06-15,2024-06-21,Atlantic,Caribbean,PR,Puerto Rico,Periodicals,90.0,84.8,5.66,2089,3.4,NORMAL,Normal Network Operations
2024,Q3,3,2024-06-15,2024-06-21,Central,Ohio 1 (Columbus),OH,Ohio,First-Class Mail (2-Day),95.0,92.9,2.37,16544,1.3,NORMAL,Normal Network Operations
2024,Q3,3,2024-06-15,2024-06-21,Central,Ohio 1 (Columbus),OH,Ohio,First-Class Mail (3-5 Day),93.0,92.1,4.21,11582,2.0,NORMAL,Normal Network Operations
2024,Q3,3,2024-06-15,2024-06-21,Central,Ohio 1 (Columbus),OH,Ohio,USPS Marketing Mail,95.0,93.8,4.72,10498,1.8,NORMAL,Normal Network Operations
2024,Q3,3,2024-06-15,2024-06-21,Central,Ohio 1 (Columbus),OH,Ohio,Package Services / Ground Adv,92.0,91.1,3.6,4337,2.6,NORMAL,Normal Network Operations
2024,Q3,3,2024-06-15,2024-06-21,Central,Ohio 1 (Columbus),OH,Ohio,Periodicals,90.0,89.8,5.41,2337,2.1,NORMAL,Normal Network Operations
2024,Q3,3,2024-06-15,2024-06-21,Central,Michigan 1 (Detroit),MI,Michigan,First-Class Mail (2-Day),95.0,93.0,2.36,14777,1.8,NORMAL,Normal Network Operations
2024,Q3,3,2024-06-15,2024-06-21,Central,Michigan 1 (Detroit),MI,Michigan,First-Class Mail (3-5 Day),93.0,90.9,4.23,11830,2.7,NORMAL,Normal Network Operations
2024,Q3,3,2024-06-15,2024-06-21,Central,Michigan 1 (Detroit),MI,Michigan,USPS Marketing Mail,95.0,92.1,4.82,12131,2.2,NORMAL,Normal Network Operations
2024,Q3,3,2024-06-15,2024-06-21,Central,Michigan 1 (Detroit),MI,Michigan,Package Services / Ground Adv,92.0,90.4,3.76,4354,2.8,NORMAL,Normal Network Operations
2024,Q3,3,2024-06-15,2024-06-21,Central,Michigan 1 (Detroit),MI,Michigan,Periodicals,90.0,90.1,5.37,2364,2.4,NORMAL,Normal Network Operations
2024,Q3,3,2024-06-15,2024-06-21,Central,Indiana,IN,Indiana,First-Class Mail (2-Day),95.0,93.5,2.51,15087,2.1,NORMAL,Normal Network Operations
2024,Q3,3,2024-06-15,2024-06-21,Central,Indiana,IN,Indiana,First-Class Mail (3-5 Day),93.0,92.1,4.17,11629,2.1,NORMAL,Normal Network Operations
2024,Q3,3,2024-06-15,2024-06-21,Central,Indiana,IN,Indiana,USPS Marketing Mail,95.0,94.7,4.58,10721,1.1,NORMAL,Normal Network Operations
2024,Q3,3,2024-06-15,2024-06-21,Central,Indiana,IN,Indiana,Package Services / Ground Adv,92.0,91.9,3.58,4342,1.5,NORMAL,Normal Network Operations
2024,Q3,3,2024-06-15,2024-06-21,Central,Indiana,IN,Indiana,Periodicals,90.0,90.2,5.46,2174,2.2,NORMAL,Normal Network Operations
2024,Q3,3,2024-06-15,2024-06-21,Central,Illinois 1 (Chicago),IL,Illinois,First-Class Mail (2-Day),95.0,90.2,2.74,16201,2.9,NORMAL,Normal Network Operations
2024,Q3,3,2024-06-15,2024-06-21,Central,Illinois 1 (Chicago),IL,Illinois,First-Class Mail (3-5 Day),93.0,87.6,4.51,12003,3.9,NORMAL,Normal Network Operations
2024,Q3,3,2024-06-15,2024-06-21,Central,Illinois 1 (Chicago),IL,Illinois,USPS Marketing Mail,95.0,92.8,4.67,11908,2.2,NORMAL,Normal Network Operations
2024,Q3,3,2024-06-15,2024-06-21,Central,Illinois 1 (Chicago),IL,Illinois,Package Services / Ground Adv,92.0,89.2,3.84,4688,3.0,NORMAL,Normal Network Operations
2024,Q3,3,2024-06-15,2024-06-21,Central,Illinois 1 (Chicago),IL,Illinois,Periodicals,90.0,87.7,5.55,2166,3.1,NORMAL,Normal Network Operations
2024,Q3,3,2024-06-15,2024-06-21,Central,Wisconsin,WI,Wisconsin,First-Class Mail (2-Day),95.0,93.7,2.47,16707,1.5,NORMAL,Normal Network Operations
2024,Q3,3,2024-06-15,2024-06-21,Central,Wisconsin,WI,Wisconsin,First-Class Mail (3-5 Day),93.0,90.7,4.22,12035,2.3,NORMAL,Normal Network Operations
2024,Q3,3,2024-06-15,2024-06-21,Central,Wisconsin,WI,Wisconsin,USPS Marketing Mail,95.0,94.4,4.65,10354,1.8,NORMAL,Normal Network Operations
2024,Q3,3,2024-06-15,2024-06-21,Central,Wisconsin,WI,Wisconsin,Package Services / Ground Adv,92.0,93.6,3.6,4470,1.8,NORMAL,Normal Network Operations
2024,Q3,3,2024-06-15,2024-06-21,Central,Wisconsin,WI,Wisconsin,Periodicals,90.0,90.8,5.26,2262,2.1,NORMAL,Normal Network Operations
2024,Q3,3,2024-06-15,2024-06-21,Central,Northland,MN,Minnesota,First-Class Mail (2-Day),95.0,92.7,2.4,15166,1.8,NORMAL,Normal Network Operations
2024,Q3,3,2024-06-15,2024-06-21,Central,Northland,MN,Minnesota,First-Class Mail (3-5 Day),93.0,92.0,4.24,11369,1.8,NORMAL,Normal Network Operations
2024,Q3,3,2024-06-15,2024-06-21,Central,Northland,MN,Minnesota,USPS Marketing Mail,95.0,94.2,4.75,10437,1.3,NORMAL,Normal Network Operations
2024,Q3,3,2024-06-15,2024-06-21,Central,Northland,MN,Minnesota,Package Services / Ground Adv,92.0,91.4,3.63,4229,2.5,NORMAL,Normal Network Operations
2024,Q3,3,2024-06-15,2024-06-21,Central,Northland,MN,Minnesota,Periodicals,90.0,90.8,5.24,2414,2.2,NORMAL,Normal Network Operations
2024,Q3,3,2024-06-15,2024-06-21,Central,Dakotas,ND,North Dakota,First-Class Mail (2-Day),95.0,93.5,2.34,16127,1.8,NORMAL,Normal Network Operations
2024,Q3,3,2024-06-15,2024-06-21,Central,Dakotas,ND,North Dakota,First-Class Mail (3-5 Day),93.0,91.2,4.19,11528,2.7,NORMAL,Normal Network Operations
2024,Q3,3,2024-06-15,2024-06-21,Central,Dakotas,ND,North Dakota,USPS Marketing Mail,95.0,94.4,4.8,10647,1.3,NORMAL,Normal Network Operations
2024,Q3,3,2024-06-15,2024-06-21,Central,Dakotas,ND,North Dakota,Package Services / Ground Adv,92.0,93.0,3.62,4308,1.6,NORMAL,Normal Network Operations
2024,Q3,3,2024-06-15,2024-06-21,Central,Dakotas,ND,North Dakota,Periodicals,90.0,91.1,5.23,2241,2.5,NORMAL,Normal Network Operations
2024,Q3,3,2024-06-15,2024-06-21,Central,Dakotas,SD,South Dakota,First-Class Mail (2-Day),95.0,93.0,2.51,14513,1.5,NORMAL,Normal Network Operations
2024,Q3,3,2024-06-15,2024-06-21,Central,Dakotas,SD,South Dakota,First-Class Mail (3-5 Day),93.0,92.2,4.34,11110,2.3,NORMAL,Normal Network Operations
2024,Q3,3,2024-06-15,2024-06-21,Central,Dakotas,SD,South Dakota,USPS Marketing Mail,95.0,93.8,4.69,11665,1.2,NORMAL,Normal Network Operations
2024,Q3,3,2024-06-15,2024-06-21,Central,Dakotas,SD,South Dakota,Package Services / Ground Adv,92.0,91.9,3.72,4238,1.8,NORMAL,Normal Network Operations
2024,Q3,3,2024-06-15,2024-06-21,Central,Dakotas,SD,South Dakota,Periodicals,90.0,91.1,5.26,2427,2.5,NORMAL,Normal Network Operations
2024,Q3,3,2024-06-15,2024-06-21,Central,Iowa/Nebraska,IA,Iowa,First-Class Mail (2-Day),95.0,93.6,2.3,16128,1.6,NORMAL,Normal Network Operations
2024,Q3,3,2024-06-15,2024-06-21,Central,Iowa/Nebraska,IA,Iowa,First-Class Mail (3-5 Day),93.0,92.2,4.24,10622,2.2,NORMAL,Normal Network Operations
2024,Q3,3,2024-06-15,2024-06-21,Central,Iowa/Nebraska,IA,Iowa,USPS Marketing Mail,95.0,95.1,4.76,10506,1.4,NORMAL,Normal Network Operations
2024,Q3,3,2024-06-15,2024-06-21,Central,Iowa/Nebraska,IA,Iowa,Package Services / Ground Adv,92.0,92.5,3.61,4416,2.1,NORMAL,Normal Network Operations
2024,Q3,3,2024-06-15,2024-06-21,Central,Iowa/Nebraska,IA,Iowa,Periodicals,90.0,92.1,5.21,2169,1.8,NORMAL,Normal Network Operations
2024,Q3,3,2024-06-15,2024-06-21,Central,Iowa/Nebraska,NE,Nebraska,First-Class Mail (2-Day),95.0,93.2,2.48,16021,1.8,NORMAL,Normal Network Operations
2024,Q3,3,2024-06-15,2024-06-21,Central,Iowa/Nebraska,NE,Nebraska,First-Class Mail (3-5 Day),93.0,92.7,4.27,11535,2.0,NORMAL,Normal Network Operations
2024,Q3,3,2024-06-15,2024-06-21,Central,Iowa/Nebraska,NE,Nebraska,USPS Marketing Mail,95.0,94.5,4.69,11696,1.4,NORMAL,Normal Network Operations
2024,Q3,3,2024-06-15,2024-06-21,Central,Iowa/Nebraska,NE,Nebraska,Package Services / Ground Adv,92.0,92.7,3.69,4827,1.4,NORMAL,Normal Network Operations
2024,Q3,3,2024-06-15,2024-06-21,Central,Iowa/Nebraska,NE,Nebraska,Periodicals,90.0,90.7,5.38,2283,1.8,NORMAL,Normal Network Operations
2024,Q3,3,2024-06-15,2024-06-21,Central,Kansas/Missouri,KS,Kansas,First-Class Mail (2-Day),95.0,93.8,2.56,16843,2.0,NORMAL,Normal Network Operations
2024,Q3,3,2024-06-15,2024-06-21,Central,Kansas/Missouri,KS,Kansas,First-Class Mail (3-5 Day),93.0,90.6,4.3,11007,2.8,NORMAL,Normal Network Operations
2024,Q3,3,2024-06-15,2024-06-21,Central,Kansas/Missouri,KS,Kansas,USPS Marketing Mail,95.0,94.9,4.79,11736,1.5,NORMAL,Normal Network Operations
2024,Q3,3,2024-06-15,2024-06-21,Central,Kansas/Missouri,KS,Kansas,Package Services / Ground Adv,92.0,91.5,3.58,4168,1.6,NORMAL,Normal Network Operations
2024,Q3,3,2024-06-15,2024-06-21,Central,Kansas/Missouri,KS,Kansas,Periodicals,90.0,89.1,5.46,2296,3.2,NORMAL,Normal Network Operations
2024,Q3,3,2024-06-15,2024-06-21,Central,Kansas/Missouri,MO,Missouri,First-Class Mail (2-Day),95.0,92.8,2.53,14697,1.7,NORMAL,Normal Network Operations
2024,Q3,3,2024-06-15,2024-06-21,Central,Kansas/Missouri,MO,Missouri,First-Class Mail (3-5 Day),93.0,90.7,4.22,10907,2.5,NORMAL,Normal Network Operations
2024,Q3,3,2024-06-15,2024-06-21,Central,Kansas/Missouri,MO,Missouri,USPS Marketing Mail,95.0,93.6,4.82,11315,1.3,NORMAL,Normal Network Operations
2024,Q3,3,2024-06-15,2024-06-21,Central,Kansas/Missouri,MO,Missouri,Package Services / Ground Adv,92.0,91.5,3.73,4630,2.3,NORMAL,Normal Network Operations
2024,Q3,3,2024-06-15,2024-06-21,Central,Kansas/Missouri,MO,Missouri,Periodicals,90.0,88.3,5.56,2374,3.3,NORMAL,Normal Network Operations
2024,Q3,3,2024-06-15,2024-06-21,Southern,Georgia (Atlanta),GA,Georgia,First-Class Mail (2-Day),95.0,69.1,3.65,16024,7.4,CRITICAL,Palmetto RPDC Consolidation / Sorter Integration Delays
2024,Q3,3,2024-06-15,2024-06-21,Southern,Georgia (Atlanta),GA,Georgia,First-Class Mail (3-5 Day),93.0,66.9,5.37,11624,9.4,CRITICAL,Palmetto RPDC Consolidation / Sorter Integration Delays
2024,Q3,3,2024-06-15,2024-06-21,Southern,Georgia (Atlanta),GA,Georgia,USPS Marketing Mail,95.0,65.9,6.13,11759,10.7,CRITICAL,Palmetto RPDC Consolidation / Sorter Integration Delays
2024,Q3,3,2024-06-15,2024-06-21,Southern,Georgia (Atlanta),GA,Georgia,Package Services / Ground Adv,92.0,64.0,5.09,4333,7.1,CRITICAL,Palmetto RPDC Consolidation / Sorter Integration Delays
2024,Q3,3,2024-06-15,2024-06-21,Southern,Georgia (Atlanta),GA,Georgia,Periodicals,90.0,64.0,6.8,2167,6.6,CRITICAL,Palmetto RPDC Consolidation / Sorter Integration Delays
2024,Q3,3,2024-06-15,2024-06-21,Southern,Florida 1 (Central),FL,Florida,First-Class Mail (2-Day),95.0,91.7,2.55,58736,2.3,NORMAL,Normal Network Operations
2024,Q3,3,2024-06-15,2024-06-21,Southern,Florida 1 (Central),FL,Florida,First-Class Mail (3-5 Day),93.0,90.4,4.29,45481,2.2,NORMAL,Normal Network Operations
2024,Q3,3,2024-06-15,2024-06-21,Southern,Florida 1 (Central),FL,Florida,USPS Marketing Mail,95.0,93.2,4.65,45532,1.5,NORMAL,Normal Network Operations
2024,Q3,3,2024-06-15,2024-06-21,Southern,Florida 1 (Central),FL,Florida,Package Services / Ground Adv,92.0,92.2,3.61,16686,1.7,NORMAL,Normal Network Operations
2024,Q3,3,2024-06-15,2024-06-21,Southern,Florida 1 (Central),FL,Florida,Periodicals,90.0,90.1,5.4,8831,2.1,NORMAL,Normal Network Operations
2024,Q3,3,2024-06-15,2024-06-21,Southern,Alabama/Mississippi,AL,Alabama,First-Class Mail (2-Day),95.0,90.7,2.68,15883,2.9,NORMAL,Normal Network Operations
2024,Q3,3,2024-06-15,2024-06-21,Southern,Alabama/Mississippi,AL,Alabama,First-Class Mail (3-5 Day),93.0,90.3,4.28,10929,2.8,NORMAL,Normal Network Operations
2024,Q3,3,2024-06-15,2024-06-21,Southern,Alabama/Mississippi,AL,Alabama,USPS Marketing Mail,95.0,92.1,4.75,10490,2.2,NORMAL,Normal Network Operations
2024,Q3,3,2024-06-15,2024-06-21,Southern,Alabama/Mississippi,AL,Alabama,Package Services / Ground Adv,92.0,90.2,3.81,4269,2.5,NORMAL,Normal Network Operations
2024,Q3,3,2024-06-15,2024-06-21,Southern,Alabama/Mississippi,AL,Alabama,Periodicals,90.0,88.7,5.6,2094,3.6,NORMAL,Normal Network Operations
2024,Q3,3,2024-06-15,2024-06-21,Southern,Alabama/Mississippi,MS,Mississippi,First-Class Mail (2-Day),95.0,90.8,2.67,15314,2.0,NORMAL,Normal Network Operations
2024,Q3,3,2024-06-15,2024-06-21,Southern,Alabama/Mississippi,MS,Mississippi,First-Class Mail (3-5 Day),93.0,88.8,4.29,11364,2.0,NORMAL,Normal Network Operations
2024,Q3,3,2024-06-15,2024-06-21,Southern,Alabama/Mississippi,MS,Mississippi,USPS Marketing Mail,95.0,91.2,4.85,11415,2.4,NORMAL,Normal Network Operations
2024,Q3,3,2024-06-15,2024-06-21,Southern,Alabama/Mississippi,MS,Mississippi,Package Services / Ground Adv,92.0,89.9,3.64,4788,2.9,NORMAL,Normal Network Operations
2024,Q3,3,2024-06-15,2024-06-21,Southern,Alabama/Mississippi,MS,Mississippi,Periodicals,90.0,88.0,5.38,2217,2.6,NORMAL,Normal Network Operations
2024,Q3,3,2024-06-15,2024-06-21,Southern,Tennessee,TN,Tennessee,First-Class Mail (2-Day),95.0,92.2,2.6,16700,1.8,NORMAL,Normal Network Operations
2024,Q3,3,2024-06-15,2024-06-21,Southern,Tennessee,TN,Tennessee,First-Class Mail (3-5 Day),93.0,91.7,4.27,11878,1.5,NORMAL,Normal Network Operations
2024,Q3,3,2024-06-15,2024-06-21,Southern,Tennessee,TN,Tennessee,USPS Marketing Mail,95.0,94.1,4.72,10778,1.1,NORMAL,Normal Network Operations
2024,Q3,3,2024-06-15,2024-06-21,Southern,Tennessee,TN,Tennessee,Package Services / Ground Adv,92.0,91.8,3.76,4652,1.5,NORMAL,Normal Network Operations
2024,Q3,3,2024-06-15,2024-06-21,Southern,Tennessee,TN,Tennessee,Periodicals,90.0,88.3,5.61,2257,3.6,NORMAL,Normal Network Operations
2024,Q3,3,2024-06-15,2024-06-21,Southern,Kentucky,KY,Kentucky,First-Class Mail (2-Day),95.0,92.9,2.6,14703,1.6,NORMAL,Normal Network Operations
2024,Q3,3,2024-06-15,2024-06-21,Southern,Kentucky,KY,Kentucky,First-Class Mail (3-5 Day),93.0,89.2,4.44,10484,2.1,NORMAL,Normal Network Operations
2024,Q3,3,2024-06-15,2024-06-21,Southern,Kentucky,KY,Kentucky,USPS Marketing Mail,95.0,93.4,4.87,10776,1.6,NORMAL,Normal Network Operations
2024,Q3,3,2024-06-15,2024-06-21,Southern,Kentucky,KY,Kentucky,Package Services / Ground Adv,92.0,90.8,3.76,4644,2.1,NORMAL,Normal Network Operations
2024,Q3,3,2024-06-15,2024-06-21,Southern,Kentucky,KY,Kentucky,Periodicals,90.0,89.5,5.38,2096,2.4,NORMAL,Normal Network Operations
2024,Q3,3,2024-06-15,2024-06-21,Southern,Arkansas,AR,Arkansas,First-Class Mail (2-Day),95.0,92.4,2.52,14881,2.2,NORMAL,Normal Network Operations
2024,Q3,3,2024-06-15,2024-06-21,Southern,Arkansas,AR,Arkansas,First-Class Mail (3-5 Day),93.0,90.1,4.28,11314,2.4,NORMAL,Normal Network Operations
2024,Q3,3,2024-06-15,2024-06-21,Southern,Arkansas,AR,Arkansas,USPS Marketing Mail,95.0,95.0,4.61,10827,1.0,NORMAL,Normal Network Operations
2024,Q3,3,2024-06-15,2024-06-21,Southern,Arkansas,AR,Arkansas,Package Services / Ground Adv,92.0,91.2,3.71,4734,1.8,NORMAL,Normal Network Operations
2024,Q3,3,2024-06-15,2024-06-21,Southern,Arkansas,AR,Arkansas,Periodicals,90.0,90.1,5.5,2188,1.8,NORMAL,Normal Network Operations
2024,Q3,3,2024-06-15,2024-06-21,Southern,Louisiana,LA,Louisiana,First-Class Mail (2-Day),95.0,89.8,2.59,15783,2.2,NORMAL,Normal Network Operations
2024,Q3,3,2024-06-15,2024-06-21,Southern,Louisiana,LA,Louisiana,First-Class Mail (3-5 Day),93.0,89.0,4.5,10405,2.4,NORMAL,Normal Network Operations
2024,Q3,3,2024-06-15,2024-06-21,Southern,Louisiana,LA,Louisiana,USPS Marketing Mail,95.0,91.4,4.91,10799,2.1,NORMAL,Normal Network Operations
2024,Q3,3,2024-06-15,2024-06-21,Southern,Louisiana,LA,Louisiana,Package Services / Ground Adv,92.0,89.7,3.63,4148,3.0,NORMAL,Normal Network Operations
2024,Q3,3,2024-06-15,2024-06-21,Southern,Louisiana,LA,Louisiana,Periodicals,90.0,88.1,5.41,2366,3.8,NORMAL,Normal Network Operations
2024,Q3,3,2024-06-15,2024-06-21,Southern,Oklahoma,OK,Oklahoma,First-Class Mail (2-Day),95.0,92.7,2.52,15957,2.0,NORMAL,Normal Network Operations
2024,Q3,3,2024-06-15,2024-06-21,Southern,Oklahoma,OK,Oklahoma,First-Class Mail (3-5 Day),93.0,90.2,4.18,10466,2.9,NORMAL,Normal Network Operations
2024,Q3,3,2024-06-15,2024-06-21,Southern,Oklahoma,OK,Oklahoma,USPS Marketing Mail,95.0,94.8,4.57,11979,1.3,NORMAL,Normal Network Operations
2024,Q3,3,2024-06-15,2024-06-21,Southern,Oklahoma,OK,Oklahoma,Package Services / Ground Adv,92.0,92.8,3.45,4471,1.6,NORMAL,Normal Network Operations
2024,Q3,3,2024-06-15,2024-06-21,Southern,Oklahoma,OK,Oklahoma,Periodicals,90.0,88.7,5.57,2212,2.9,NORMAL,Normal Network Operations
2024,Q3,3,2024-06-15,2024-06-21,Southern,Texas 2 (Houston/Gulf),TX,Texas,First-Class Mail (2-Day),95.0,78.7,3.1,59846,4.3,CRITICAL,North Houston Processing & Network Modernization Bottleneck
2024,Q3,3,2024-06-15,2024-06-21,Southern,Texas 2 (Houston/Gulf),TX,Texas,First-Class Mail (3-5 Day),93.0,75.7,5.06,43169,4.5,CRITICAL,North Houston Processing & Network Modernization Bottleneck
2024,Q3,3,2024-06-15,2024-06-21,Southern,Texas 2 (Houston/Gulf),TX,Texas,USPS Marketing Mail,95.0,77.5,5.42,43414,5.8,CRITICAL,North Houston Processing & Network Modernization Bottleneck
2024,Q3,3,2024-06-15,2024-06-21,Southern,Texas 2 (Houston/Gulf),TX,Texas,Package Services / Ground Adv,92.0,76.0,4.42,18376,7.3,CRITICAL,North Houston Processing & Network Modernization Bottleneck
2024,Q3,3,2024-06-15,2024-06-21,Southern,Texas 2 (Houston/Gulf),TX,Texas,Periodicals,90.0,71.6,6.41,8797,9.0,CRITICAL,North Houston Processing & Network Modernization Bottleneck
2024,Q3,3,2024-06-15,2024-06-21,WestPac,Washington,WA,Washington,First-Class Mail (2-Day),95.0,93.2,2.57,15756,1.7,NORMAL,Normal Network Operations
2024,Q3,3,2024-06-15,2024-06-21,WestPac,Washington,WA,Washington,First-Class Mail (3-5 Day),93.0,90.6,4.24,10744,1.9,NORMAL,Normal Network Operations
2024,Q3,3,2024-06-15,2024-06-21,WestPac,Washington,WA,Washington,USPS Marketing Mail,95.0,94.8,4.56,12134,1.5,NORMAL,Normal Network Operations
2024,Q3,3,2024-06-15,2024-06-21,WestPac,Washington,WA,Washington,Package Services / Ground Adv,92.0,92.2,3.74,4841,2.2,NORMAL,Normal Network Operations
2024,Q3,3,2024-06-15,2024-06-21,WestPac,Washington,WA,Washington,Periodicals,90.0,88.6,5.42,2363,3.1,NORMAL,Normal Network Operations
2024,Q3,3,2024-06-15,2024-06-21,WestPac,Oregon/Idaho,OR,Oregon,First-Class Mail (2-Day),95.0,94.6,2.52,15042,1.0,NORMAL,Normal Network Operations
2024,Q3,3,2024-06-15,2024-06-21,WestPac,Oregon/Idaho,OR,Oregon,First-Class Mail (3-5 Day),93.0,92.2,4.17,11860,2.3,NORMAL,Normal Network Operations
2024,Q3,3,2024-06-15,2024-06-21,WestPac,Oregon/Idaho,OR,Oregon,USPS Marketing Mail,95.0,95.2,4.68,11801,1.0,NORMAL,Normal Network Operations
2024,Q3,3,2024-06-15,2024-06-21,WestPac,Oregon/Idaho,OR,Oregon,Package Services / Ground Adv,92.0,93.1,3.43,4644,2.1,NORMAL,Normal Network Operations
2024,Q3,3,2024-06-15,2024-06-21,WestPac,Oregon/Idaho,OR,Oregon,Periodicals,90.0,91.2,5.37,2137,2.3,NORMAL,Normal Network Operations
2024,Q3,3,2024-06-15,2024-06-21,WestPac,California 1 (Bay Area),CA,California,First-Class Mail (2-Day),95.0,93.1,2.46,61075,2.1,NORMAL,Normal Network Operations
2024,Q3,3,2024-06-15,2024-06-21,WestPac,California 1 (Bay Area),CA,California,First-Class Mail (3-5 Day),93.0,89.7,4.26,42975,2.0,NORMAL,Normal Network Operations
2024,Q3,3,2024-06-15,2024-06-21,WestPac,California 1 (Bay Area),CA,California,USPS Marketing Mail,95.0,92.8,4.89,42850,1.3,NORMAL,Normal Network Operations
2024,Q3,3,2024-06-15,2024-06-21,WestPac,California 1 (Bay Area),CA,California,Package Services / Ground Adv,92.0,90.0,3.83,18991,2.8,NORMAL,Normal Network Operations
2024,Q3,3,2024-06-15,2024-06-21,WestPac,California 1 (Bay Area),CA,California,Periodicals,90.0,88.0,5.54,9600,2.2,NORMAL,Normal Network Operations
2024,Q3,3,2024-06-15,2024-06-21,WestPac,Nevada,NV,Nevada,First-Class Mail (2-Day),95.0,93.9,2.52,16910,1.8,NORMAL,Normal Network Operations
2024,Q3,3,2024-06-15,2024-06-21,WestPac,Nevada,NV,Nevada,First-Class Mail (3-5 Day),93.0,90.7,4.25,10531,2.9,NORMAL,Normal Network Operations
2024,Q3,3,2024-06-15,2024-06-21,WestPac,Nevada,NV,Nevada,USPS Marketing Mail,95.0,93.5,4.65,12057,1.3,NORMAL,Normal Network Operations
2024,Q3,3,2024-06-15,2024-06-21,WestPac,Nevada,NV,Nevada,Package Services / Ground Adv,92.0,92.9,3.61,4265,2.2,NORMAL,Normal Network Operations
2024,Q3,3,2024-06-15,2024-06-21,WestPac,Nevada,NV,Nevada,Periodicals,90.0,90.8,5.49,2353,2.5,NORMAL,Normal Network Operations
2024,Q3,3,2024-06-15,2024-06-21,WestPac,Oregon/Idaho,ID,Idaho,First-Class Mail (2-Day),95.0,93.3,2.36,15263,1.8,NORMAL,Normal Network Operations
2024,Q3,3,2024-06-15,2024-06-21,WestPac,Oregon/Idaho,ID,Idaho,First-Class Mail (3-5 Day),93.0,92.3,4.26,12057,1.5,NORMAL,Normal Network Operations
2024,Q3,3,2024-06-15,2024-06-21,WestPac,Oregon/Idaho,ID,Idaho,USPS Marketing Mail,95.0,95.9,4.75,12087,1.0,NORMAL,Normal Network Operations
2024,Q3,3,2024-06-15,2024-06-21,WestPac,Oregon/Idaho,ID,Idaho,Package Services / Ground Adv,92.0,91.9,3.73,4836,2.1,NORMAL,Normal Network Operations
2024,Q3,3,2024-06-15,2024-06-21,WestPac,Oregon/Idaho,ID,Idaho,Periodicals,90.0,89.8,5.54,2120,2.6,NORMAL,Normal Network Operations
2024,Q3,3,2024-06-15,2024-06-21,WestPac,Montana/Wyoming,MT,Montana,First-Class Mail (2-Day),95.0,95.1,2.49,14913,1.0,NORMAL,Normal Network Operations
2024,Q3,3,2024-06-15,2024-06-21,WestPac,Montana/Wyoming,MT,Montana,First-Class Mail (3-5 Day),93.0,93.2,4.21,11500,1.3,NORMAL,Normal Network Operations
2024,Q3,3,2024-06-15,2024-06-21,WestPac,Montana/Wyoming,MT,Montana,USPS Marketing Mail,95.0,96.2,4.54,10799,0.9,NORMAL,Normal Network Operations
2024,Q3,3,2024-06-15,2024-06-21,WestPac,Montana/Wyoming,MT,Montana,Package Services / Ground Adv,92.0,92.5,3.48,4140,1.6,NORMAL,Normal Network Operations
2024,Q3,3,2024-06-15,2024-06-21,WestPac,Montana/Wyoming,MT,Montana,Periodicals,90.0,90.7,5.51,2388,2.6,NORMAL,Normal Network Operations
2024,Q3,3,2024-06-15,2024-06-21,WestPac,Montana/Wyoming,WY,Wyoming,First-Class Mail (2-Day),95.0,94.3,2.41,14745,1.3,NORMAL,Normal Network Operations
2024,Q3,3,2024-06-15,2024-06-21,WestPac,Montana/Wyoming,WY,Wyoming,First-Class Mail (3-5 Day),93.0,92.1,4.25,11586,2.4,NORMAL,Normal Network Operations
2024,Q3,3,2024-06-15,2024-06-21,WestPac,Montana/Wyoming,WY,Wyoming,USPS Marketing Mail,95.0,94.3,4.79,10880,1.1,NORMAL,Normal Network Operations
2024,Q3,3,2024-06-15,2024-06-21,WestPac,Montana/Wyoming,WY,Wyoming,Package Services / Ground Adv,92.0,92.9,3.46,4262,2.2,NORMAL,Normal Network Operations
2024,Q3,3,2024-06-15,2024-06-21,WestPac,Montana/Wyoming,WY,Wyoming,Periodicals,90.0,90.5,5.4,2393,2.7,NORMAL,Normal Network Operations
2024,Q3,3,2024-06-15,2024-06-21,WestPac,Utah,UT,Utah,First-Class Mail (2-Day),95.0,93.1,2.49,15706,1.8,NORMAL,Normal Network Operations
2024,Q3,3,2024-06-15,2024-06-21,WestPac,Utah,UT,Utah,First-Class Mail (3-5 Day),93.0,90.8,4.18,11951,2.9,NORMAL,Normal Network Operations
2024,Q3,3,2024-06-15,2024-06-21,WestPac,Utah,UT,Utah,USPS Marketing Mail,95.0,94.1,4.63,10691,1.1,NORMAL,Normal Network Operations
2024,Q3,3,2024-06-15,2024-06-21,WestPac,Utah,UT,Utah,Package Services / Ground Adv,92.0,93.6,3.6,4330,1.8,NORMAL,Normal Network Operations
2024,Q3,3,2024-06-15,2024-06-21,WestPac,Utah,UT,Utah,Periodicals,90.0,90.1,5.29,2275,2.1,NORMAL,Normal Network Operations
2024,Q3,3,2024-06-15,2024-06-21,WestPac,Colorado,CO,Colorado,First-Class Mail (2-Day),95.0,94.2,2.37,15567,1.2,NORMAL,Normal Network Operations
2024,Q3,3,2024-06-15,2024-06-21,WestPac,Colorado,CO,Colorado,First-Class Mail (3-5 Day),93.0,90.7,4.31,10709,2.5,NORMAL,Normal Network Operations
2024,Q3,3,2024-06-15,2024-06-21,WestPac,Colorado,CO,Colorado,USPS Marketing Mail,95.0,93.1,4.7,10497,1.4,NORMAL,Normal Network Operations
2024,Q3,3,2024-06-15,2024-06-21,WestPac,Colorado,CO,Colorado,Package Services / Ground Adv,92.0,93.2,3.53,4492,1.5,NORMAL,Normal Network Operations
2024,Q3,3,2024-06-15,2024-06-21,WestPac,Colorado,CO,Colorado,Periodicals,90.0,90.3,5.41,2136,1.9,NORMAL,Normal Network Operations
2024,Q3,3,2024-06-15,2024-06-21,WestPac,Arizona/New Mexico,AZ,Arizona,First-Class Mail (2-Day),95.0,94.1,2.4,15153,1.4,NORMAL,Normal Network Operations
2024,Q3,3,2024-06-15,2024-06-21,WestPac,Arizona/New Mexico,AZ,Arizona,First-Class Mail (3-5 Day),93.0,90.9,4.21,10460,1.9,NORMAL,Normal Network Operations
2024,Q3,3,2024-06-15,2024-06-21,WestPac,Arizona/New Mexico,AZ,Arizona,USPS Marketing Mail,95.0,94.6,4.57,10968,1.5,NORMAL,Normal Network Operations
2024,Q3,3,2024-06-15,2024-06-21,WestPac,Arizona/New Mexico,AZ,Arizona,Package Services / Ground Adv,92.0,92.3,3.62,4538,2.4,NORMAL,Normal Network Operations
2024,Q3,3,2024-06-15,2024-06-21,WestPac,Arizona/New Mexico,AZ,Arizona,Periodicals,90.0,90.5,5.37,2262,2.8,NORMAL,Normal Network Operations
2024,Q3,3,2024-06-15,2024-06-21,WestPac,Arizona/New Mexico,NM,New Mexico,First-Class Mail (2-Day),95.0,93.7,2.53,15690,1.6,NORMAL,Normal Network Operations
2024,Q3,3,2024-06-15,2024-06-21,WestPac,Arizona/New Mexico,NM,New Mexico,First-Class Mail (3-5 Day),93.0,89.6,4.39,11253,3.2,NORMAL,Normal Network Operations
2024,Q3,3,2024-06-15,2024-06-21,WestPac,Arizona/New Mexico,NM,New Mexico,USPS Marketing Mail,95.0,94.6,4.73,11466,1.6,NORMAL,Normal Network Operations
2024,Q3,3,2024-06-15,2024-06-21,WestPac,Arizona/New Mexico,NM,New Mexico,Package Services / Ground Adv,92.0,90.9,3.58,4848,2.6,NORMAL,Normal Network Operations
2024,Q3,3,2024-06-15,2024-06-21,WestPac,Arizona/New Mexico,NM,New Mexico,Periodicals,90.0,90.4,5.29,2222,2.8,NORMAL,Normal Network Operations
2024,Q3,3,2024-06-15,2024-06-21,WestPac,Alaska,AK,Alaska,First-Class Mail (2-Day),95.0,91.0,2.7,16070,2.2,NORMAL,Normal Network Operations
2024,Q3,3,2024-06-15,2024-06-21,WestPac,Alaska,AK,Alaska,First-Class Mail (3-5 Day),93.0,88.4,4.51,11995,2.5,NORMAL,Normal Network Operations
2024,Q3,3,2024-06-15,2024-06-21,WestPac,Alaska,AK,Alaska,USPS Marketing Mail,95.0,89.6,4.91,10937,2.4,NORMAL,Normal Network Operations
2024,Q3,3,2024-06-15,2024-06-21,WestPac,Alaska,AK,Alaska,Package Services / Ground Adv,92.0,88.3,3.9,4706,2.9,NORMAL,Normal Network Operations
2024,Q3,3,2024-06-15,2024-06-21,WestPac,Alaska,AK,Alaska,Periodicals,90.0,86.6,5.56,2219,3.4,NORMAL,Normal Network Operations
2024,Q3,3,2024-06-15,2024-06-21,WestPac,Hawaii/Pacific,HI,Hawaii,First-Class Mail (2-Day),95.0,90.3,2.67,16857,2.5,NORMAL,Normal Network Operations
2024,Q3,3,2024-06-15,2024-06-21,WestPac,Hawaii/Pacific,HI,Hawaii,First-Class Mail (3-5 Day),93.0,89.9,4.21,10864,2.6,NORMAL,Normal Network Operations
2024,Q3,3,2024-06-15,2024-06-21,WestPac,Hawaii/Pacific,HI,Hawaii,USPS Marketing Mail,95.0,92.0,4.79,11039,1.8,NORMAL,Normal Network Operations
2024,Q3,3,2024-06-15,2024-06-21,WestPac,Hawaii/Pacific,HI,Hawaii,Package Services / Ground Adv,92.0,90.1,3.59,4338,2.6,NORMAL,Normal Network Operations
2024,Q3,3,2024-06-15,2024-06-21,WestPac,Hawaii/Pacific,HI,Hawaii,Periodicals,90.0,86.7,5.63,2083,3.5,NORMAL,Normal Network Operations
2024,Q3,4,2024-06-22,2024-06-28,Atlantic,Northern New England,ME,Maine,First-Class Mail (2-Day),95.0,94.7,2.31,16369,1.2,NORMAL,Normal Network Operations
2024,Q3,4,2024-06-22,2024-06-28,Atlantic,Northern New England,ME,Maine,First-Class Mail (3-5 Day),93.0,92.6,4.06,11821,2.3,NORMAL,Normal Network Operations
2024,Q3,4,2024-06-22,2024-06-28,Atlantic,Northern New England,ME,Maine,USPS Marketing Mail,95.0,94.1,4.71,11603,1.3,NORMAL,Normal Network Operations
2024,Q3,4,2024-06-22,2024-06-28,Atlantic,Northern New England,ME,Maine,Package Services / Ground Adv,92.0,91.8,3.53,4841,2.5,NORMAL,Normal Network Operations
2024,Q3,4,2024-06-22,2024-06-28,Atlantic,Northern New England,ME,Maine,Periodicals,90.0,90.2,5.34,2220,2.9,NORMAL,Normal Network Operations
2024,Q3,4,2024-06-22,2024-06-28,Atlantic,Northern New England,NH,New Hampshire,First-Class Mail (2-Day),95.0,93.8,2.35,16566,1.3,NORMAL,Normal Network Operations
2024,Q3,4,2024-06-22,2024-06-28,Atlantic,Northern New England,NH,New Hampshire,First-Class Mail (3-5 Day),93.0,91.9,4.32,11827,2.3,NORMAL,Normal Network Operations
2024,Q3,4,2024-06-22,2024-06-28,Atlantic,Northern New England,NH,New Hampshire,USPS Marketing Mail,95.0,94.3,4.65,11262,1.2,NORMAL,Normal Network Operations
2024,Q3,4,2024-06-22,2024-06-28,Atlantic,Northern New England,NH,New Hampshire,Package Services / Ground Adv,92.0,91.6,3.74,4160,2.5,NORMAL,Normal Network Operations
2024,Q3,4,2024-06-22,2024-06-28,Atlantic,Northern New England,NH,New Hampshire,Periodicals,90.0,89.3,5.54,2159,3.2,NORMAL,Normal Network Operations
2024,Q3,4,2024-06-22,2024-06-28,Atlantic,Northern New England,VT,Vermont,First-Class Mail (2-Day),95.0,94.0,2.47,15180,1.9,NORMAL,Normal Network Operations
2024,Q3,4,2024-06-22,2024-06-28,Atlantic,Northern New England,VT,Vermont,First-Class Mail (3-5 Day),93.0,92.7,4.22,10572,1.8,NORMAL,Normal Network Operations
2024,Q3,4,2024-06-22,2024-06-28,Atlantic,Northern New England,VT,Vermont,USPS Marketing Mail,95.0,93.8,4.75,10669,1.4,NORMAL,Normal Network Operations
2024,Q3,4,2024-06-22,2024-06-28,Atlantic,Northern New England,VT,Vermont,Package Services / Ground Adv,92.0,94.0,3.47,4257,1.6,NORMAL,Normal Network Operations
2024,Q3,4,2024-06-22,2024-06-28,Atlantic,Northern New England,VT,Vermont,Periodicals,90.0,91.5,5.39,2172,2.4,NORMAL,Normal Network Operations
2024,Q3,4,2024-06-22,2024-06-28,Atlantic,Boston,MA,Massachusetts,First-Class Mail (2-Day),95.0,92.1,2.53,16921,1.6,NORMAL,Normal Network Operations
2024,Q3,4,2024-06-22,2024-06-28,Atlantic,Boston,MA,Massachusetts,First-Class Mail (3-5 Day),93.0,91.1,4.31,10834,2.4,NORMAL,Normal Network Operations
2024,Q3,4,2024-06-22,2024-06-28,Atlantic,Boston,MA,Massachusetts,USPS Marketing Mail,95.0,93.0,4.84,11731,1.3,NORMAL,Normal Network Operations
2024,Q3,4,2024-06-22,2024-06-28,Atlantic,Boston,MA,Massachusetts,Package Services / Ground Adv,92.0,90.2,3.74,4572,3.0,NORMAL,Normal Network Operations
2024,Q3,4,2024-06-22,2024-06-28,Atlantic,Boston,MA,Massachusetts,Periodicals,90.0,87.7,5.61,2179,2.6,NORMAL,Normal Network Operations
2024,Q3,4,2024-06-22,2024-06-28,Atlantic,Boston,RI,Rhode Island,First-Class Mail (2-Day),95.0,94.0,2.39,15438,1.6,NORMAL,Normal Network Operations
2024,Q3,4,2024-06-22,2024-06-28,Atlantic,Boston,RI,Rhode Island,First-Class Mail (3-5 Day),93.0,90.3,4.29,11568,2.1,NORMAL,Normal Network Operations
2024,Q3,4,2024-06-22,2024-06-28,Atlantic,Boston,RI,Rhode Island,USPS Marketing Mail,95.0,94.5,4.58,11270,1.3,NORMAL,Normal Network Operations
2024,Q3,4,2024-06-22,2024-06-28,Atlantic,Boston,RI,Rhode Island,Package Services / Ground Adv,92.0,92.3,3.57,4606,2.3,NORMAL,Normal Network Operations
2024,Q3,4,2024-06-22,2024-06-28,Atlantic,Boston,RI,Rhode Island,Periodicals,90.0,89.7,5.32,2092,2.3,NORMAL,Normal Network Operations
2024,Q3,4,2024-06-22,2024-06-28,Atlantic,Connecticut,CT,Connecticut,First-Class Mail (2-Day),95.0,94.3,2.5,15148,1.5,NORMAL,Normal Network Operations
2024,Q3,4,2024-06-22,2024-06-28,Atlantic,Connecticut,CT,Connecticut,First-Class Mail (3-5 Day),93.0,91.4,4.19,10619,2.6,NORMAL,Normal Network Operations
2024,Q3,4,2024-06-22,2024-06-28,Atlantic,Connecticut,CT,Connecticut,USPS Marketing Mail,95.0,94.5,4.77,11794,1.7,NORMAL,Normal Network Operations
2024,Q3,4,2024-06-22,2024-06-28,Atlantic,Connecticut,CT,Connecticut,Package Services / Ground Adv,92.0,92.3,3.65,4659,2.1,NORMAL,Normal Network Operations
2024,Q3,4,2024-06-22,2024-06-28,Atlantic,Connecticut,CT,Connecticut,Periodicals,90.0,90.0,5.35,2220,3.2,NORMAL,Normal Network Operations
2024,Q3,4,2024-06-22,2024-06-28,Atlantic,New York 2 (Metro),NY,New York,First-Class Mail (2-Day),95.0,90.9,2.63,63726,1.7,NORMAL,Normal Network Operations
2024,Q3,4,2024-06-22,2024-06-28,Atlantic,New York 2 (Metro),NY,New York,First-Class Mail (3-5 Day),93.0,88.3,4.33,45249,3.3,NORMAL,Normal Network Operations
2024,Q3,4,2024-06-22,2024-06-28,Atlantic,New York 2 (Metro),NY,New York,USPS Marketing Mail,95.0,92.7,4.83,45052,2.2,NORMAL,Normal Network Operations
2024,Q3,4,2024-06-22,2024-06-28,Atlantic,New York 2 (Metro),NY,New York,Package Services / Ground Adv,92.0,91.0,3.77,17081,2.7,NORMAL,Normal Network Operations
2024,Q3,4,2024-06-22,2024-06-28,Atlantic,New York 2 (Metro),NY,New York,Periodicals,90.0,86.7,5.51,9444,2.6,NORMAL,Normal Network Operations
2024,Q3,4,2024-06-22,2024-06-28,Atlantic,New Jersey,NJ,New Jersey,First-Class Mail (2-Day),95.0,92.4,2.54,15335,1.6,NORMAL,Normal Network Operations
2024,Q3,4,2024-06-22,2024-06-28,Atlantic,New Jersey,NJ,New Jersey,First-Class Mail (3-5 Day),93.0,88.6,4.45,10902,2.6,NORMAL,Normal Network Operations
2024,Q3,4,2024-06-22,2024-06-28,Atlantic,New Jersey,NJ,New Jersey,USPS Marketing Mail,95.0,93.3,4.69,10879,1.5,NORMAL,Normal Network Operations
2024,Q3,4,2024-06-22,2024-06-28,Atlantic,New Jersey,NJ,New Jersey,Package Services / Ground Adv,92.0,91.6,3.73,4560,2.1,NORMAL,Normal Network Operations
2024,Q3,4,2024-06-22,2024-06-28,Atlantic,New Jersey,NJ,New Jersey,Periodicals,90.0,89.4,5.55,2250,2.0,NORMAL,Normal Network Operations
2024,Q3,4,2024-06-22,2024-06-28,Atlantic,Philadelphia,PA,Pennsylvania,First-Class Mail (2-Day),95.0,93.5,2.39,14626,1.5,NORMAL,Normal Network Operations
2024,Q3,4,2024-06-22,2024-06-28,Atlantic,Philadelphia,PA,Pennsylvania,First-Class Mail (3-5 Day),93.0,91.3,4.17,11086,1.7,NORMAL,Normal Network Operations
2024,Q3,4,2024-06-22,2024-06-28,Atlantic,Philadelphia,PA,Pennsylvania,USPS Marketing Mail,95.0,93.6,4.72,10919,2.0,NORMAL,Normal Network Operations
2024,Q3,4,2024-06-22,2024-06-28,Atlantic,Philadelphia,PA,Pennsylvania,Package Services / Ground Adv,92.0,92.1,3.61,4594,2.3,NORMAL,Normal Network Operations
2024,Q3,4,2024-06-22,2024-06-28,Atlantic,Philadelphia,PA,Pennsylvania,Periodicals,90.0,88.3,5.37,2168,3.1,NORMAL,Normal Network Operations
2024,Q3,4,2024-06-22,2024-06-28,Atlantic,Maryland/Delaware,DE,Delaware,First-Class Mail (2-Day),95.0,93.8,2.5,15723,1.3,NORMAL,Normal Network Operations
2024,Q3,4,2024-06-22,2024-06-28,Atlantic,Maryland/Delaware,DE,Delaware,First-Class Mail (3-5 Day),93.0,91.6,4.27,11490,1.6,NORMAL,Normal Network Operations
2024,Q3,4,2024-06-22,2024-06-28,Atlantic,Maryland/Delaware,DE,Delaware,USPS Marketing Mail,95.0,93.8,4.69,10417,2.0,NORMAL,Normal Network Operations
2024,Q3,4,2024-06-22,2024-06-28,Atlantic,Maryland/Delaware,DE,Delaware,Package Services / Ground Adv,92.0,91.5,3.51,4371,2.0,NORMAL,Normal Network Operations
2024,Q3,4,2024-06-22,2024-06-28,Atlantic,Maryland/Delaware,DE,Delaware,Periodicals,90.0,90.5,5.44,2295,2.0,NORMAL,Normal Network Operations
2024,Q3,4,2024-06-22,2024-06-28,Atlantic,Maryland/Delaware,MD,Maryland,First-Class Mail (2-Day),95.0,91.1,2.52,14814,2.5,NORMAL,Normal Network Operations
2024,Q3,4,2024-06-22,2024-06-28,Atlantic,Maryland/Delaware,MD,Maryland,First-Class Mail (3-5 Day),93.0,89.2,4.27,11832,2.8,NORMAL,Normal Network Operations
2024,Q3,4,2024-06-22,2024-06-28,Atlantic,Maryland/Delaware,MD,Maryland,USPS Marketing Mail,95.0,92.0,4.88,11423,1.8,NORMAL,Normal Network Operations
2024,Q3,4,2024-06-22,2024-06-28,Atlantic,Maryland/Delaware,MD,Maryland,Package Services / Ground Adv,92.0,90.3,3.83,4386,3.0,NORMAL,Normal Network Operations
2024,Q3,4,2024-06-22,2024-06-28,Atlantic,Maryland/Delaware,MD,Maryland,Periodicals,90.0,89.2,5.37,2411,2.5,NORMAL,Normal Network Operations
2024,Q3,4,2024-06-22,2024-06-28,Atlantic,Capital,DC,District of Columbia,First-Class Mail (2-Day),95.0,91.5,2.47,16322,2.0,NORMAL,Normal Network Operations
2024,Q3,4,2024-06-22,2024-06-28,Atlantic,Capital,DC,District of Columbia,First-Class Mail (3-5 Day),93.0,87.4,4.47,10654,3.6,NORMAL,Normal Network Operations
2024,Q3,4,2024-06-22,2024-06-28,Atlantic,Capital,DC,District of Columbia,USPS Marketing Mail,95.0,91.0,4.74,11927,2.4,NORMAL,Normal Network Operations
2024,Q3,4,2024-06-22,2024-06-28,Atlantic,Capital,DC,District of Columbia,Package Services / Ground Adv,92.0,88.9,3.65,4856,2.8,NORMAL,Normal Network Operations
2024,Q3,4,2024-06-22,2024-06-28,Atlantic,Capital,DC,District of Columbia,Periodicals,90.0,87.4,5.42,2318,3.4,NORMAL,Normal Network Operations
2024,Q3,4,2024-06-22,2024-06-28,Atlantic,Virginia,VA,Virginia,First-Class Mail (2-Day),95.0,92.6,2.5,15685,1.7,NORMAL,Normal Network Operations
2024,Q3,4,2024-06-22,2024-06-28,Atlantic,Virginia,VA,Virginia,First-Class Mail (3-5 Day),93.0,89.8,4.36,10892,2.8,NORMAL,Normal Network Operations
2024,Q3,4,2024-06-22,2024-06-28,Atlantic,Virginia,VA,Virginia,USPS Marketing Mail,95.0,94.0,4.65,11440,1.6,NORMAL,Normal Network Operations
2024,Q3,4,2024-06-22,2024-06-28,Atlantic,Virginia,VA,Virginia,Package Services / Ground Adv,92.0,90.9,3.56,4657,2.7,NORMAL,Normal Network Operations
2024,Q3,4,2024-06-22,2024-06-28,Atlantic,Virginia,VA,Virginia,Periodicals,90.0,88.4,5.39,2141,2.3,NORMAL,Normal Network Operations
2024,Q3,4,2024-06-22,2024-06-28,Atlantic,Appalachian,WV,West Virginia,First-Class Mail (2-Day),95.0,91.2,2.56,14998,1.9,NORMAL,Normal Network Operations
2024,Q3,4,2024-06-22,2024-06-28,Atlantic,Appalachian,WV,West Virginia,First-Class Mail (3-5 Day),93.0,90.2,4.18,11243,2.2,NORMAL,Normal Network Operations
2024,Q3,4,2024-06-22,2024-06-28,Atlantic,Appalachian,WV,West Virginia,USPS Marketing Mail,95.0,92.0,4.77,10354,2.5,NORMAL,Normal Network Operations
2024,Q3,4,2024-06-22,2024-06-28,Atlantic,Appalachian,WV,West Virginia,Package Services / Ground Adv,92.0,91.3,3.74,4621,2.7,NORMAL,Normal Network Operations
2024,Q3,4,2024-06-22,2024-06-28,Atlantic,Appalachian,WV,West Virginia,Periodicals,90.0,87.6,5.54,2330,2.4,NORMAL,Normal Network Operations
2024,Q3,4,2024-06-22,2024-06-28,Atlantic,North Carolina,NC,North Carolina,First-Class Mail (2-Day),95.0,91.5,2.47,16981,1.8,NORMAL,Normal Network Operations
2024,Q3,4,2024-06-22,2024-06-28,Atlantic,North Carolina,NC,North Carolina,First-Class Mail (3-5 Day),93.0,89.8,4.22,10664,2.5,NORMAL,Normal Network Operations
2024,Q3,4,2024-06-22,2024-06-28,Atlantic,North Carolina,NC,North Carolina,USPS Marketing Mail,95.0,92.2,4.89,10912,1.7,NORMAL,Normal Network Operations
2024,Q3,4,2024-06-22,2024-06-28,Atlantic,North Carolina,NC,North Carolina,Package Services / Ground Adv,92.0,92.1,3.68,4173,1.5,NORMAL,Normal Network Operations
2024,Q3,4,2024-06-22,2024-06-28,Atlantic,North Carolina,NC,North Carolina,Periodicals,90.0,89.8,5.34,2198,2.8,NORMAL,Normal Network Operations
2024,Q3,4,2024-06-22,2024-06-28,Atlantic,South Carolina,SC,South Carolina,First-Class Mail (2-Day),95.0,92.0,2.62,14724,2.1,NORMAL,Normal Network Operations
2024,Q3,4,2024-06-22,2024-06-28,Atlantic,South Carolina,SC,South Carolina,First-Class Mail (3-5 Day),93.0,90.7,4.25,12082,1.9,NORMAL,Normal Network Operations
2024,Q3,4,2024-06-22,2024-06-28,Atlantic,South Carolina,SC,South Carolina,USPS Marketing Mail,95.0,92.4,4.89,11789,1.8,NORMAL,Normal Network Operations
2024,Q3,4,2024-06-22,2024-06-28,Atlantic,South Carolina,SC,South Carolina,Package Services / Ground Adv,92.0,91.5,3.54,4641,2.5,NORMAL,Normal Network Operations
2024,Q3,4,2024-06-22,2024-06-28,Atlantic,South Carolina,SC,South Carolina,Periodicals,90.0,87.5,5.45,2219,3.9,NORMAL,Normal Network Operations
2024,Q3,4,2024-06-22,2024-06-28,Atlantic,Caribbean,PR,Puerto Rico,First-Class Mail (2-Day),95.0,89.4,2.69,14946,3.1,NORMAL,Normal Network Operations
2024,Q3,4,2024-06-22,2024-06-28,Atlantic,Caribbean,PR,Puerto Rico,First-Class Mail (3-5 Day),93.0,86.7,4.35,11582,3.1,NORMAL,Normal Network Operations
2024,Q3,4,2024-06-22,2024-06-28,Atlantic,Caribbean,PR,Puerto Rico,USPS Marketing Mail,95.0,90.8,4.78,12006,2.9,NORMAL,Normal Network Operations
2024,Q3,4,2024-06-22,2024-06-28,Atlantic,Caribbean,PR,Puerto Rico,Package Services / Ground Adv,92.0,87.3,3.73,4328,3.0,NORMAL,Normal Network Operations
2024,Q3,4,2024-06-22,2024-06-28,Atlantic,Caribbean,PR,Puerto Rico,Periodicals,90.0,85.3,5.7,2346,4.1,NORMAL,Normal Network Operations
2024,Q3,4,2024-06-22,2024-06-28,Central,Ohio 1 (Columbus),OH,Ohio,First-Class Mail (2-Day),95.0,93.4,2.57,16178,1.7,NORMAL,Normal Network Operations
2024,Q3,4,2024-06-22,2024-06-28,Central,Ohio 1 (Columbus),OH,Ohio,First-Class Mail (3-5 Day),93.0,90.6,4.34,10521,2.4,NORMAL,Normal Network Operations
2024,Q3,4,2024-06-22,2024-06-28,Central,Ohio 1 (Columbus),OH,Ohio,USPS Marketing Mail,95.0,94.4,4.65,11567,1.2,NORMAL,Normal Network Operations
2024,Q3,4,2024-06-22,2024-06-28,Central,Ohio 1 (Columbus),OH,Ohio,Package Services / Ground Adv,92.0,91.9,3.64,4851,2.4,NORMAL,Normal Network Operations
2024,Q3,4,2024-06-22,2024-06-28,Central,Ohio 1 (Columbus),OH,Ohio,Periodicals,90.0,88.6,5.39,2375,3.1,NORMAL,Normal Network Operations
2024,Q3,4,2024-06-22,2024-06-28,Central,Michigan 1 (Detroit),MI,Michigan,First-Class Mail (2-Day),95.0,93.2,2.34,15728,2.1,NORMAL,Normal Network Operations
2024,Q3,4,2024-06-22,2024-06-28,Central,Michigan 1 (Detroit),MI,Michigan,First-Class Mail (3-5 Day),93.0,89.6,4.21,10750,3.3,NORMAL,Normal Network Operations
2024,Q3,4,2024-06-22,2024-06-28,Central,Michigan 1 (Detroit),MI,Michigan,USPS Marketing Mail,95.0,93.5,4.67,11176,1.5,NORMAL,Normal Network Operations
2024,Q3,4,2024-06-22,2024-06-28,Central,Michigan 1 (Detroit),MI,Michigan,Package Services / Ground Adv,92.0,92.1,3.71,4461,1.9,NORMAL,Normal Network Operations
2024,Q3,4,2024-06-22,2024-06-28,Central,Michigan 1 (Detroit),MI,Michigan,Periodicals,90.0,88.0,5.56,2106,3.0,NORMAL,Normal Network Operations
2024,Q3,4,2024-06-22,2024-06-28,Central,Indiana,IN,Indiana,First-Class Mail (2-Day),95.0,93.4,2.31,14719,1.7,NORMAL,Normal Network Operations
2024,Q3,4,2024-06-22,2024-06-28,Central,Indiana,IN,Indiana,First-Class Mail (3-5 Day),93.0,91.7,4.18,11265,2.2,NORMAL,Normal Network Operations
2024,Q3,4,2024-06-22,2024-06-28,Central,Indiana,IN,Indiana,USPS Marketing Mail,95.0,93.7,4.85,11004,1.7,NORMAL,Normal Network Operations
2024,Q3,4,2024-06-22,2024-06-28,Central,Indiana,IN,Indiana,Package Services / Ground Adv,92.0,91.5,3.63,4543,1.8,NORMAL,Normal Network Operations
2024,Q3,4,2024-06-22,2024-06-28,Central,Indiana,IN,Indiana,Periodicals,90.0,90.4,5.44,2327,2.4,NORMAL,Normal Network Operations
2024,Q3,4,2024-06-22,2024-06-28,Central,Illinois 1 (Chicago),IL,Illinois,First-Class Mail (2-Day),95.0,89.9,2.54,15350,2.9,NORMAL,Normal Network Operations
2024,Q3,4,2024-06-22,2024-06-28,Central,Illinois 1 (Chicago),IL,Illinois,First-Class Mail (3-5 Day),93.0,89.4,4.29,11289,3.3,NORMAL,Normal Network Operations
2024,Q3,4,2024-06-22,2024-06-28,Central,Illinois 1 (Chicago),IL,Illinois,USPS Marketing Mail,95.0,92.1,4.72,10602,1.5,NORMAL,Normal Network Operations
2024,Q3,4,2024-06-22,2024-06-28,Central,Illinois 1 (Chicago),IL,Illinois,Package Services / Ground Adv,92.0,90.3,3.59,4579,2.7,NORMAL,Normal Network Operations
2024,Q3,4,2024-06-22,2024-06-28,Central,Illinois 1 (Chicago),IL,Illinois,Periodicals,90.0,86.6,5.56,2234,4.2,NORMAL,Normal Network Operations
2024,Q3,4,2024-06-22,2024-06-28,Central,Wisconsin,WI,Wisconsin,First-Class Mail (2-Day),95.0,94.6,2.28,15534,1.5,NORMAL,Normal Network Operations
2024,Q3,4,2024-06-22,2024-06-28,Central,Wisconsin,WI,Wisconsin,First-Class Mail (3-5 Day),93.0,92.7,4.2,11739,2.2,NORMAL,Normal Network Operations
2024,Q3,4,2024-06-22,2024-06-28,Central,Wisconsin,WI,Wisconsin,USPS Marketing Mail,95.0,94.6,4.81,10592,1.5,NORMAL,Normal Network Operations
2024,Q3,4,2024-06-22,2024-06-28,Central,Wisconsin,WI,Wisconsin,Package Services / Ground Adv,92.0,92.9,3.45,4813,1.8,NORMAL,Normal Network Operations
2024,Q3,4,2024-06-22,2024-06-28,Central,Wisconsin,WI,Wisconsin,Periodicals,90.0,91.2,5.36,2401,2.2,NORMAL,Normal Network Operations
2024,Q3,4,2024-06-22,2024-06-28,Central,Northland,MN,Minnesota,First-Class Mail (2-Day),95.0,92.6,2.55,14813,1.9,NORMAL,Normal Network Operations
2024,Q3,4,2024-06-22,2024-06-28,Central,Northland,MN,Minnesota,First-Class Mail (3-5 Day),93.0,90.9,4.37,11257,2.4,NORMAL,Normal Network Operations
2024,Q3,4,2024-06-22,2024-06-28,Central,Northland,MN,Minnesota,USPS Marketing Mail,95.0,93.9,4.83,11722,1.9,NORMAL,Normal Network Operations
2024,Q3,4,2024-06-22,2024-06-28,Central,Northland,MN,Minnesota,Package Services / Ground Adv,92.0,91.9,3.75,4466,2.6,NORMAL,Normal Network Operations
2024,Q3,4,2024-06-22,2024-06-28,Central,Northland,MN,Minnesota,Periodicals,90.0,89.0,5.52,2339,2.6,NORMAL,Normal Network Operations
2024,Q3,4,2024-06-22,2024-06-28,Central,Dakotas,ND,North Dakota,First-Class Mail (2-Day),95.0,93.7,2.53,16283,1.8,NORMAL,Normal Network Operations
2024,Q3,4,2024-06-22,2024-06-28,Central,Dakotas,ND,North Dakota,First-Class Mail (3-5 Day),93.0,93.0,4.08,11473,1.9,NORMAL,Normal Network Operations
2024,Q3,4,2024-06-22,2024-06-28,Central,Dakotas,ND,North Dakota,USPS Marketing Mail,95.0,94.5,4.74,12116,1.3,NORMAL,Normal Network Operations
2024,Q3,4,2024-06-22,2024-06-28,Central,Dakotas,ND,North Dakota,Package Services / Ground Adv,92.0,93.6,3.54,4639,2.0,NORMAL,Normal Network Operations
2024,Q3,4,2024-06-22,2024-06-28,Central,Dakotas,ND,North Dakota,Periodicals,90.0,90.3,5.36,2242,1.9,NORMAL,Normal Network Operations
2024,Q3,4,2024-06-22,2024-06-28,Central,Dakotas,SD,South Dakota,First-Class Mail (2-Day),95.0,94.1,2.39,16374,1.6,NORMAL,Normal Network Operations
2024,Q3,4,2024-06-22,2024-06-28,Central,Dakotas,SD,South Dakota,First-Class Mail (3-5 Day),93.0,92.5,4.28,11804,1.7,NORMAL,Normal Network Operations
2024,Q3,4,2024-06-22,2024-06-28,Central,Dakotas,SD,South Dakota,USPS Marketing Mail,95.0,94.8,4.58,11556,1.0,NORMAL,Normal Network Operations
2024,Q3,4,2024-06-22,2024-06-28,Central,Dakotas,SD,South Dakota,Package Services / Ground Adv,92.0,92.2,3.51,4346,2.2,NORMAL,Normal Network Operations
2024,Q3,4,2024-06-22,2024-06-28,Central,Dakotas,SD,South Dakota,Periodicals,90.0,89.8,5.48,2176,3.0,NORMAL,Normal Network Operations
2024,Q3,4,2024-06-22,2024-06-28,Central,Iowa/Nebraska,IA,Iowa,First-Class Mail (2-Day),95.0,95.1,2.44,14748,0.9,NORMAL,Normal Network Operations
2024,Q3,4,2024-06-22,2024-06-28,Central,Iowa/Nebraska,IA,Iowa,First-Class Mail (3-5 Day),93.0,93.2,4.25,11686,1.9,NORMAL,Normal Network Operations
2024,Q3,4,2024-06-22,2024-06-28,Central,Iowa/Nebraska,IA,Iowa,USPS Marketing Mail,95.0,95.4,4.72,11787,1.0,NORMAL,Normal Network Operations
2024,Q3,4,2024-06-22,2024-06-28,Central,Iowa/Nebraska,IA,Iowa,Package Services / Ground Adv,92.0,93.0,3.68,4419,1.9,NORMAL,Normal Network Operations
2024,Q3,4,2024-06-22,2024-06-28,Central,Iowa/Nebraska,IA,Iowa,Periodicals,90.0,92.1,5.26,2268,2.5,NORMAL,Normal Network Operations
2024,Q3,4,2024-06-22,2024-06-28,Central,Iowa/Nebraska,NE,Nebraska,First-Class Mail (2-Day),95.0,93.0,2.5,16457,1.5,NORMAL,Normal Network Operations
2024,Q3,4,2024-06-22,2024-06-28,Central,Iowa/Nebraska,NE,Nebraska,First-Class Mail (3-5 Day),93.0,92.9,4.28,11618,2.1,NORMAL,Normal Network Operations
2024,Q3,4,2024-06-22,2024-06-28,Central,Iowa/Nebraska,NE,Nebraska,USPS Marketing Mail,95.0,95.4,4.66,11436,1.3,NORMAL,Normal Network Operations
2024,Q3,4,2024-06-22,2024-06-28,Central,Iowa/Nebraska,NE,Nebraska,Package Services / Ground Adv,92.0,93.9,3.46,4267,1.9,NORMAL,Normal Network Operations
2024,Q3,4,2024-06-22,2024-06-28,Central,Iowa/Nebraska,NE,Nebraska,Periodicals,90.0,91.1,5.27,2254,1.8,NORMAL,Normal Network Operations
2024,Q3,4,2024-06-22,2024-06-28,Central,Kansas/Missouri,KS,Kansas,First-Class Mail (2-Day),95.0,93.4,2.46,14817,1.6,NORMAL,Normal Network Operations
2024,Q3,4,2024-06-22,2024-06-28,Central,Kansas/Missouri,KS,Kansas,First-Class Mail (3-5 Day),93.0,91.7,4.18,11627,1.8,NORMAL,Normal Network Operations
2024,Q3,4,2024-06-22,2024-06-28,Central,Kansas/Missouri,KS,Kansas,USPS Marketing Mail,95.0,93.7,4.68,10441,1.3,NORMAL,Normal Network Operations
2024,Q3,4,2024-06-22,2024-06-28,Central,Kansas/Missouri,KS,Kansas,Package Services / Ground Adv,92.0,93.7,3.57,4493,1.7,NORMAL,Normal Network Operations
2024,Q3,4,2024-06-22,2024-06-28,Central,Kansas/Missouri,KS,Kansas,Periodicals,90.0,90.4,5.47,2184,2.2,NORMAL,Normal Network Operations
2024,Q3,4,2024-06-22,2024-06-28,Central,Kansas/Missouri,MO,Missouri,First-Class Mail (2-Day),95.0,92.1,2.39,15762,1.6,NORMAL,Normal Network Operations
2024,Q3,4,2024-06-22,2024-06-28,Central,Kansas/Missouri,MO,Missouri,First-Class Mail (3-5 Day),93.0,90.4,4.18,10748,2.4,NORMAL,Normal Network Operations
2024,Q3,4,2024-06-22,2024-06-28,Central,Kansas/Missouri,MO,Missouri,USPS Marketing Mail,95.0,92.9,4.73,10743,1.6,NORMAL,Normal Network Operations
2024,Q3,4,2024-06-22,2024-06-28,Central,Kansas/Missouri,MO,Missouri,Package Services / Ground Adv,92.0,92.4,3.73,4733,1.9,NORMAL,Normal Network Operations
2024,Q3,4,2024-06-22,2024-06-28,Central,Kansas/Missouri,MO,Missouri,Periodicals,90.0,90.5,5.44,2230,1.7,NORMAL,Normal Network Operations
2024,Q3,4,2024-06-22,2024-06-28,Southern,Georgia (Atlanta),GA,Georgia,First-Class Mail (2-Day),95.0,64.9,3.99,16210,9.4,CRITICAL,Palmetto RPDC Consolidation / Sorter Integration Delays
2024,Q3,4,2024-06-22,2024-06-28,Southern,Georgia (Atlanta),GA,Georgia,First-Class Mail (3-5 Day),93.0,67.2,5.42,11322,10.2,CRITICAL,Palmetto RPDC Consolidation / Sorter Integration Delays
2024,Q3,4,2024-06-22,2024-06-28,Southern,Georgia (Atlanta),GA,Georgia,USPS Marketing Mail,95.0,70.4,5.86,11795,8.7,CRITICAL,Palmetto RPDC Consolidation / Sorter Integration Delays
2024,Q3,4,2024-06-22,2024-06-28,Southern,Georgia (Atlanta),GA,Georgia,Package Services / Ground Adv,92.0,65.5,4.86,4510,10.5,CRITICAL,Palmetto RPDC Consolidation / Sorter Integration Delays
2024,Q3,4,2024-06-22,2024-06-28,Southern,Georgia (Atlanta),GA,Georgia,Periodicals,90.0,64.0,6.73,2072,11.3,CRITICAL,Palmetto RPDC Consolidation / Sorter Integration Delays
2024,Q3,4,2024-06-22,2024-06-28,Southern,Florida 1 (Central),FL,Florida,First-Class Mail (2-Day),95.0,91.7,2.6,66678,2.3,NORMAL,Normal Network Operations
2024,Q3,4,2024-06-22,2024-06-28,Southern,Florida 1 (Central),FL,Florida,First-Class Mail (3-5 Day),93.0,90.3,4.31,46459,1.9,NORMAL,Normal Network Operations
2024,Q3,4,2024-06-22,2024-06-28,Southern,Florida 1 (Central),FL,Florida,USPS Marketing Mail,95.0,94.6,4.72,48166,1.6,NORMAL,Normal Network Operations
2024,Q3,4,2024-06-22,2024-06-28,Southern,Florida 1 (Central),FL,Florida,Package Services / Ground Adv,92.0,92.3,3.59,17515,1.6,NORMAL,Normal Network Operations
2024,Q3,4,2024-06-22,2024-06-28,Southern,Florida 1 (Central),FL,Florida,Periodicals,90.0,88.2,5.58,9083,2.2,NORMAL,Normal Network Operations
2024,Q3,4,2024-06-22,2024-06-28,Southern,Alabama/Mississippi,AL,Alabama,First-Class Mail (2-Day),95.0,91.7,2.46,15467,1.8,NORMAL,Normal Network Operations
2024,Q3,4,2024-06-22,2024-06-28,Southern,Alabama/Mississippi,AL,Alabama,First-Class Mail (3-5 Day),93.0,89.6,4.2,11561,2.5,NORMAL,Normal Network Operations
2024,Q3,4,2024-06-22,2024-06-28,Southern,Alabama/Mississippi,AL,Alabama,USPS Marketing Mail,95.0,92.4,4.83,11710,2.1,NORMAL,Normal Network Operations
2024,Q3,4,2024-06-22,2024-06-28,Southern,Alabama/Mississippi,AL,Alabama,Package Services / Ground Adv,92.0,90.7,3.56,4808,2.6,NORMAL,Normal Network Operations
2024,Q3,4,2024-06-22,2024-06-28,Southern,Alabama/Mississippi,AL,Alabama,Periodicals,90.0,87.1,5.51,2101,3.7,NORMAL,Normal Network Operations
2024,Q3,4,2024-06-22,2024-06-28,Southern,Alabama/Mississippi,MS,Mississippi,First-Class Mail (2-Day),95.0,91.5,2.51,16155,2.1,NORMAL,Normal Network Operations
2024,Q3,4,2024-06-22,2024-06-28,Southern,Alabama/Mississippi,MS,Mississippi,First-Class Mail (3-5 Day),93.0,88.6,4.29,11053,2.9,NORMAL,Normal Network Operations
2024,Q3,4,2024-06-22,2024-06-28,Southern,Alabama/Mississippi,MS,Mississippi,USPS Marketing Mail,95.0,92.4,4.92,10609,1.9,NORMAL,Normal Network Operations
2024,Q3,4,2024-06-22,2024-06-28,Southern,Alabama/Mississippi,MS,Mississippi,Package Services / Ground Adv,92.0,90.3,3.78,4665,3.0,NORMAL,Normal Network Operations
2024,Q3,4,2024-06-22,2024-06-28,Southern,Alabama/Mississippi,MS,Mississippi,Periodicals,90.0,87.1,5.57,2269,4.0,NORMAL,Normal Network Operations
2024,Q3,4,2024-06-22,2024-06-28,Southern,Tennessee,TN,Tennessee,First-Class Mail (2-Day),95.0,91.9,2.55,15843,1.5,NORMAL,Normal Network Operations
2024,Q3,4,2024-06-22,2024-06-28,Southern,Tennessee,TN,Tennessee,First-Class Mail (3-5 Day),93.0,91.7,4.3,11976,1.8,NORMAL,Normal Network Operations
2024,Q3,4,2024-06-22,2024-06-28,Southern,Tennessee,TN,Tennessee,USPS Marketing Mail,95.0,93.2,4.79,11272,1.6,NORMAL,Normal Network Operations
2024,Q3,4,2024-06-22,2024-06-28,Southern,Tennessee,TN,Tennessee,Package Services / Ground Adv,92.0,91.0,3.76,4279,1.9,NORMAL,Normal Network Operations
2024,Q3,4,2024-06-22,2024-06-28,Southern,Tennessee,TN,Tennessee,Periodicals,90.0,88.5,5.59,2376,3.4,NORMAL,Normal Network Operations
2024,Q3,4,2024-06-22,2024-06-28,Southern,Kentucky,KY,Kentucky,First-Class Mail (2-Day),95.0,93.4,2.43,15875,2.1,NORMAL,Normal Network Operations
2024,Q3,4,2024-06-22,2024-06-28,Southern,Kentucky,KY,Kentucky,First-Class Mail (3-5 Day),93.0,89.7,4.22,11656,2.0,NORMAL,Normal Network Operations
2024,Q3,4,2024-06-22,2024-06-28,Southern,Kentucky,KY,Kentucky,USPS Marketing Mail,95.0,93.2,4.65,11529,1.5,NORMAL,Normal Network Operations
2024,Q3,4,2024-06-22,2024-06-28,Southern,Kentucky,KY,Kentucky,Package Services / Ground Adv,92.0,90.4,3.8,4368,2.6,NORMAL,Normal Network Operations
2024,Q3,4,2024-06-22,2024-06-28,Southern,Kentucky,KY,Kentucky,Periodicals,90.0,88.8,5.42,2280,3.0,NORMAL,Normal Network Operations
2024,Q3,4,2024-06-22,2024-06-28,Southern,Arkansas,AR,Arkansas,First-Class Mail (2-Day),95.0,93.3,2.4,15569,1.5,NORMAL,Normal Network Operations
2024,Q3,4,2024-06-22,2024-06-28,Southern,Arkansas,AR,Arkansas,First-Class Mail (3-5 Day),93.0,89.7,4.25,11681,2.2,NORMAL,Normal Network Operations
2024,Q3,4,2024-06-22,2024-06-28,Southern,Arkansas,AR,Arkansas,USPS Marketing Mail,95.0,93.7,4.63,11669,1.9,NORMAL,Normal Network Operations
2024,Q3,4,2024-06-22,2024-06-28,Southern,Arkansas,AR,Arkansas,Package Services / Ground Adv,92.0,93.0,3.53,4359,1.7,NORMAL,Normal Network Operations
2024,Q3,4,2024-06-22,2024-06-28,Southern,Arkansas,AR,Arkansas,Periodicals,90.0,89.7,5.46,2373,2.1,NORMAL,Normal Network Operations
2024,Q3,4,2024-06-22,2024-06-28,Southern,Louisiana,LA,Louisiana,First-Class Mail (2-Day),95.0,91.7,2.54,15153,1.7,NORMAL,Normal Network Operations
2024,Q3,4,2024-06-22,2024-06-28,Southern,Louisiana,LA,Louisiana,First-Class Mail (3-5 Day),93.0,89.5,4.23,10383,2.0,NORMAL,Normal Network Operations
2024,Q3,4,2024-06-22,2024-06-28,Southern,Louisiana,LA,Louisiana,USPS Marketing Mail,95.0,91.6,4.86,11079,1.5,NORMAL,Normal Network Operations
2024,Q3,4,2024-06-22,2024-06-28,Southern,Louisiana,LA,Louisiana,Package Services / Ground Adv,92.0,90.0,3.73,4531,3.1,NORMAL,Normal Network Operations
2024,Q3,4,2024-06-22,2024-06-28,Southern,Louisiana,LA,Louisiana,Periodicals,90.0,88.5,5.56,2201,2.8,NORMAL,Normal Network Operations
2024,Q3,4,2024-06-22,2024-06-28,Southern,Oklahoma,OK,Oklahoma,First-Class Mail (2-Day),95.0,92.3,2.56,15223,2.2,NORMAL,Normal Network Operations
2024,Q3,4,2024-06-22,2024-06-28,Southern,Oklahoma,OK,Oklahoma,First-Class Mail (3-5 Day),93.0,90.7,4.25,11253,2.3,NORMAL,Normal Network Operations
2024,Q3,4,2024-06-22,2024-06-28,Southern,Oklahoma,OK,Oklahoma,USPS Marketing Mail,95.0,94.2,4.79,11455,1.7,NORMAL,Normal Network Operations
2024,Q3,4,2024-06-22,2024-06-28,Southern,Oklahoma,OK,Oklahoma,Package Services / Ground Adv,92.0,91.2,3.64,4268,2.2,NORMAL,Normal Network Operations
2024,Q3,4,2024-06-22,2024-06-28,Southern,Oklahoma,OK,Oklahoma,Periodicals,90.0,90.6,5.51,2334,2.6,NORMAL,Normal Network Operations
2024,Q3,4,2024-06-22,2024-06-28,Southern,Texas 2 (Houston/Gulf),TX,Texas,First-Class Mail (2-Day),95.0,75.6,3.33,58593,5.1,CRITICAL,North Houston Processing & Network Modernization Bottleneck
2024,Q3,4,2024-06-22,2024-06-28,Southern,Texas 2 (Houston/Gulf),TX,Texas,First-Class Mail (3-5 Day),93.0,73.3,5.26,44001,5.6,CRITICAL,North Houston Processing & Network Modernization Bottleneck
2024,Q3,4,2024-06-22,2024-06-28,Southern,Texas 2 (Houston/Gulf),TX,Texas,USPS Marketing Mail,95.0,76.7,5.71,43733,4.3,CRITICAL,North Houston Processing & Network Modernization Bottleneck
2024,Q3,4,2024-06-22,2024-06-28,Southern,Texas 2 (Houston/Gulf),TX,Texas,Package Services / Ground Adv,92.0,73.9,4.61,17318,7.7,CRITICAL,North Houston Processing & Network Modernization Bottleneck
2024,Q3,4,2024-06-22,2024-06-28,Southern,Texas 2 (Houston/Gulf),TX,Texas,Periodicals,90.0,71.4,6.31,9220,7.8,CRITICAL,North Houston Processing & Network Modernization Bottleneck
2024,Q3,4,2024-06-22,2024-06-28,WestPac,Washington,WA,Washington,First-Class Mail (2-Day),95.0,93.9,2.39,16776,1.5,NORMAL,Normal Network Operations
2024,Q3,4,2024-06-22,2024-06-28,WestPac,Washington,WA,Washington,First-Class Mail (3-5 Day),93.0,90.9,4.37,11226,2.1,NORMAL,Normal Network Operations
2024,Q3,4,2024-06-22,2024-06-28,WestPac,Washington,WA,Washington,USPS Marketing Mail,95.0,93.9,4.72,10600,1.6,NORMAL,Normal Network Operations
2024,Q3,4,2024-06-22,2024-06-28,WestPac,Washington,WA,Washington,Package Services / Ground Adv,92.0,91.3,3.69,4292,1.7,NORMAL,Normal Network Operations
2024,Q3,4,2024-06-22,2024-06-28,WestPac,Washington,WA,Washington,Periodicals,90.0,88.8,5.53,2112,2.6,NORMAL,Normal Network Operations
2024,Q3,4,2024-06-22,2024-06-28,WestPac,Oregon/Idaho,OR,Oregon,First-Class Mail (2-Day),95.0,93.0,2.52,15703,2.1,NORMAL,Normal Network Operations
2024,Q3,4,2024-06-22,2024-06-28,WestPac,Oregon/Idaho,OR,Oregon,First-Class Mail (3-5 Day),93.0,91.3,4.16,11850,1.8,NORMAL,Normal Network Operations
2024,Q3,4,2024-06-22,2024-06-28,WestPac,Oregon/Idaho,OR,Oregon,USPS Marketing Mail,95.0,93.3,4.77,10640,1.2,NORMAL,Normal Network Operations
2024,Q3,4,2024-06-22,2024-06-28,WestPac,Oregon/Idaho,OR,Oregon,Package Services / Ground Adv,92.0,92.9,3.59,4180,1.3,NORMAL,Normal Network Operations
2024,Q3,4,2024-06-22,2024-06-28,WestPac,Oregon/Idaho,OR,Oregon,Periodicals,90.0,89.5,5.56,2285,2.2,NORMAL,Normal Network Operations
2024,Q3,4,2024-06-22,2024-06-28,WestPac,California 1 (Bay Area),CA,California,First-Class Mail (2-Day),95.0,92.1,2.57,64630,1.4,NORMAL,Normal Network Operations
2024,Q3,4,2024-06-22,2024-06-28,WestPac,California 1 (Bay Area),CA,California,First-Class Mail (3-5 Day),93.0,89.2,4.34,48547,2.1,NORMAL,Normal Network Operations
2024,Q3,4,2024-06-22,2024-06-28,WestPac,California 1 (Bay Area),CA,California,USPS Marketing Mail,95.0,93.6,4.82,45726,1.3,NORMAL,Normal Network Operations
2024,Q3,4,2024-06-22,2024-06-28,WestPac,California 1 (Bay Area),CA,California,Package Services / Ground Adv,92.0,91.6,3.55,18459,2.5,NORMAL,Normal Network Operations
2024,Q3,4,2024-06-22,2024-06-28,WestPac,California 1 (Bay Area),CA,California,Periodicals,90.0,87.8,5.48,8932,3.4,NORMAL,Normal Network Operations
2024,Q3,4,2024-06-22,2024-06-28,WestPac,Nevada,NV,Nevada,First-Class Mail (2-Day),95.0,93.4,2.41,14763,1.4,NORMAL,Normal Network Operations
2024,Q3,4,2024-06-22,2024-06-28,WestPac,Nevada,NV,Nevada,First-Class Mail (3-5 Day),93.0,90.3,4.3,11105,2.9,NORMAL,Normal Network Operations
2024,Q3,4,2024-06-22,2024-06-28,WestPac,Nevada,NV,Nevada,USPS Marketing Mail,95.0,93.2,4.75,11456,1.3,NORMAL,Normal Network Operations
2024,Q3,4,2024-06-22,2024-06-28,WestPac,Nevada,NV,Nevada,Package Services / Ground Adv,92.0,91.1,3.66,4224,2.6,NORMAL,Normal Network Operations
2024,Q3,4,2024-06-22,2024-06-28,WestPac,Nevada,NV,Nevada,Periodicals,90.0,89.7,5.46,2367,2.0,NORMAL,Normal Network Operations
2024,Q3,4,2024-06-22,2024-06-28,WestPac,Oregon/Idaho,ID,Idaho,First-Class Mail (2-Day),95.0,95.0,2.41,15805,1.4,NORMAL,Normal Network Operations
2024,Q3,4,2024-06-22,2024-06-28,WestPac,Oregon/Idaho,ID,Idaho,First-Class Mail (3-5 Day),93.0,91.5,4.25,10763,1.6,NORMAL,Normal Network Operations
2024,Q3,4,2024-06-22,2024-06-28,WestPac,Oregon/Idaho,ID,Idaho,USPS Marketing Mail,95.0,95.5,4.61,11410,1.3,NORMAL,Normal Network Operations
2024,Q3,4,2024-06-22,2024-06-28,WestPac,Oregon/Idaho,ID,Idaho,Package Services / Ground Adv,92.0,93.6,3.59,4210,1.8,NORMAL,Normal Network Operations
2024,Q3,4,2024-06-22,2024-06-28,WestPac,Oregon/Idaho,ID,Idaho,Periodicals,90.0,89.6,5.36,2379,2.6,NORMAL,Normal Network Operations
2024,Q3,4,2024-06-22,2024-06-28,WestPac,Montana/Wyoming,MT,Montana,First-Class Mail (2-Day),95.0,94.0,2.39,14966,1.8,NORMAL,Normal Network Operations
2024,Q3,4,2024-06-22,2024-06-28,WestPac,Montana/Wyoming,MT,Montana,First-Class Mail (3-5 Day),93.0,92.8,4.2,10562,2.1,NORMAL,Normal Network Operations
2024,Q3,4,2024-06-22,2024-06-28,WestPac,Montana/Wyoming,MT,Montana,USPS Marketing Mail,95.0,94.1,4.76,10918,1.6,NORMAL,Normal Network Operations
2024,Q3,4,2024-06-22,2024-06-28,WestPac,Montana/Wyoming,MT,Montana,Package Services / Ground Adv,92.0,93.2,3.6,4322,1.4,NORMAL,Normal Network Operations
2024,Q3,4,2024-06-22,2024-06-28,WestPac,Montana/Wyoming,MT,Montana,Periodicals,90.0,91.9,5.28,2169,1.9,NORMAL,Normal Network Operations
2024,Q3,4,2024-06-22,2024-06-28,WestPac,Montana/Wyoming,WY,Wyoming,First-Class Mail (2-Day),95.0,94.7,2.36,16465,1.5,NORMAL,Normal Network Operations
2024,Q3,4,2024-06-22,2024-06-28,WestPac,Montana/Wyoming,WY,Wyoming,First-Class Mail (3-5 Day),93.0,92.1,4.22,10806,1.8,NORMAL,Normal Network Operations
2024,Q3,4,2024-06-22,2024-06-28,WestPac,Montana/Wyoming,WY,Wyoming,USPS Marketing Mail,95.0,94.6,4.74,11674,1.2,NORMAL,Normal Network Operations
2024,Q3,4,2024-06-22,2024-06-28,WestPac,Montana/Wyoming,WY,Wyoming,Package Services / Ground Adv,92.0,94.2,3.57,4461,1.6,NORMAL,Normal Network Operations
2024,Q3,4,2024-06-22,2024-06-28,WestPac,Montana/Wyoming,WY,Wyoming,Periodicals,90.0,91.3,5.27,2214,1.8,NORMAL,Normal Network Operations
2024,Q3,4,2024-06-22,2024-06-28,WestPac,Utah,UT,Utah,First-Class Mail (2-Day),95.0,93.7,2.48,16271,1.6,NORMAL,Normal Network Operations
2024,Q3,4,2024-06-22,2024-06-28,WestPac,Utah,UT,Utah,First-Class Mail (3-5 Day),93.0,91.1,4.13,10513,2.8,NORMAL,Normal Network Operations
2024,Q3,4,2024-06-22,2024-06-28,WestPac,Utah,UT,Utah,USPS Marketing Mail,95.0,94.0,4.7,10465,1.9,NORMAL,Normal Network Operations
2024,Q3,4,2024-06-22,2024-06-28,WestPac,Utah,UT,Utah,Package Services / Ground Adv,92.0,92.4,3.47,4416,1.5,NORMAL,Normal Network Operations
2024,Q3,4,2024-06-22,2024-06-28,WestPac,Utah,UT,Utah,Periodicals,90.0,91.8,5.33,2326,2.2,NORMAL,Normal Network Operations
2024,Q3,4,2024-06-22,2024-06-28,WestPac,Colorado,CO,Colorado,First-Class Mail (2-Day),95.0,93.6,2.52,16103,2.0,NORMAL,Normal Network Operations
2024,Q3,4,2024-06-22,2024-06-28,WestPac,Colorado,CO,Colorado,First-Class Mail (3-5 Day),93.0,91.1,4.3,11797,1.9,NORMAL,Normal Network Operations
2024,Q3,4,2024-06-22,2024-06-28,WestPac,Colorado,CO,Colorado,USPS Marketing Mail,95.0,93.7,4.76,11278,1.2,NORMAL,Normal Network Operations
2024,Q3,4,2024-06-22,2024-06-28,WestPac,Colorado,CO,Colorado,Package Services / Ground Adv,92.0,91.8,3.5,4312,1.7,NORMAL,Normal Network Operations
2024,Q3,4,2024-06-22,2024-06-28,WestPac,Colorado,CO,Colorado,Periodicals,90.0,88.7,5.61,2350,2.3,NORMAL,Normal Network Operations
2024,Q3,4,2024-06-22,2024-06-28,WestPac,Arizona/New Mexico,AZ,Arizona,First-Class Mail (2-Day),95.0,92.8,2.5,15794,1.7,NORMAL,Normal Network Operations
2024,Q3,4,2024-06-22,2024-06-28,WestPac,Arizona/New Mexico,AZ,Arizona,First-Class Mail (3-5 Day),93.0,91.6,4.12,10862,1.6,NORMAL,Normal Network Operations
2024,Q3,4,2024-06-22,2024-06-28,WestPac,Arizona/New Mexico,AZ,Arizona,USPS Marketing Mail,95.0,94.8,4.63,12083,1.6,NORMAL,Normal Network Operations
2024,Q3,4,2024-06-22,2024-06-28,WestPac,Arizona/New Mexico,AZ,Arizona,Package Services / Ground Adv,92.0,91.7,3.55,4809,2.2,NORMAL,Normal Network Operations
2024,Q3,4,2024-06-22,2024-06-28,WestPac,Arizona/New Mexico,AZ,Arizona,Periodicals,90.0,89.9,5.39,2108,2.2,NORMAL,Normal Network Operations
2024,Q3,4,2024-06-22,2024-06-28,WestPac,Arizona/New Mexico,NM,New Mexico,First-Class Mail (2-Day),95.0,91.8,2.65,16513,1.8,NORMAL,Normal Network Operations
2024,Q3,4,2024-06-22,2024-06-28,WestPac,Arizona/New Mexico,NM,New Mexico,First-Class Mail (3-5 Day),93.0,91.7,4.31,11384,2.5,NORMAL,Normal Network Operations
2024,Q3,4,2024-06-22,2024-06-28,WestPac,Arizona/New Mexico,NM,New Mexico,USPS Marketing Mail,95.0,94.1,4.73,11735,1.9,NORMAL,Normal Network Operations
2024,Q3,4,2024-06-22,2024-06-28,WestPac,Arizona/New Mexico,NM,New Mexico,Package Services / Ground Adv,92.0,92.4,3.58,4471,2.4,NORMAL,Normal Network Operations
2024,Q3,4,2024-06-22,2024-06-28,WestPac,Arizona/New Mexico,NM,New Mexico,Periodicals,90.0,89.5,5.34,2094,1.9,NORMAL,Normal Network Operations
2024,Q3,4,2024-06-22,2024-06-28,WestPac,Alaska,AK,Alaska,First-Class Mail (2-Day),95.0,90.1,2.66,15069,3.2,NORMAL,Normal Network Operations
2024,Q3,4,2024-06-22,2024-06-28,WestPac,Alaska,AK,Alaska,First-Class Mail (3-5 Day),93.0,87.2,4.46,10367,4.0,NORMAL,Normal Network Operations
2024,Q3,4,2024-06-22,2024-06-28,WestPac,Alaska,AK,Alaska,USPS Marketing Mail,95.0,91.4,4.74,11562,1.8,NORMAL,Normal Network Operations
2024,Q3,4,2024-06-22,2024-06-28,WestPac,Alaska,AK,Alaska,Package Services / Ground Adv,92.0,89.6,3.85,4483,2.0,NORMAL,Normal Network Operations
2024,Q3,4,2024-06-22,2024-06-28,WestPac,Alaska,AK,Alaska,Periodicals,90.0,85.9,5.56,2410,4.3,NORMAL,Normal Network Operations
2024,Q3,4,2024-06-22,2024-06-28,WestPac,Hawaii/Pacific,HI,Hawaii,First-Class Mail (2-Day),95.0,91.5,2.54,14993,2.6,NORMAL,Normal Network Operations
2024,Q3,4,2024-06-22,2024-06-28,WestPac,Hawaii/Pacific,HI,Hawaii,First-Class Mail (3-5 Day),93.0,89.5,4.26,10714,3.2,NORMAL,Normal Network Operations
2024,Q3,4,2024-06-22,2024-06-28,WestPac,Hawaii/Pacific,HI,Hawaii,USPS Marketing Mail,95.0,91.3,4.76,10542,2.3,NORMAL,Normal Network Operations
2024,Q3,4,2024-06-22,2024-06-28,WestPac,Hawaii/Pacific,HI,Hawaii,Package Services / Ground Adv,92.0,91.1,3.7,4581,2.4,NORMAL,Normal Network Operations
2024,Q3,4,2024-06-22,2024-06-28,WestPac,Hawaii/Pacific,HI,Hawaii,Periodicals,90.0,88.2,5.38,2243,3.0,NORMAL,Normal Network Operations
2024,Q3,5,2024-06-29,2024-07-05,Atlantic,Northern New England,ME,Maine,First-Class Mail (2-Day),95.0,94.1,2.54,16750,1.5,NORMAL,Normal Network Operations
2024,Q3,5,2024-06-29,2024-07-05,Atlantic,Northern New England,ME,Maine,First-Class Mail (3-5 Day),93.0,92.5,4.32,11998,1.9,NORMAL,Normal Network Operations
2024,Q3,5,2024-06-29,2024-07-05,Atlantic,Northern New England,ME,Maine,USPS Marketing Mail,95.0,94.1,4.73,10447,1.2,NORMAL,Normal Network Operations
2024,Q3,5,2024-06-29,2024-07-05,Atlantic,Northern New England,ME,Maine,Package Services / Ground Adv,92.0,93.5,3.55,4501,1.6,NORMAL,Normal Network Operations
2024,Q3,5,2024-06-29,2024-07-05,Atlantic,Northern New England,ME,Maine,Periodicals,90.0,90.0,5.33,2421,2.8,NORMAL,Normal Network Operations
2024,Q3,5,2024-06-29,2024-07-05,Atlantic,Northern New England,NH,New Hampshire,First-Class Mail (2-Day),95.0,94.0,2.47,14519,1.5,NORMAL,Normal Network Operations
2024,Q3,5,2024-06-29,2024-07-05,Atlantic,Northern New England,NH,New Hampshire,First-Class Mail (3-5 Day),93.0,90.6,4.24,11453,2.5,NORMAL,Normal Network Operations
2024,Q3,5,2024-06-29,2024-07-05,Atlantic,Northern New England,NH,New Hampshire,USPS Marketing Mail,95.0,93.7,4.66,11198,1.6,NORMAL,Normal Network Operations
2024,Q3,5,2024-06-29,2024-07-05,Atlantic,Northern New England,NH,New Hampshire,Package Services / Ground Adv,92.0,92.8,3.57,4291,1.7,NORMAL,Normal Network Operations
2024,Q3,5,2024-06-29,2024-07-05,Atlantic,Northern New England,NH,New Hampshire,Periodicals,90.0,90.5,5.49,2170,2.2,NORMAL,Normal Network Operations
2024,Q3,5,2024-06-29,2024-07-05,Atlantic,Northern New England,VT,Vermont,First-Class Mail (2-Day),95.0,93.3,2.47,15065,1.3,NORMAL,Normal Network Operations
2024,Q3,5,2024-06-29,2024-07-05,Atlantic,Northern New England,VT,Vermont,First-Class Mail (3-5 Day),93.0,90.9,4.2,11127,2.0,NORMAL,Normal Network Operations
2024,Q3,5,2024-06-29,2024-07-05,Atlantic,Northern New England,VT,Vermont,USPS Marketing Mail,95.0,94.6,4.81,10619,1.1,NORMAL,Normal Network Operations
2024,Q3,5,2024-06-29,2024-07-05,Atlantic,Northern New England,VT,Vermont,Package Services / Ground Adv,92.0,93.8,3.52,4856,1.3,NORMAL,Normal Network Operations
2024,Q3,5,2024-06-29,2024-07-05,Atlantic,Northern New England,VT,Vermont,Periodicals,90.0,91.4,5.4,2352,2.2,NORMAL,Normal Network Operations
2024,Q3,5,2024-06-29,2024-07-05,Atlantic,Boston,MA,Massachusetts,First-Class Mail (2-Day),95.0,91.9,2.54,15493,2.1,NORMAL,Normal Network Operations
2024,Q3,5,2024-06-29,2024-07-05,Atlantic,Boston,MA,Massachusetts,First-Class Mail (3-5 Day),93.0,90.7,4.36,11207,1.8,NORMAL,Normal Network Operations
2024,Q3,5,2024-06-29,2024-07-05,Atlantic,Boston,MA,Massachusetts,USPS Marketing Mail,95.0,93.5,4.7,10999,1.6,NORMAL,Normal Network Operations
2024,Q3,5,2024-06-29,2024-07-05,Atlantic,Boston,MA,Massachusetts,Package Services / Ground Adv,92.0,91.5,3.57,4154,2.6,NORMAL,Normal Network Operations
2024,Q3,5,2024-06-29,2024-07-05,Atlantic,Boston,MA,Massachusetts,Periodicals,90.0,88.0,5.64,2141,3.6,NORMAL,Normal Network Operations
2024,Q3,5,2024-06-29,2024-07-05,Atlantic,Boston,RI,Rhode Island,First-Class Mail (2-Day),95.0,93.1,2.37,16456,1.9,NORMAL,Normal Network Operations
2024,Q3,5,2024-06-29,2024-07-05,Atlantic,Boston,RI,Rhode Island,First-Class Mail (3-5 Day),93.0,90.4,4.29,11675,2.6,NORMAL,Normal Network Operations
2024,Q3,5,2024-06-29,2024-07-05,Atlantic,Boston,RI,Rhode Island,USPS Marketing Mail,95.0,94.6,4.63,11487,1.3,NORMAL,Normal Network Operations
2024,Q3,5,2024-06-29,2024-07-05,Atlantic,Boston,RI,Rhode Island,Package Services / Ground Adv,92.0,91.0,3.75,4382,1.8,NORMAL,Normal Network Operations
2024,Q3,5,2024-06-29,2024-07-05,Atlantic,Boston,RI,Rhode Island,Periodicals,90.0,89.7,5.52,2095,2.7,NORMAL,Normal Network Operations
2024,Q3,5,2024-06-29,2024-07-05,Atlantic,Connecticut,CT,Connecticut,First-Class Mail (2-Day),95.0,92.3,2.45,15224,1.6,NORMAL,Normal Network Operations
2024,Q3,5,2024-06-29,2024-07-05,Atlantic,Connecticut,CT,Connecticut,First-Class Mail (3-5 Day),93.0,90.3,4.24,11150,2.6,NORMAL,Normal Network Operations
2024,Q3,5,2024-06-29,2024-07-05,Atlantic,Connecticut,CT,Connecticut,USPS Marketing Mail,95.0,94.8,4.7,12087,1.2,NORMAL,Normal Network Operations
2024,Q3,5,2024-06-29,2024-07-05,Atlantic,Connecticut,CT,Connecticut,Package Services / Ground Adv,92.0,91.9,3.49,4663,1.7,NORMAL,Normal Network Operations
2024,Q3,5,2024-06-29,2024-07-05,Atlantic,Connecticut,CT,Connecticut,Periodicals,90.0,90.0,5.47,2098,3.1,NORMAL,Normal Network Operations
2024,Q3,5,2024-06-29,2024-07-05,Atlantic,New York 2 (Metro),NY,New York,First-Class Mail (2-Day),95.0,90.4,2.48,66817,1.9,NORMAL,Normal Network Operations
2024,Q3,5,2024-06-29,2024-07-05,Atlantic,New York 2 (Metro),NY,New York,First-Class Mail (3-5 Day),93.0,89.1,4.33,46907,2.0,NORMAL,Normal Network Operations
2024,Q3,5,2024-06-29,2024-07-05,Atlantic,New York 2 (Metro),NY,New York,USPS Marketing Mail,95.0,91.0,4.77,46114,2.0,NORMAL,Normal Network Operations
2024,Q3,5,2024-06-29,2024-07-05,Atlantic,New York 2 (Metro),NY,New York,Package Services / Ground Adv,92.0,91.1,3.59,17378,2.0,NORMAL,Normal Network Operations
2024,Q3,5,2024-06-29,2024-07-05,Atlantic,New York 2 (Metro),NY,New York,Periodicals,90.0,88.0,5.61,8321,2.4,NORMAL,Normal Network Operations
2024,Q3,5,2024-06-29,2024-07-05,Atlantic,New Jersey,NJ,New Jersey,First-Class Mail (2-Day),95.0,92.2,2.46,15689,2.3,NORMAL,Normal Network Operations
2024,Q3,5,2024-06-29,2024-07-05,Atlantic,New Jersey,NJ,New Jersey,First-Class Mail (3-5 Day),93.0,90.7,4.22,11150,2.4,NORMAL,Normal Network Operations
2024,Q3,5,2024-06-29,2024-07-05,Atlantic,New Jersey,NJ,New Jersey,USPS Marketing Mail,95.0,93.7,4.64,11425,1.7,NORMAL,Normal Network Operations
2024,Q3,5,2024-06-29,2024-07-05,Atlantic,New Jersey,NJ,New Jersey,Package Services / Ground Adv,92.0,91.1,3.68,4516,2.4,NORMAL,Normal Network Operations
2024,Q3,5,2024-06-29,2024-07-05,Atlantic,New Jersey,NJ,New Jersey,Periodicals,90.0,88.6,5.44,2264,2.5,NORMAL,Normal Network Operations
2024,Q3,5,2024-06-29,2024-07-05,Atlantic,Philadelphia,PA,Pennsylvania,First-Class Mail (2-Day),95.0,93.3,2.41,15144,1.6,NORMAL,Normal Network Operations
2024,Q3,5,2024-06-29,2024-07-05,Atlantic,Philadelphia,PA,Pennsylvania,First-Class Mail (3-5 Day),93.0,89.9,4.41,11876,1.8,NORMAL,Normal Network Operations
2024,Q3,5,2024-06-29,2024-07-05,Atlantic,Philadelphia,PA,Pennsylvania,USPS Marketing Mail,95.0,93.0,4.63,12009,1.7,NORMAL,Normal Network Operations
2024,Q3,5,2024-06-29,2024-07-05,Atlantic,Philadelphia,PA,Pennsylvania,Package Services / Ground Adv,92.0,92.7,3.45,4449,1.8,NORMAL,Normal Network Operations
2024,Q3,5,2024-06-29,2024-07-05,Atlantic,Philadelphia,PA,Pennsylvania,Periodicals,90.0,88.6,5.35,2204,2.4,NORMAL,Normal Network Operations
2024,Q3,5,2024-06-29,2024-07-05,Atlantic,Maryland/Delaware,DE,Delaware,First-Class Mail (2-Day),95.0,93.0,2.44,14901,1.8,NORMAL,Normal Network Operations
2024,Q3,5,2024-06-29,2024-07-05,Atlantic,Maryland/Delaware,DE,Delaware,First-Class Mail (3-5 Day),93.0,91.6,4.2,10823,2.0,NORMAL,Normal Network Operations
2024,Q3,5,2024-06-29,2024-07-05,Atlantic,Maryland/Delaware,DE,Delaware,USPS Marketing Mail,95.0,93.8,4.8,11987,1.3,NORMAL,Normal Network Operations
2024,Q3,5,2024-06-29,2024-07-05,Atlantic,Maryland/Delaware,DE,Delaware,Package Services / Ground Adv,92.0,92.9,3.51,4674,2.0,NORMAL,Normal Network Operations
2024,Q3,5,2024-06-29,2024-07-05,Atlantic,Maryland/Delaware,DE,Delaware,Periodicals,90.0,90.4,5.49,2135,2.3,NORMAL,Normal Network Operations
2024,Q3,5,2024-06-29,2024-07-05,Atlantic,Maryland/Delaware,MD,Maryland,First-Class Mail (2-Day),95.0,91.2,2.59,15175,2.4,NORMAL,Normal Network Operations
2024,Q3,5,2024-06-29,2024-07-05,Atlantic,Maryland/Delaware,MD,Maryland,First-Class Mail (3-5 Day),93.0,89.8,4.2,10439,2.1,NORMAL,Normal Network Operations
2024,Q3,5,2024-06-29,2024-07-05,Atlantic,Maryland/Delaware,MD,Maryland,USPS Marketing Mail,95.0,92.6,4.68,10834,1.5,NORMAL,Normal Network Operations
2024,Q3,5,2024-06-29,2024-07-05,Atlantic,Maryland/Delaware,MD,Maryland,Package Services / Ground Adv,92.0,91.2,3.58,4248,2.5,NORMAL,Normal Network Operations
2024,Q3,5,2024-06-29,2024-07-05,Atlantic,Maryland/Delaware,MD,Maryland,Periodicals,90.0,88.2,5.45,2357,2.7,NORMAL,Normal Network Operations
2024,Q3,5,2024-06-29,2024-07-05,Atlantic,Capital,DC,District of Columbia,First-Class Mail (2-Day),95.0,91.7,2.61,15322,2.0,NORMAL,Normal Network Operations
2024,Q3,5,2024-06-29,2024-07-05,Atlantic,Capital,DC,District of Columbia,First-Class Mail (3-5 Day),93.0,89.1,4.24,11746,3.4,NORMAL,Normal Network Operations
2024,Q3,5,2024-06-29,2024-07-05,Atlantic,Capital,DC,District of Columbia,USPS Marketing Mail,95.0,90.3,4.82,11864,2.4,NORMAL,Normal Network Operations
2024,Q3,5,2024-06-29,2024-07-05,Atlantic,Capital,DC,District of Columbia,Package Services / Ground Adv,92.0,90.3,3.6,4693,2.9,NORMAL,Normal Network Operations
2024,Q3,5,2024-06-29,2024-07-05,Atlantic,Capital,DC,District of Columbia,Periodicals,90.0,86.4,5.58,2335,3.9,NORMAL,Normal Network Operations
2024,Q3,5,2024-06-29,2024-07-05,Atlantic,Virginia,VA,Virginia,First-Class Mail (2-Day),95.0,91.7,2.6,15803,2.0,NORMAL,Normal Network Operations
2024,Q3,5,2024-06-29,2024-07-05,Atlantic,Virginia,VA,Virginia,First-Class Mail (3-5 Day),93.0,91.8,4.27,10911,2.0,NORMAL,Normal Network Operations
2024,Q3,5,2024-06-29,2024-07-05,Atlantic,Virginia,VA,Virginia,USPS Marketing Mail,95.0,93.2,4.63,12037,1.8,NORMAL,Normal Network Operations
2024,Q3,5,2024-06-29,2024-07-05,Atlantic,Virginia,VA,Virginia,Package Services / Ground Adv,92.0,91.9,3.66,4283,1.7,NORMAL,Normal Network Operations
2024,Q3,5,2024-06-29,2024-07-05,Atlantic,Virginia,VA,Virginia,Periodicals,90.0,90.2,5.33,2110,2.9,NORMAL,Normal Network Operations
2024,Q3,5,2024-06-29,2024-07-05,Atlantic,Appalachian,WV,West Virginia,First-Class Mail (2-Day),95.0,92.2,2.42,15185,1.8,NORMAL,Normal Network Operations
2024,Q3,5,2024-06-29,2024-07-05,Atlantic,Appalachian,WV,West Virginia,First-Class Mail (3-5 Day),93.0,88.8,4.24,10425,3.3,NORMAL,Normal Network Operations
2024,Q3,5,2024-06-29,2024-07-05,Atlantic,Appalachian,WV,West Virginia,USPS Marketing Mail,95.0,93.4,4.77,11018,1.6,NORMAL,Normal Network Operations
2024,Q3,5,2024-06-29,2024-07-05,Atlantic,Appalachian,WV,West Virginia,Package Services / Ground Adv,92.0,89.9,3.61,4585,2.0,NORMAL,Normal Network Operations
2024,Q3,5,2024-06-29,2024-07-05,Atlantic,Appalachian,WV,West Virginia,Periodicals,90.0,89.4,5.48,2091,3.4,NORMAL,Normal Network Operations
2024,Q3,5,2024-06-29,2024-07-05,Atlantic,North Carolina,NC,North Carolina,First-Class Mail (2-Day),95.0,92.8,2.55,14807,2.0,NORMAL,Normal Network Operations
2024,Q3,5,2024-06-29,2024-07-05,Atlantic,North Carolina,NC,North Carolina,First-Class Mail (3-5 Day),93.0,89.7,4.41,11712,3.3,NORMAL,Normal Network Operations
2024,Q3,5,2024-06-29,2024-07-05,Atlantic,North Carolina,NC,North Carolina,USPS Marketing Mail,95.0,94.0,4.63,11590,1.4,NORMAL,Normal Network Operations
2024,Q3,5,2024-06-29,2024-07-05,Atlantic,North Carolina,NC,North Carolina,Package Services / Ground Adv,92.0,91.2,3.76,4489,1.7,NORMAL,Normal Network Operations
2024,Q3,5,2024-06-29,2024-07-05,Atlantic,North Carolina,NC,North Carolina,Periodicals,90.0,88.9,5.52,2138,2.5,NORMAL,Normal Network Operations
2024,Q3,5,2024-06-29,2024-07-05,Atlantic,South Carolina,SC,South Carolina,First-Class Mail (2-Day),95.0,91.3,2.61,15183,2.0,NORMAL,Normal Network Operations
2024,Q3,5,2024-06-29,2024-07-05,Atlantic,South Carolina,SC,South Carolina,First-Class Mail (3-5 Day),93.0,90.7,4.29,10473,2.9,NORMAL,Normal Network Operations
2024,Q3,5,2024-06-29,2024-07-05,Atlantic,South Carolina,SC,South Carolina,USPS Marketing Mail,95.0,92.1,4.75,11010,1.7,NORMAL,Normal Network Operations
2024,Q3,5,2024-06-29,2024-07-05,Atlantic,South Carolina,SC,South Carolina,Package Services / Ground Adv,92.0,89.9,3.69,4273,2.7,NORMAL,Normal Network Operations
2024,Q3,5,2024-06-29,2024-07-05,Atlantic,South Carolina,SC,South Carolina,Periodicals,90.0,87.4,5.62,2155,3.8,NORMAL,Normal Network Operations
2024,Q3,5,2024-06-29,2024-07-05,Atlantic,Caribbean,PR,Puerto Rico,First-Class Mail (2-Day),95.0,89.7,2.64,15466,2.8,NORMAL,Normal Network Operations
2024,Q3,5,2024-06-29,2024-07-05,Atlantic,Caribbean,PR,Puerto Rico,First-Class Mail (3-5 Day),93.0,87.1,4.47,11453,3.2,NORMAL,Normal Network Operations
2024,Q3,5,2024-06-29,2024-07-05,Atlantic,Caribbean,PR,Puerto Rico,USPS Marketing Mail,95.0,89.6,4.83,11291,2.8,NORMAL,Normal Network Operations
2024,Q3,5,2024-06-29,2024-07-05,Atlantic,Caribbean,PR,Puerto Rico,Package Services / Ground Adv,92.0,87.2,3.76,4768,3.8,NORMAL,Normal Network Operations
2024,Q3,5,2024-06-29,2024-07-05,Atlantic,Caribbean,PR,Puerto Rico,Periodicals,90.0,85.0,5.56,2275,3.7,NORMAL,Normal Network Operations
2024,Q3,5,2024-06-29,2024-07-05,Central,Ohio 1 (Columbus),OH,Ohio,First-Class Mail (2-Day),95.0,86.2,2.86,15134,3.5,WARNING,Midwest Convective Storms & Flight Cargo Grounding
2024,Q3,5,2024-06-29,2024-07-05,Central,Ohio 1 (Columbus),OH,Ohio,First-Class Mail (3-5 Day),93.0,85.5,4.66,10725,2.8,WARNING,Midwest Convective Storms & Flight Cargo Grounding
2024,Q3,5,2024-06-29,2024-07-05,Central,Ohio 1 (Columbus),OH,Ohio,USPS Marketing Mail,95.0,88.7,5.06,10459,2.2,WARNING,Midwest Convective Storms & Flight Cargo Grounding
2024,Q3,5,2024-06-29,2024-07-05,Central,Ohio 1 (Columbus),OH,Ohio,Package Services / Ground Adv,92.0,86.8,3.84,4650,3.1,WARNING,Midwest Convective Storms & Flight Cargo Grounding
2024,Q3,5,2024-06-29,2024-07-05,Central,Ohio 1 (Columbus),OH,Ohio,Periodicals,90.0,81.8,5.71,2179,3.4,WARNING,Midwest Convective Storms & Flight Cargo Grounding
2024,Q3,5,2024-06-29,2024-07-05,Central,Michigan 1 (Detroit),MI,Michigan,First-Class Mail (2-Day),95.0,85.7,2.89,15829,2.8,WARNING,Midwest Convective Storms & Flight Cargo Grounding
2024,Q3,5,2024-06-29,2024-07-05,Central,Michigan 1 (Detroit),MI,Michigan,First-Class Mail (3-5 Day),93.0,85.1,4.59,10672,3.2,WARNING,Midwest Convective Storms & Flight Cargo Grounding
2024,Q3,5,2024-06-29,2024-07-05,Central,Michigan 1 (Detroit),MI,Michigan,USPS Marketing Mail,95.0,85.9,5.16,10994,2.7,WARNING,Midwest Convective Storms & Flight Cargo Grounding
2024,Q3,5,2024-06-29,2024-07-05,Central,Michigan 1 (Detroit),MI,Michigan,Package Services / Ground Adv,92.0,85.7,3.84,4269,4.3,WARNING,Midwest Convective Storms & Flight Cargo Grounding
2024,Q3,5,2024-06-29,2024-07-05,Central,Michigan 1 (Detroit),MI,Michigan,Periodicals,90.0,82.6,5.92,2229,3.5,WARNING,Midwest Convective Storms & Flight Cargo Grounding
2024,Q3,5,2024-06-29,2024-07-05,Central,Indiana,IN,Indiana,First-Class Mail (2-Day),95.0,87.4,2.7,15426,4.0,WARNING,Midwest Convective Storms & Flight Cargo Grounding
2024,Q3,5,2024-06-29,2024-07-05,Central,Indiana,IN,Indiana,First-Class Mail (3-5 Day),93.0,84.1,4.64,11363,4.5,WARNING,Midwest Convective Storms & Flight Cargo Grounding
2024,Q3,5,2024-06-29,2024-07-05,Central,Indiana,IN,Indiana,USPS Marketing Mail,95.0,89.8,4.86,12080,3.2,WARNING,Midwest Convective Storms & Flight Cargo Grounding
2024,Q3,5,2024-06-29,2024-07-05,Central,Indiana,IN,Indiana,Package Services / Ground Adv,92.0,86.3,4.03,4568,3.9,WARNING,Midwest Convective Storms & Flight Cargo Grounding
2024,Q3,5,2024-06-29,2024-07-05,Central,Indiana,IN,Indiana,Periodicals,90.0,85.0,5.61,2149,3.3,WARNING,Midwest Convective Storms & Flight Cargo Grounding
2024,Q3,5,2024-06-29,2024-07-05,Central,Illinois 1 (Chicago),IL,Illinois,First-Class Mail (2-Day),95.0,82.2,3.06,15185,5.3,WARNING,Midwest Convective Storms & Flight Cargo Grounding
2024,Q3,5,2024-06-29,2024-07-05,Central,Illinois 1 (Chicago),IL,Illinois,First-Class Mail (3-5 Day),93.0,82.3,4.61,10417,5.5,WARNING,Midwest Convective Storms & Flight Cargo Grounding
2024,Q3,5,2024-06-29,2024-07-05,Central,Illinois 1 (Chicago),IL,Illinois,USPS Marketing Mail,95.0,85.0,5.19,10769,3.5,WARNING,Midwest Convective Storms & Flight Cargo Grounding
2024,Q3,5,2024-06-29,2024-07-05,Central,Illinois 1 (Chicago),IL,Illinois,Package Services / Ground Adv,92.0,81.5,4.25,4668,4.4,WARNING,Midwest Convective Storms & Flight Cargo Grounding
2024,Q3,5,2024-06-29,2024-07-05,Central,Illinois 1 (Chicago),IL,Illinois,Periodicals,90.0,81.0,5.95,2318,3.9,WARNING,Midwest Convective Storms & Flight Cargo Grounding
2024,Q3,5,2024-06-29,2024-07-05,Central,Wisconsin,WI,Wisconsin,First-Class Mail (2-Day),95.0,94.1,2.44,15246,1.8,NORMAL,Normal Network Operations
2024,Q3,5,2024-06-29,2024-07-05,Central,Wisconsin,WI,Wisconsin,First-Class Mail (3-5 Day),93.0,92.3,4.09,10450,2.0,NORMAL,Normal Network Operations
2024,Q3,5,2024-06-29,2024-07-05,Central,Wisconsin,WI,Wisconsin,USPS Marketing Mail,95.0,95.4,4.73,11099,1.1,NORMAL,Normal Network Operations
2024,Q3,5,2024-06-29,2024-07-05,Central,Wisconsin,WI,Wisconsin,Package Services / Ground Adv,92.0,93.8,3.45,4610,1.9,NORMAL,Normal Network Operations
2024,Q3,5,2024-06-29,2024-07-05,Central,Wisconsin,WI,Wisconsin,Periodicals,90.0,90.6,5.46,2207,1.7,NORMAL,Normal Network Operations
2024,Q3,5,2024-06-29,2024-07-05,Central,Northland,MN,Minnesota,First-Class Mail (2-Day),95.0,92.9,2.48,14866,1.3,NORMAL,Normal Network Operations
2024,Q3,5,2024-06-29,2024-07-05,Central,Northland,MN,Minnesota,First-Class Mail (3-5 Day),93.0,91.2,4.13,11666,1.9,NORMAL,Normal Network Operations
2024,Q3,5,2024-06-29,2024-07-05,Central,Northland,MN,Minnesota,USPS Marketing Mail,95.0,93.9,4.75,11258,1.5,NORMAL,Normal Network Operations
2024,Q3,5,2024-06-29,2024-07-05,Central,Northland,MN,Minnesota,Package Services / Ground Adv,92.0,91.7,3.6,4235,1.8,NORMAL,Normal Network Operations
2024,Q3,5,2024-06-29,2024-07-05,Central,Northland,MN,Minnesota,Periodicals,90.0,88.9,5.35,2213,2.9,NORMAL,Normal Network Operations
2024,Q3,5,2024-06-29,2024-07-05,Central,Dakotas,ND,North Dakota,First-Class Mail (2-Day),95.0,93.2,2.53,14818,1.7,NORMAL,Normal Network Operations
2024,Q3,5,2024-06-29,2024-07-05,Central,Dakotas,ND,North Dakota,First-Class Mail (3-5 Day),93.0,91.1,4.26,11524,2.3,NORMAL,Normal Network Operations
2024,Q3,5,2024-06-29,2024-07-05,Central,Dakotas,ND,North Dakota,USPS Marketing Mail,95.0,94.3,4.76,10793,1.5,NORMAL,Normal Network Operations
2024,Q3,5,2024-06-29,2024-07-05,Central,Dakotas,ND,North Dakota,Package Services / Ground Adv,92.0,92.2,3.56,4805,2.3,NORMAL,Normal Network Operations
2024,Q3,5,2024-06-29,2024-07-05,Central,Dakotas,ND,North Dakota,Periodicals,90.0,89.7,5.41,2195,2.8,NORMAL,Normal Network Operations
2024,Q3,5,2024-06-29,2024-07-05,Central,Dakotas,SD,South Dakota,First-Class Mail (2-Day),95.0,93.5,2.31,15258,1.7,NORMAL,Normal Network Operations
2024,Q3,5,2024-06-29,2024-07-05,Central,Dakotas,SD,South Dakota,First-Class Mail (3-5 Day),93.0,92.9,4.3,11145,1.9,NORMAL,Normal Network Operations
2024,Q3,5,2024-06-29,2024-07-05,Central,Dakotas,SD,South Dakota,USPS Marketing Mail,95.0,93.8,4.81,10709,1.2,NORMAL,Normal Network Operations
2024,Q3,5,2024-06-29,2024-07-05,Central,Dakotas,SD,South Dakota,Package Services / Ground Adv,92.0,92.6,3.68,4220,2.1,NORMAL,Normal Network Operations
2024,Q3,5,2024-06-29,2024-07-05,Central,Dakotas,SD,South Dakota,Periodicals,90.0,89.3,5.57,2382,3.3,NORMAL,Normal Network Operations
2024,Q3,5,2024-06-29,2024-07-05,Central,Iowa/Nebraska,IA,Iowa,First-Class Mail (2-Day),95.0,95.3,2.4,14770,0.9,NORMAL,Normal Network Operations
2024,Q3,5,2024-06-29,2024-07-05,Central,Iowa/Nebraska,IA,Iowa,First-Class Mail (3-5 Day),93.0,92.2,4.13,11318,1.4,NORMAL,Normal Network Operations
2024,Q3,5,2024-06-29,2024-07-05,Central,Iowa/Nebraska,IA,Iowa,USPS Marketing Mail,95.0,94.6,4.62,11219,1.4,NORMAL,Normal Network Operations
2024,Q3,5,2024-06-29,2024-07-05,Central,Iowa/Nebraska,IA,Iowa,Package Services / Ground Adv,92.0,94.1,3.56,4153,1.2,NORMAL,Normal Network Operations
2024,Q3,5,2024-06-29,2024-07-05,Central,Iowa/Nebraska,IA,Iowa,Periodicals,90.0,91.2,5.23,2131,2.4,NORMAL,Normal Network Operations
2024,Q3,5,2024-06-29,2024-07-05,Central,Iowa/Nebraska,NE,Nebraska,First-Class Mail (2-Day),95.0,93.7,2.46,14623,1.8,NORMAL,Normal Network Operations
2024,Q3,5,2024-06-29,2024-07-05,Central,Iowa/Nebraska,NE,Nebraska,First-Class Mail (3-5 Day),93.0,92.4,4.16,10838,1.4,NORMAL,Normal Network Operations
2024,Q3,5,2024-06-29,2024-07-05,Central,Iowa/Nebraska,NE,Nebraska,USPS Marketing Mail,95.0,95.8,4.72,10384,1.1,NORMAL,Normal Network Operations
2024,Q3,5,2024-06-29,2024-07-05,Central,Iowa/Nebraska,NE,Nebraska,Package Services / Ground Adv,92.0,94.1,3.44,4414,1.6,NORMAL,Normal Network Operations
2024,Q3,5,2024-06-29,2024-07-05,Central,Iowa/Nebraska,NE,Nebraska,Periodicals,90.0,91.8,5.28,2382,1.6,NORMAL,Normal Network Operations
2024,Q3,5,2024-06-29,2024-07-05,Central,Kansas/Missouri,KS,Kansas,First-Class Mail (2-Day),95.0,93.8,2.43,15644,1.3,NORMAL,Normal Network Operations
2024,Q3,5,2024-06-29,2024-07-05,Central,Kansas/Missouri,KS,Kansas,First-Class Mail (3-5 Day),93.0,92.5,4.12,11302,1.4,NORMAL,Normal Network Operations
2024,Q3,5,2024-06-29,2024-07-05,Central,Kansas/Missouri,KS,Kansas,USPS Marketing Mail,95.0,94.1,4.62,10974,1.4,NORMAL,Normal Network Operations
2024,Q3,5,2024-06-29,2024-07-05,Central,Kansas/Missouri,KS,Kansas,Package Services / Ground Adv,92.0,92.3,3.53,4844,2.1,NORMAL,Normal Network Operations
2024,Q3,5,2024-06-29,2024-07-05,Central,Kansas/Missouri,KS,Kansas,Periodicals,90.0,90.2,5.44,2386,2.9,NORMAL,Normal Network Operations
2024,Q3,5,2024-06-29,2024-07-05,Central,Kansas/Missouri,MO,Missouri,First-Class Mail (2-Day),95.0,93.7,2.3,15888,1.9,NORMAL,Normal Network Operations
2024,Q3,5,2024-06-29,2024-07-05,Central,Kansas/Missouri,MO,Missouri,First-Class Mail (3-5 Day),93.0,90.1,4.42,11532,2.0,NORMAL,Normal Network Operations
2024,Q3,5,2024-06-29,2024-07-05,Central,Kansas/Missouri,MO,Missouri,USPS Marketing Mail,95.0,92.6,4.91,11452,1.7,NORMAL,Normal Network Operations
2024,Q3,5,2024-06-29,2024-07-05,Central,Kansas/Missouri,MO,Missouri,Package Services / Ground Adv,92.0,92.1,3.54,4249,1.7,NORMAL,Normal Network Operations
2024,Q3,5,2024-06-29,2024-07-05,Central,Kansas/Missouri,MO,Missouri,Periodicals,90.0,90.4,5.35,2265,3.0,NORMAL,Normal Network Operations
2024,Q3,5,2024-06-29,2024-07-05,Southern,Georgia (Atlanta),GA,Georgia,First-Class Mail (2-Day),95.0,68.3,3.78,16663,8.1,CRITICAL,Palmetto RPDC Consolidation / Sorter Integration Delays
2024,Q3,5,2024-06-29,2024-07-05,Southern,Georgia (Atlanta),GA,Georgia,First-Class Mail (3-5 Day),93.0,66.8,5.38,12142,8.4,CRITICAL,Palmetto RPDC Consolidation / Sorter Integration Delays
2024,Q3,5,2024-06-29,2024-07-05,Southern,Georgia (Atlanta),GA,Georgia,USPS Marketing Mail,95.0,64.1,6.32,10921,11.2,CRITICAL,Palmetto RPDC Consolidation / Sorter Integration Delays
2024,Q3,5,2024-06-29,2024-07-05,Southern,Georgia (Atlanta),GA,Georgia,Package Services / Ground Adv,92.0,67.0,4.82,4773,6.5,CRITICAL,Palmetto RPDC Consolidation / Sorter Integration Delays
2024,Q3,5,2024-06-29,2024-07-05,Southern,Georgia (Atlanta),GA,Georgia,Periodicals,90.0,64.0,6.69,2218,10.9,CRITICAL,Palmetto RPDC Consolidation / Sorter Integration Delays
2024,Q3,5,2024-06-29,2024-07-05,Southern,Florida 1 (Central),FL,Florida,First-Class Mail (2-Day),95.0,92.6,2.59,67367,2.3,NORMAL,Normal Network Operations
2024,Q3,5,2024-06-29,2024-07-05,Southern,Florida 1 (Central),FL,Florida,First-Class Mail (3-5 Day),93.0,90.0,4.21,42730,2.9,NORMAL,Normal Network Operations
2024,Q3,5,2024-06-29,2024-07-05,Southern,Florida 1 (Central),FL,Florida,USPS Marketing Mail,95.0,94.1,4.65,45482,1.6,NORMAL,Normal Network Operations
2024,Q3,5,2024-06-29,2024-07-05,Southern,Florida 1 (Central),FL,Florida,Package Services / Ground Adv,92.0,91.1,3.71,17594,1.9,NORMAL,Normal Network Operations
2024,Q3,5,2024-06-29,2024-07-05,Southern,Florida 1 (Central),FL,Florida,Periodicals,90.0,89.7,5.43,9150,2.5,NORMAL,Normal Network Operations
2024,Q3,5,2024-06-29,2024-07-05,Southern,Alabama/Mississippi,AL,Alabama,First-Class Mail (2-Day),95.0,92.0,2.61,15728,1.9,NORMAL,Normal Network Operations
2024,Q3,5,2024-06-29,2024-07-05,Southern,Alabama/Mississippi,AL,Alabama,First-Class Mail (3-5 Day),93.0,88.4,4.27,11726,2.4,NORMAL,Normal Network Operations
2024,Q3,5,2024-06-29,2024-07-05,Southern,Alabama/Mississippi,AL,Alabama,USPS Marketing Mail,95.0,91.1,4.84,11686,1.9,NORMAL,Normal Network Operations
2024,Q3,5,2024-06-29,2024-07-05,Southern,Alabama/Mississippi,AL,Alabama,Package Services / Ground Adv,92.0,91.7,3.51,4807,2.4,NORMAL,Normal Network Operations
2024,Q3,5,2024-06-29,2024-07-05,Southern,Alabama/Mississippi,AL,Alabama,Periodicals,90.0,89.2,5.45,2186,3.3,NORMAL,Normal Network Operations
2024,Q3,5,2024-06-29,2024-07-05,Southern,Alabama/Mississippi,MS,Mississippi,First-Class Mail (2-Day),95.0,90.8,2.55,14595,2.0,NORMAL,Normal Network Operations
2024,Q3,5,2024-06-29,2024-07-05,Southern,Alabama/Mississippi,MS,Mississippi,First-Class Mail (3-5 Day),93.0,89.3,4.3,11450,2.5,NORMAL,Normal Network Operations
2024,Q3,5,2024-06-29,2024-07-05,Southern,Alabama/Mississippi,MS,Mississippi,USPS Marketing Mail,95.0,92.3,4.81,11926,2.0,NORMAL,Normal Network Operations
2024,Q3,5,2024-06-29,2024-07-05,Southern,Alabama/Mississippi,MS,Mississippi,Package Services / Ground Adv,92.0,90.6,3.67,4735,2.4,NORMAL,Normal Network Operations
2024,Q3,5,2024-06-29,2024-07-05,Southern,Alabama/Mississippi,MS,Mississippi,Periodicals,90.0,86.3,5.61,2212,4.4,NORMAL,Normal Network Operations
2024,Q3,5,2024-06-29,2024-07-05,Southern,Tennessee,TN,Tennessee,First-Class Mail (2-Day),95.0,93.4,2.45,16079,1.7,NORMAL,Normal Network Operations
2024,Q3,5,2024-06-29,2024-07-05,Southern,Tennessee,TN,Tennessee,First-Class Mail (3-5 Day),93.0,89.5,4.31,10898,2.3,NORMAL,Normal Network Operations
2024,Q3,5,2024-06-29,2024-07-05,Southern,Tennessee,TN,Tennessee,USPS Marketing Mail,95.0,94.4,4.67,11453,1.4,NORMAL,Normal Network Operations
2024,Q3,5,2024-06-29,2024-07-05,Southern,Tennessee,TN,Tennessee,Package Services / Ground Adv,92.0,90.7,3.58,4737,2.3,NORMAL,Normal Network Operations
2024,Q3,5,2024-06-29,2024-07-05,Southern,Tennessee,TN,Tennessee,Periodicals,90.0,89.2,5.35,2350,3.0,NORMAL,Normal Network Operations
2024,Q3,5,2024-06-29,2024-07-05,Southern,Kentucky,KY,Kentucky,First-Class Mail (2-Day),95.0,93.5,2.34,15532,1.8,NORMAL,Normal Network Operations
2024,Q3,5,2024-06-29,2024-07-05,Southern,Kentucky,KY,Kentucky,First-Class Mail (3-5 Day),93.0,90.1,4.33,11632,2.0,NORMAL,Normal Network Operations
2024,Q3,5,2024-06-29,2024-07-05,Southern,Kentucky,KY,Kentucky,USPS Marketing Mail,95.0,92.5,4.72,11595,1.8,NORMAL,Normal Network Operations
2024,Q3,5,2024-06-29,2024-07-05,Southern,Kentucky,KY,Kentucky,Package Services / Ground Adv,92.0,92.4,3.65,4228,2.2,NORMAL,Normal Network Operations
2024,Q3,5,2024-06-29,2024-07-05,Southern,Kentucky,KY,Kentucky,Periodicals,90.0,88.0,5.48,2258,2.9,NORMAL,Normal Network Operations
2024,Q3,5,2024-06-29,2024-07-05,Southern,Arkansas,AR,Arkansas,First-Class Mail (2-Day),95.0,92.8,2.48,16883,2.1,NORMAL,Normal Network Operations
2024,Q3,5,2024-06-29,2024-07-05,Southern,Arkansas,AR,Arkansas,First-Class Mail (3-5 Day),93.0,90.6,4.36,11992,2.2,NORMAL,Normal Network Operations
2024,Q3,5,2024-06-29,2024-07-05,Southern,Arkansas,AR,Arkansas,USPS Marketing Mail,95.0,94.1,4.62,11913,1.6,NORMAL,Normal Network Operations
2024,Q3,5,2024-06-29,2024-07-05,Southern,Arkansas,AR,Arkansas,Package Services / Ground Adv,92.0,91.3,3.63,4362,2.4,NORMAL,Normal Network Operations
2024,Q3,5,2024-06-29,2024-07-05,Southern,Arkansas,AR,Arkansas,Periodicals,90.0,90.2,5.44,2112,2.4,NORMAL,Normal Network Operations
2024,Q3,5,2024-06-29,2024-07-05,Southern,Louisiana,LA,Louisiana,First-Class Mail (2-Day),95.0,89.9,2.65,15127,2.1,NORMAL,Normal Network Operations
2024,Q3,5,2024-06-29,2024-07-05,Southern,Louisiana,LA,Louisiana,First-Class Mail (3-5 Day),93.0,88.5,4.4,10360,3.4,NORMAL,Normal Network Operations
2024,Q3,5,2024-06-29,2024-07-05,Southern,Louisiana,LA,Louisiana,USPS Marketing Mail,95.0,92.5,4.81,11206,1.6,NORMAL,Normal Network Operations
2024,Q3,5,2024-06-29,2024-07-05,Southern,Louisiana,LA,Louisiana,Package Services / Ground Adv,92.0,89.6,3.76,4316,2.0,NORMAL,Normal Network Operations
2024,Q3,5,2024-06-29,2024-07-05,Southern,Louisiana,LA,Louisiana,Periodicals,90.0,87.4,5.56,2367,3.4,NORMAL,Normal Network Operations
2024,Q3,5,2024-06-29,2024-07-05,Southern,Oklahoma,OK,Oklahoma,First-Class Mail (2-Day),95.0,91.9,2.56,14582,1.6,NORMAL,Normal Network Operations
2024,Q3,5,2024-06-29,2024-07-05,Southern,Oklahoma,OK,Oklahoma,First-Class Mail (3-5 Day),93.0,91.6,4.33,10887,2.3,NORMAL,Normal Network Operations
2024,Q3,5,2024-06-29,2024-07-05,Southern,Oklahoma,OK,Oklahoma,USPS Marketing Mail,95.0,94.8,4.65,10670,1.0,NORMAL,Normal Network Operations
2024,Q3,5,2024-06-29,2024-07-05,Southern,Oklahoma,OK,Oklahoma,Package Services / Ground Adv,92.0,92.4,3.65,4568,2.0,NORMAL,Normal Network Operations
2024,Q3,5,2024-06-29,2024-07-05,Southern,Oklahoma,OK,Oklahoma,Periodicals,90.0,90.2,5.39,2278,2.0,NORMAL,Normal Network Operations
2024,Q3,5,2024-06-29,2024-07-05,Southern,Texas 2 (Houston/Gulf),TX,Texas,First-Class Mail (2-Day),95.0,72.8,3.44,61779,6.0,CRITICAL,North Houston Processing & Network Modernization Bottleneck
2024,Q3,5,2024-06-29,2024-07-05,Southern,Texas 2 (Houston/Gulf),TX,Texas,First-Class Mail (3-5 Day),93.0,75.7,4.97,42368,6.2,CRITICAL,North Houston Processing & Network Modernization Bottleneck
2024,Q3,5,2024-06-29,2024-07-05,Southern,Texas 2 (Houston/Gulf),TX,Texas,USPS Marketing Mail,95.0,75.2,5.66,46409,6.3,CRITICAL,North Houston Processing & Network Modernization Bottleneck
2024,Q3,5,2024-06-29,2024-07-05,Southern,Texas 2 (Houston/Gulf),TX,Texas,Package Services / Ground Adv,92.0,73.4,4.58,19403,7.5,CRITICAL,North Houston Processing & Network Modernization Bottleneck
2024,Q3,5,2024-06-29,2024-07-05,Southern,Texas 2 (Houston/Gulf),TX,Texas,Periodicals,90.0,72.9,6.4,8693,8.4,CRITICAL,North Houston Processing & Network Modernization Bottleneck
2024,Q3,5,2024-06-29,2024-07-05,WestPac,Washington,WA,Washington,First-Class Mail (2-Day),95.0,93.4,2.45,16997,1.5,NORMAL,Normal Network Operations
2024,Q3,5,2024-06-29,2024-07-05,WestPac,Washington,WA,Washington,First-Class Mail (3-5 Day),93.0,90.5,4.31,11285,1.9,NORMAL,Normal Network Operations
2024,Q3,5,2024-06-29,2024-07-05,WestPac,Washington,WA,Washington,USPS Marketing Mail,95.0,94.2,4.62,11446,1.4,NORMAL,Normal Network Operations
2024,Q3,5,2024-06-29,2024-07-05,WestPac,Washington,WA,Washington,Package Services / Ground Adv,92.0,92.6,3.45,4157,2.3,NORMAL,Normal Network Operations
2024,Q3,5,2024-06-29,2024-07-05,WestPac,Washington,WA,Washington,Periodicals,90.0,89.9,5.51,2357,2.0,NORMAL,Normal Network Operations
2024,Q3,5,2024-06-29,2024-07-05,WestPac,Oregon/Idaho,OR,Oregon,First-Class Mail (2-Day),95.0,94.8,2.33,15902,1.2,NORMAL,Normal Network Operations
2024,Q3,5,2024-06-29,2024-07-05,WestPac,Oregon/Idaho,OR,Oregon,First-Class Mail (3-5 Day),93.0,91.7,4.15,10856,1.5,NORMAL,Normal Network Operations
2024,Q3,5,2024-06-29,2024-07-05,WestPac,Oregon/Idaho,OR,Oregon,USPS Marketing Mail,95.0,95.1,4.66,10933,1.1,NORMAL,Normal Network Operations
2024,Q3,5,2024-06-29,2024-07-05,WestPac,Oregon/Idaho,OR,Oregon,Package Services / Ground Adv,92.0,91.4,3.6,4661,2.4,NORMAL,Normal Network Operations
2024,Q3,5,2024-06-29,2024-07-05,WestPac,Oregon/Idaho,OR,Oregon,Periodicals,90.0,90.4,5.31,2188,1.8,NORMAL,Normal Network Operations
2024,Q3,5,2024-06-29,2024-07-05,WestPac,California 1 (Bay Area),CA,California,First-Class Mail (2-Day),95.0,91.5,2.65,65996,2.3,NORMAL,Normal Network Operations
2024,Q3,5,2024-06-29,2024-07-05,WestPac,California 1 (Bay Area),CA,California,First-Class Mail (3-5 Day),93.0,90.0,4.35,47822,2.5,NORMAL,Normal Network Operations
2024,Q3,5,2024-06-29,2024-07-05,WestPac,California 1 (Bay Area),CA,California,USPS Marketing Mail,95.0,92.8,4.85,44380,1.6,NORMAL,Normal Network Operations
2024,Q3,5,2024-06-29,2024-07-05,WestPac,California 1 (Bay Area),CA,California,Package Services / Ground Adv,92.0,91.5,3.59,18647,2.5,NORMAL,Normal Network Operations
2024,Q3,5,2024-06-29,2024-07-05,WestPac,California 1 (Bay Area),CA,California,Periodicals,90.0,88.0,5.44,9267,3.1,NORMAL,Normal Network Operations
2024,Q3,5,2024-06-29,2024-07-05,WestPac,Nevada,NV,Nevada,First-Class Mail (2-Day),95.0,93.9,2.38,16933,1.9,NORMAL,Normal Network Operations
2024,Q3,5,2024-06-29,2024-07-05,WestPac,Nevada,NV,Nevada,First-Class Mail (3-5 Day),93.0,90.5,4.42,11477,1.8,NORMAL,Normal Network Operations
2024,Q3,5,2024-06-29,2024-07-05,WestPac,Nevada,NV,Nevada,USPS Marketing Mail,95.0,94.8,4.65,11421,1.4,NORMAL,Normal Network Operations
2024,Q3,5,2024-06-29,2024-07-05,WestPac,Nevada,NV,Nevada,Package Services / Ground Adv,92.0,93.1,3.62,4366,2.0,NORMAL,Normal Network Operations
2024,Q3,5,2024-06-29,2024-07-05,WestPac,Nevada,NV,Nevada,Periodicals,90.0,88.6,5.48,2155,2.7,NORMAL,Normal Network Operations
2024,Q3,5,2024-06-29,2024-07-05,WestPac,Oregon/Idaho,ID,Idaho,First-Class Mail (2-Day),95.0,93.9,2.34,15251,1.9,NORMAL,Normal Network Operations
2024,Q3,5,2024-06-29,2024-07-05,WestPac,Oregon/Idaho,ID,Idaho,First-Class Mail (3-5 Day),93.0,90.9,4.35,11994,2.6,NORMAL,Normal Network Operations
2024,Q3,5,2024-06-29,2024-07-05,WestPac,Oregon/Idaho,ID,Idaho,USPS Marketing Mail,95.0,94.7,4.68,11250,1.0,NORMAL,Normal Network Operations
2024,Q3,5,2024-06-29,2024-07-05,WestPac,Oregon/Idaho,ID,Idaho,Package Services / Ground Adv,92.0,92.3,3.66,4517,2.4,NORMAL,Normal Network Operations
2024,Q3,5,2024-06-29,2024-07-05,WestPac,Oregon/Idaho,ID,Idaho,Periodicals,90.0,91.2,5.46,2365,1.8,NORMAL,Normal Network Operations
2024,Q3,5,2024-06-29,2024-07-05,WestPac,Montana/Wyoming,MT,Montana,First-Class Mail (2-Day),95.0,95.6,2.24,16315,1.2,NORMAL,Normal Network Operations
2024,Q3,5,2024-06-29,2024-07-05,WestPac,Montana/Wyoming,MT,Montana,First-Class Mail (3-5 Day),93.0,92.2,4.21,10357,2.2,NORMAL,Normal Network Operations
2024,Q3,5,2024-06-29,2024-07-05,WestPac,Montana/Wyoming,MT,Montana,USPS Marketing Mail,95.0,96.3,4.63,10506,1.0,NORMAL,Normal Network Operations
2024,Q3,5,2024-06-29,2024-07-05,WestPac,Montana/Wyoming,MT,Montana,Package Services / Ground Adv,92.0,93.4,3.55,4614,1.2,NORMAL,Normal Network Operations
2024,Q3,5,2024-06-29,2024-07-05,WestPac,Montana/Wyoming,MT,Montana,Periodicals,90.0,90.5,5.34,2391,2.5,NORMAL,Normal Network Operations
2024,Q3,5,2024-06-29,2024-07-05,WestPac,Montana/Wyoming,WY,Wyoming,First-Class Mail (2-Day),95.0,93.9,2.36,15294,1.3,NORMAL,Normal Network Operations
2024,Q3,5,2024-06-29,2024-07-05,WestPac,Montana/Wyoming,WY,Wyoming,First-Class Mail (3-5 Day),93.0,92.0,4.12,10842,1.6,NORMAL,Normal Network Operations
2024,Q3,5,2024-06-29,2024-07-05,WestPac,Montana/Wyoming,WY,Wyoming,USPS Marketing Mail,95.0,93.9,4.72,10721,1.6,NORMAL,Normal Network Operations
2024,Q3,5,2024-06-29,2024-07-05,WestPac,Montana/Wyoming,WY,Wyoming,Package Services / Ground Adv,92.0,92.9,3.47,4647,1.6,NORMAL,Normal Network Operations
2024,Q3,5,2024-06-29,2024-07-05,WestPac,Montana/Wyoming,WY,Wyoming,Periodicals,90.0,90.3,5.28,2290,2.1,NORMAL,Normal Network Operations
2024,Q3,5,2024-06-29,2024-07-05,WestPac,Utah,UT,Utah,First-Class Mail (2-Day),95.0,93.7,2.33,15676,1.5,NORMAL,Normal Network Operations
2024,Q3,5,2024-06-29,2024-07-05,WestPac,Utah,UT,Utah,First-Class Mail (3-5 Day),93.0,92.3,4.08,11117,1.5,NORMAL,Normal Network Operations
2024,Q3,5,2024-06-29,2024-07-05,WestPac,Utah,UT,Utah,USPS Marketing Mail,95.0,94.1,4.74,11855,1.6,NORMAL,Normal Network Operations
2024,Q3,5,2024-06-29,2024-07-05,WestPac,Utah,UT,Utah,Package Services / Ground Adv,92.0,93.6,3.48,4728,1.7,NORMAL,Normal Network Operations
2024,Q3,5,2024-06-29,2024-07-05,WestPac,Utah,UT,Utah,Periodicals,90.0,91.1,5.37,2420,2.4,NORMAL,Normal Network Operations
2024,Q3,5,2024-06-29,2024-07-05,WestPac,Colorado,CO,Colorado,First-Class Mail (2-Day),95.0,94.0,2.32,16538,1.5,NORMAL,Normal Network Operations
2024,Q3,5,2024-06-29,2024-07-05,WestPac,Colorado,CO,Colorado,First-Class Mail (3-5 Day),93.0,92.2,4.19,11582,1.9,NORMAL,Normal Network Operations
2024,Q3,5,2024-06-29,2024-07-05,WestPac,Colorado,CO,Colorado,USPS Marketing Mail,95.0,94.7,4.61,10752,1.3,NORMAL,Normal Network Operations
2024,Q3,5,2024-06-29,2024-07-05,WestPac,Colorado,CO,Colorado,Package Services / Ground Adv,92.0,93.3,3.66,4422,1.8,NORMAL,Normal Network Operations
2024,Q3,5,2024-06-29,2024-07-05,WestPac,Colorado,CO,Colorado,Periodicals,90.0,90.4,5.47,2387,2.6,NORMAL,Normal Network Operations
2024,Q3,5,2024-06-29,2024-07-05,WestPac,Arizona/New Mexico,AZ,Arizona,First-Class Mail (2-Day),95.0,93.1,2.45,15375,1.3,NORMAL,Normal Network Operations
2024,Q3,5,2024-06-29,2024-07-05,WestPac,Arizona/New Mexico,AZ,Arizona,First-Class Mail (3-5 Day),93.0,90.9,4.34,11437,1.9,NORMAL,Normal Network Operations
2024,Q3,5,2024-06-29,2024-07-05,WestPac,Arizona/New Mexico,AZ,Arizona,USPS Marketing Mail,95.0,93.1,4.85,11784,1.3,NORMAL,Normal Network Operations
2024,Q3,5,2024-06-29,2024-07-05,WestPac,Arizona/New Mexico,AZ,Arizona,Package Services / Ground Adv,92.0,91.8,3.7,4523,2.2,NORMAL,Normal Network Operations
2024,Q3,5,2024-06-29,2024-07-05,WestPac,Arizona/New Mexico,AZ,Arizona,Periodicals,90.0,89.5,5.47,2267,2.5,NORMAL,Normal Network Operations
2024,Q3,5,2024-06-29,2024-07-05,WestPac,Arizona/New Mexico,NM,New Mexico,First-Class Mail (2-Day),95.0,93.9,2.38,16541,1.4,NORMAL,Normal Network Operations
2024,Q3,5,2024-06-29,2024-07-05,WestPac,Arizona/New Mexico,NM,New Mexico,First-Class Mail (3-5 Day),93.0,90.8,4.26,11767,2.7,NORMAL,Normal Network Operations
2024,Q3,5,2024-06-29,2024-07-05,WestPac,Arizona/New Mexico,NM,New Mexico,USPS Marketing Mail,95.0,93.7,4.77,10490,1.3,NORMAL,Normal Network Operations
2024,Q3,5,2024-06-29,2024-07-05,WestPac,Arizona/New Mexico,NM,New Mexico,Package Services / Ground Adv,92.0,92.8,3.57,4566,1.9,NORMAL,Normal Network Operations
2024,Q3,5,2024-06-29,2024-07-05,WestPac,Arizona/New Mexico,NM,New Mexico,Periodicals,90.0,89.2,5.54,2133,2.8,NORMAL,Normal Network Operations
2024,Q3,5,2024-06-29,2024-07-05,WestPac,Alaska,AK,Alaska,First-Class Mail (2-Day),95.0,90.9,2.46,16541,1.7,NORMAL,Normal Network Operations
2024,Q3,5,2024-06-29,2024-07-05,WestPac,Alaska,AK,Alaska,First-Class Mail (3-5 Day),93.0,88.3,4.4,11538,2.7,NORMAL,Normal Network Operations
2024,Q3,5,2024-06-29,2024-07-05,WestPac,Alaska,AK,Alaska,USPS Marketing Mail,95.0,89.6,5.04,11975,3.1,NORMAL,Normal Network Operations
2024,Q3,5,2024-06-29,2024-07-05,WestPac,Alaska,AK,Alaska,Package Services / Ground Adv,92.0,89.1,3.66,4247,2.0,NORMAL,Normal Network Operations
2024,Q3,5,2024-06-29,2024-07-05,WestPac,Alaska,AK,Alaska,Periodicals,90.0,86.4,5.62,2140,3.2,NORMAL,Normal Network Operations
2024,Q3,5,2024-06-29,2024-07-05,WestPac,Hawaii/Pacific,HI,Hawaii,First-Class Mail (2-Day),95.0,91.5,2.56,16791,1.9,NORMAL,Normal Network Operations
2024,Q3,5,2024-06-29,2024-07-05,WestPac,Hawaii/Pacific,HI,Hawaii,First-Class Mail (3-5 Day),93.0,88.4,4.38,12118,3.6,NORMAL,Normal Network Operations
2024,Q3,5,2024-06-29,2024-07-05,WestPac,Hawaii/Pacific,HI,Hawaii,USPS Marketing Mail,95.0,91.5,4.71,12125,1.6,NORMAL,Normal Network Operations
2024,Q3,5,2024-06-29,2024-07-05,WestPac,Hawaii/Pacific,HI,Hawaii,Package Services / Ground Adv,92.0,89.9,3.66,4405,2.0,NORMAL,Normal Network Operations
2024,Q3,5,2024-06-29,2024-07-05,WestPac,Hawaii/Pacific,HI,Hawaii,Periodicals,90.0,87.7,5.58,2365,2.3,NORMAL,Normal Network Operations
2024,Q3,6,2024-07-06,2024-07-12,Atlantic,Northern New England,ME,Maine,First-Class Mail (2-Day),95.0,93.5,2.54,15082,2.0,NORMAL,Normal Network Operations
2024,Q3,6,2024-07-06,2024-07-12,Atlantic,Northern New England,ME,Maine,First-Class Mail (3-5 Day),93.0,92.1,4.16,11039,1.9,NORMAL,Normal Network Operations
2024,Q3,6,2024-07-06,2024-07-12,Atlantic,Northern New England,ME,Maine,USPS Marketing Mail,95.0,94.3,4.74,11204,1.5,NORMAL,Normal Network Operations
2024,Q3,6,2024-07-06,2024-07-12,Atlantic,Northern New England,ME,Maine,Package Services / Ground Adv,92.0,92.1,3.72,4744,1.8,NORMAL,Normal Network Operations
2024,Q3,6,2024-07-06,2024-07-12,Atlantic,Northern New England,ME,Maine,Periodicals,90.0,89.5,5.49,2118,3.4,NORMAL,Normal Network Operations
2024,Q3,6,2024-07-06,2024-07-12,Atlantic,Northern New England,NH,New Hampshire,First-Class Mail (2-Day),95.0,92.5,2.55,15716,1.4,NORMAL,Normal Network Operations
2024,Q3,6,2024-07-06,2024-07-12,Atlantic,Northern New England,NH,New Hampshire,First-Class Mail (3-5 Day),93.0,91.1,4.15,11506,2.8,NORMAL,Normal Network Operations
2024,Q3,6,2024-07-06,2024-07-12,Atlantic,Northern New England,NH,New Hampshire,USPS Marketing Mail,95.0,94.1,4.79,11437,1.4,NORMAL,Normal Network Operations
2024,Q3,6,2024-07-06,2024-07-12,Atlantic,Northern New England,NH,New Hampshire,Package Services / Ground Adv,92.0,92.3,3.6,4537,1.6,NORMAL,Normal Network Operations
2024,Q3,6,2024-07-06,2024-07-12,Atlantic,Northern New England,NH,New Hampshire,Periodicals,90.0,89.9,5.34,2287,2.3,NORMAL,Normal Network Operations
2024,Q3,6,2024-07-06,2024-07-12,Atlantic,Northern New England,VT,Vermont,First-Class Mail (2-Day),95.0,94.3,2.33,15754,1.7,NORMAL,Normal Network Operations
2024,Q3,6,2024-07-06,2024-07-12,Atlantic,Northern New England,VT,Vermont,First-Class Mail (3-5 Day),93.0,91.7,4.19,12110,2.1,NORMAL,Normal Network Operations
2024,Q3,6,2024-07-06,2024-07-12,Atlantic,Northern New England,VT,Vermont,USPS Marketing Mail,95.0,95.1,4.56,11216,1.4,NORMAL,Normal Network Operations
2024,Q3,6,2024-07-06,2024-07-12,Atlantic,Northern New England,VT,Vermont,Package Services / Ground Adv,92.0,93.6,3.6,4848,1.3,NORMAL,Normal Network Operations
2024,Q3,6,2024-07-06,2024-07-12,Atlantic,Northern New England,VT,Vermont,Periodicals,90.0,91.8,5.32,2098,2.4,NORMAL,Normal Network Operations
2024,Q3,6,2024-07-06,2024-07-12,Atlantic,Boston,MA,Massachusetts,First-Class Mail (2-Day),95.0,93.3,2.44,16359,1.3,NORMAL,Normal Network Operations
2024,Q3,6,2024-07-06,2024-07-12,Atlantic,Boston,MA,Massachusetts,First-Class Mail (3-5 Day),93.0,91.3,4.29,11786,1.7,NORMAL,Normal Network Operations
2024,Q3,6,2024-07-06,2024-07-12,Atlantic,Boston,MA,Massachusetts,USPS Marketing Mail,95.0,92.7,4.74,11751,1.4,NORMAL,Normal Network Operations
2024,Q3,6,2024-07-06,2024-07-12,Atlantic,Boston,MA,Massachusetts,Package Services / Ground Adv,92.0,91.3,3.64,4668,2.2,NORMAL,Normal Network Operations
2024,Q3,6,2024-07-06,2024-07-12,Atlantic,Boston,MA,Massachusetts,Periodicals,90.0,88.7,5.56,2174,3.6,NORMAL,Normal Network Operations
2024,Q3,6,2024-07-06,2024-07-12,Atlantic,Boston,RI,Rhode Island,First-Class Mail (2-Day),95.0,91.8,2.59,16321,2.5,NORMAL,Normal Network Operations
2024,Q3,6,2024-07-06,2024-07-12,Atlantic,Boston,RI,Rhode Island,First-Class Mail (3-5 Day),93.0,90.9,4.26,10654,1.7,NORMAL,Normal Network Operations
2024,Q3,6,2024-07-06,2024-07-12,Atlantic,Boston,RI,Rhode Island,USPS Marketing Mail,95.0,92.6,4.87,11473,2.4,NORMAL,Normal Network Operations
2024,Q3,6,2024-07-06,2024-07-12,Atlantic,Boston,RI,Rhode Island,Package Services / Ground Adv,92.0,91.4,3.65,4753,1.6,NORMAL,Normal Network Operations
2024,Q3,6,2024-07-06,2024-07-12,Atlantic,Boston,RI,Rhode Island,Periodicals,90.0,88.9,5.41,2378,2.2,NORMAL,Normal Network Operations
2024,Q3,6,2024-07-06,2024-07-12,Atlantic,Connecticut,CT,Connecticut,First-Class Mail (2-Day),95.0,91.9,2.43,15981,1.6,NORMAL,Normal Network Operations
2024,Q3,6,2024-07-06,2024-07-12,Atlantic,Connecticut,CT,Connecticut,First-Class Mail (3-5 Day),93.0,90.1,4.39,10820,2.4,NORMAL,Normal Network Operations
2024,Q3,6,2024-07-06,2024-07-12,Atlantic,Connecticut,CT,Connecticut,USPS Marketing Mail,95.0,94.4,4.78,11901,1.4,NORMAL,Normal Network Operations
2024,Q3,6,2024-07-06,2024-07-12,Atlantic,Connecticut,CT,Connecticut,Package Services / Ground Adv,92.0,91.7,3.53,4812,1.6,NORMAL,Normal Network Operations
2024,Q3,6,2024-07-06,2024-07-12,Atlantic,Connecticut,CT,Connecticut,Periodicals,90.0,88.8,5.61,2347,2.8,NORMAL,Normal Network Operations
2024,Q3,6,2024-07-06,2024-07-12,Atlantic,New York 2 (Metro),NY,New York,First-Class Mail (2-Day),95.0,90.6,2.62,60085,2.3,NORMAL,Normal Network Operations
2024,Q3,6,2024-07-06,2024-07-12,Atlantic,New York 2 (Metro),NY,New York,First-Class Mail (3-5 Day),93.0,89.6,4.37,46839,2.4,NORMAL,Normal Network Operations
2024,Q3,6,2024-07-06,2024-07-12,Atlantic,New York 2 (Metro),NY,New York,USPS Marketing Mail,95.0,91.1,4.83,43569,1.8,NORMAL,Normal Network Operations
2024,Q3,6,2024-07-06,2024-07-12,Atlantic,New York 2 (Metro),NY,New York,Package Services / Ground Adv,92.0,90.8,3.68,17653,2.6,NORMAL,Normal Network Operations
2024,Q3,6,2024-07-06,2024-07-12,Atlantic,New York 2 (Metro),NY,New York,Periodicals,90.0,88.2,5.41,9533,2.9,NORMAL,Normal Network Operations
2024,Q3,6,2024-07-06,2024-07-12,Atlantic,New Jersey,NJ,New Jersey,First-Class Mail (2-Day),95.0,90.6,2.57,16199,2.9,NORMAL,Normal Network Operations
2024,Q3,6,2024-07-06,2024-07-12,Atlantic,New Jersey,NJ,New Jersey,First-Class Mail (3-5 Day),93.0,90.7,4.16,12001,2.6,NORMAL,Normal Network Operations
2024,Q3,6,2024-07-06,2024-07-12,Atlantic,New Jersey,NJ,New Jersey,USPS Marketing Mail,95.0,92.9,4.75,12002,2.2,NORMAL,Normal Network Operations
2024,Q3,6,2024-07-06,2024-07-12,Atlantic,New Jersey,NJ,New Jersey,Package Services / Ground Adv,92.0,91.7,3.57,4210,1.9,NORMAL,Normal Network Operations
2024,Q3,6,2024-07-06,2024-07-12,Atlantic,New Jersey,NJ,New Jersey,Periodicals,90.0,88.7,5.55,2339,2.7,NORMAL,Normal Network Operations
2024,Q3,6,2024-07-06,2024-07-12,Atlantic,Philadelphia,PA,Pennsylvania,First-Class Mail (2-Day),95.0,93.2,2.37,15340,1.8,NORMAL,Normal Network Operations
2024,Q3,6,2024-07-06,2024-07-12,Atlantic,Philadelphia,PA,Pennsylvania,First-Class Mail (3-5 Day),93.0,90.9,4.28,11561,1.9,NORMAL,Normal Network Operations
2024,Q3,6,2024-07-06,2024-07-12,Atlantic,Philadelphia,PA,Pennsylvania,USPS Marketing Mail,95.0,94.2,4.6,10537,1.1,NORMAL,Normal Network Operations
2024,Q3,6,2024-07-06,2024-07-12,Atlantic,Philadelphia,PA,Pennsylvania,Package Services / Ground Adv,92.0,91.5,3.58,4279,1.8,NORMAL,Normal Network Operations
2024,Q3,6,2024-07-06,2024-07-12,Atlantic,Philadelphia,PA,Pennsylvania,Periodicals,90.0,88.0,5.63,2306,2.3,NORMAL,Normal Network Operations
2024,Q3,6,2024-07-06,2024-07-12,Atlantic,Maryland/Delaware,DE,Delaware,First-Class Mail (2-Day),95.0,94.0,2.45,16274,1.9,NORMAL,Normal Network Operations
2024,Q3,6,2024-07-06,2024-07-12,Atlantic,Maryland/Delaware,DE,Delaware,First-Class Mail (3-5 Day),93.0,90.1,4.21,11531,3.0,NORMAL,Normal Network Operations
2024,Q3,6,2024-07-06,2024-07-12,Atlantic,Maryland/Delaware,DE,Delaware,USPS Marketing Mail,95.0,95.0,4.79,11962,1.3,NORMAL,Normal Network Operations
2024,Q3,6,2024-07-06,2024-07-12,Atlantic,Maryland/Delaware,DE,Delaware,Package Services / Ground Adv,92.0,92.7,3.57,4814,1.6,NORMAL,Normal Network Operations
2024,Q3,6,2024-07-06,2024-07-12,Atlantic,Maryland/Delaware,DE,Delaware,Periodicals,90.0,90.0,5.35,2223,3.1,NORMAL,Normal Network Operations
2024,Q3,6,2024-07-06,2024-07-12,Atlantic,Maryland/Delaware,MD,Maryland,First-Class Mail (2-Day),95.0,92.7,2.43,14898,2.1,NORMAL,Normal Network Operations
2024,Q3,6,2024-07-06,2024-07-12,Atlantic,Maryland/Delaware,MD,Maryland,First-Class Mail (3-5 Day),93.0,88.5,4.36,10948,3.3,NORMAL,Normal Network Operations
2024,Q3,6,2024-07-06,2024-07-12,Atlantic,Maryland/Delaware,MD,Maryland,USPS Marketing Mail,95.0,91.4,4.78,11143,2.7,NORMAL,Normal Network Operations
2024,Q3,6,2024-07-06,2024-07-12,Atlantic,Maryland/Delaware,MD,Maryland,Package Services / Ground Adv,92.0,90.7,3.71,4268,2.9,NORMAL,Normal Network Operations
2024,Q3,6,2024-07-06,2024-07-12,Atlantic,Maryland/Delaware,MD,Maryland,Periodicals,90.0,88.2,5.58,2148,2.4,NORMAL,Normal Network Operations
2024,Q3,6,2024-07-06,2024-07-12,Atlantic,Capital,DC,District of Columbia,First-Class Mail (2-Day),95.0,90.8,2.63,14750,2.8,NORMAL,Normal Network Operations
2024,Q3,6,2024-07-06,2024-07-12,Atlantic,Capital,DC,District of Columbia,First-Class Mail (3-5 Day),93.0,87.3,4.38,11152,3.3,NORMAL,Normal Network Operations
2024,Q3,6,2024-07-06,2024-07-12,Atlantic,Capital,DC,District of Columbia,USPS Marketing Mail,95.0,92.3,4.84,12029,1.5,NORMAL,Normal Network Operations
2024,Q3,6,2024-07-06,2024-07-12,Atlantic,Capital,DC,District of Columbia,Package Services / Ground Adv,92.0,89.9,3.77,4791,2.2,NORMAL,Normal Network Operations
2024,Q3,6,2024-07-06,2024-07-12,Atlantic,Capital,DC,District of Columbia,Periodicals,90.0,87.2,5.67,2246,3.2,NORMAL,Normal Network Operations
2024,Q3,6,2024-07-06,2024-07-12,Atlantic,Virginia,VA,Virginia,First-Class Mail (2-Day),95.0,92.6,2.56,16469,2.2,NORMAL,Normal Network Operations
2024,Q3,6,2024-07-06,2024-07-12,Atlantic,Virginia,VA,Virginia,First-Class Mail (3-5 Day),93.0,90.7,4.4,11822,1.7,NORMAL,Normal Network Operations
2024,Q3,6,2024-07-06,2024-07-12,Atlantic,Virginia,VA,Virginia,USPS Marketing Mail,95.0,93.6,4.85,10996,1.7,NORMAL,Normal Network Operations
2024,Q3,6,2024-07-06,2024-07-12,Atlantic,Virginia,VA,Virginia,Package Services / Ground Adv,92.0,92.2,3.64,4830,1.8,NORMAL,Normal Network Operations
2024,Q3,6,2024-07-06,2024-07-12,Atlantic,Virginia,VA,Virginia,Periodicals,90.0,88.3,5.62,2098,3.0,NORMAL,Normal Network Operations
2024,Q3,6,2024-07-06,2024-07-12,Atlantic,Appalachian,WV,West Virginia,First-Class Mail (2-Day),95.0,91.8,2.56,14935,2.4,NORMAL,Normal Network Operations
2024,Q3,6,2024-07-06,2024-07-12,Atlantic,Appalachian,WV,West Virginia,First-Class Mail (3-5 Day),93.0,88.6,4.3,11602,2.7,NORMAL,Normal Network Operations
2024,Q3,6,2024-07-06,2024-07-12,Atlantic,Appalachian,WV,West Virginia,USPS Marketing Mail,95.0,93.7,4.69,10502,1.7,NORMAL,Normal Network Operations
2024,Q3,6,2024-07-06,2024-07-12,Atlantic,Appalachian,WV,West Virginia,Package Services / Ground Adv,92.0,91.2,3.56,4279,2.5,NORMAL,Normal Network Operations
2024,Q3,6,2024-07-06,2024-07-12,Atlantic,Appalachian,WV,West Virginia,Periodicals,90.0,88.9,5.47,2092,2.9,NORMAL,Normal Network Operations
2024,Q3,6,2024-07-06,2024-07-12,Atlantic,North Carolina,NC,North Carolina,First-Class Mail (2-Day),95.0,92.6,2.49,16592,1.7,NORMAL,Normal Network Operations
2024,Q3,6,2024-07-06,2024-07-12,Atlantic,North Carolina,NC,North Carolina,First-Class Mail (3-5 Day),93.0,90.2,4.18,10450,3.1,NORMAL,Normal Network Operations
2024,Q3,6,2024-07-06,2024-07-12,Atlantic,North Carolina,NC,North Carolina,USPS Marketing Mail,95.0,94.0,4.61,11802,1.1,NORMAL,Normal Network Operations
2024,Q3,6,2024-07-06,2024-07-12,Atlantic,North Carolina,NC,North Carolina,Package Services / Ground Adv,92.0,91.9,3.67,4769,2.0,NORMAL,Normal Network Operations
2024,Q3,6,2024-07-06,2024-07-12,Atlantic,North Carolina,NC,North Carolina,Periodicals,90.0,88.2,5.62,2083,3.1,NORMAL,Normal Network Operations
2024,Q3,6,2024-07-06,2024-07-12,Atlantic,South Carolina,SC,South Carolina,First-Class Mail (2-Day),95.0,91.2,2.55,16803,2.4,NORMAL,Normal Network Operations
2024,Q3,6,2024-07-06,2024-07-12,Atlantic,South Carolina,SC,South Carolina,First-Class Mail (3-5 Day),93.0,88.8,4.28,10660,3.1,NORMAL,Normal Network Operations
2024,Q3,6,2024-07-06,2024-07-12,Atlantic,South Carolina,SC,South Carolina,USPS Marketing Mail,95.0,91.8,4.9,11171,1.8,NORMAL,Normal Network Operations
2024,Q3,6,2024-07-06,2024-07-12,Atlantic,South Carolina,SC,South Carolina,Package Services / Ground Adv,92.0,90.3,3.79,4216,2.5,NORMAL,Normal Network Operations
2024,Q3,6,2024-07-06,2024-07-12,Atlantic,South Carolina,SC,South Carolina,Periodicals,90.0,88.6,5.41,2359,3.3,NORMAL,Normal Network Operations
2024,Q3,6,2024-07-06,2024-07-12,Atlantic,Caribbean,PR,Puerto Rico,First-Class Mail (2-Day),95.0,89.0,2.8,16199,3.2,NORMAL,Normal Network Operations
2024,Q3,6,2024-07-06,2024-07-12,Atlantic,Caribbean,PR,Puerto Rico,First-Class Mail (3-5 Day),93.0,86.6,4.51,10597,4.2,NORMAL,Normal Network Operations
2024,Q3,6,2024-07-06,2024-07-12,Atlantic,Caribbean,PR,Puerto Rico,USPS Marketing Mail,95.0,90.8,4.95,11417,2.7,NORMAL,Normal Network Operations
2024,Q3,6,2024-07-06,2024-07-12,Atlantic,Caribbean,PR,Puerto Rico,Package Services / Ground Adv,92.0,87.8,3.73,4438,2.4,NORMAL,Normal Network Operations
2024,Q3,6,2024-07-06,2024-07-12,Atlantic,Caribbean,PR,Puerto Rico,Periodicals,90.0,86.2,5.59,2403,3.6,NORMAL,Normal Network Operations
2024,Q3,6,2024-07-06,2024-07-12,Central,Ohio 1 (Columbus),OH,Ohio,First-Class Mail (2-Day),95.0,92.1,2.6,16033,1.5,NORMAL,Normal Network Operations
2024,Q3,6,2024-07-06,2024-07-12,Central,Ohio 1 (Columbus),OH,Ohio,First-Class Mail (3-5 Day),93.0,91.7,4.23,10361,1.5,NORMAL,Normal Network Operations
2024,Q3,6,2024-07-06,2024-07-12,Central,Ohio 1 (Columbus),OH,Ohio,USPS Marketing Mail,95.0,93.2,4.8,11946,1.3,NORMAL,Normal Network Operations
2024,Q3,6,2024-07-06,2024-07-12,Central,Ohio 1 (Columbus),OH,Ohio,Package Services / Ground Adv,92.0,92.0,3.69,4638,2.3,NORMAL,Normal Network Operations
2024,Q3,6,2024-07-06,2024-07-12,Central,Ohio 1 (Columbus),OH,Ohio,Periodicals,90.0,89.0,5.47,2218,3.0,NORMAL,Normal Network Operations
2024,Q3,6,2024-07-06,2024-07-12,Central,Michigan 1 (Detroit),MI,Michigan,First-Class Mail (2-Day),95.0,93.5,2.32,14943,1.7,NORMAL,Normal Network Operations
2024,Q3,6,2024-07-06,2024-07-12,Central,Michigan 1 (Detroit),MI,Michigan,First-Class Mail (3-5 Day),93.0,90.2,4.34,11758,3.1,NORMAL,Normal Network Operations
2024,Q3,6,2024-07-06,2024-07-12,Central,Michigan 1 (Detroit),MI,Michigan,USPS Marketing Mail,95.0,92.8,4.7,10561,1.3,NORMAL,Normal Network Operations
2024,Q3,6,2024-07-06,2024-07-12,Central,Michigan 1 (Detroit),MI,Michigan,Package Services / Ground Adv,92.0,91.5,3.6,4688,1.6,NORMAL,Normal Network Operations
2024,Q3,6,2024-07-06,2024-07-12,Central,Michigan 1 (Detroit),MI,Michigan,Periodicals,90.0,89.0,5.54,2307,2.3,NORMAL,Normal Network Operations
2024,Q3,6,2024-07-06,2024-07-12,Central,Indiana,IN,Indiana,First-Class Mail (2-Day),95.0,93.1,2.54,16216,1.4,NORMAL,Normal Network Operations
2024,Q3,6,2024-07-06,2024-07-12,Central,Indiana,IN,Indiana,First-Class Mail (3-5 Day),93.0,92.5,4.1,11556,1.8,NORMAL,Normal Network Operations
2024,Q3,6,2024-07-06,2024-07-12,Central,Indiana,IN,Indiana,USPS Marketing Mail,95.0,93.3,4.69,11132,1.8,NORMAL,Normal Network Operations
2024,Q3,6,2024-07-06,2024-07-12,Central,Indiana,IN,Indiana,Package Services / Ground Adv,92.0,92.2,3.67,4171,2.3,NORMAL,Normal Network Operations
2024,Q3,6,2024-07-06,2024-07-12,Central,Indiana,IN,Indiana,Periodicals,90.0,90.7,5.29,2352,2.9,NORMAL,Normal Network Operations
2024,Q3,6,2024-07-06,2024-07-12,Central,Illinois 1 (Chicago),IL,Illinois,First-Class Mail (2-Day),95.0,90.8,2.68,16307,1.8,NORMAL,Normal Network Operations
2024,Q3,6,2024-07-06,2024-07-12,Central,Illinois 1 (Chicago),IL,Illinois,First-Class Mail (3-5 Day),93.0,88.8,4.29,11568,2.5,NORMAL,Normal Network Operations
2024,Q3,6,2024-07-06,2024-07-12,Central,Illinois 1 (Chicago),IL,Illinois,USPS Marketing Mail,95.0,91.2,4.81,10526,2.5,NORMAL,Normal Network Operations
2024,Q3,6,2024-07-06,2024-07-12,Central,Illinois 1 (Chicago),IL,Illinois,Package Services / Ground Adv,92.0,90.4,3.66,4298,2.9,NORMAL,Normal Network Operations
2024,Q3,6,2024-07-06,2024-07-12,Central,Illinois 1 (Chicago),IL,Illinois,Periodicals,90.0,87.2,5.66,2122,3.2,NORMAL,Normal Network Operations
2024,Q3,6,2024-07-06,2024-07-12,Central,Wisconsin,WI,Wisconsin,First-Class Mail (2-Day),95.0,94.9,2.34,14833,1.2,NORMAL,Normal Network Operations
2024,Q3,6,2024-07-06,2024-07-12,Central,Wisconsin,WI,Wisconsin,First-Class Mail (3-5 Day),93.0,92.2,4.33,10713,2.1,NORMAL,Normal Network Operations
2024,Q3,6,2024-07-06,2024-07-12,Central,Wisconsin,WI,Wisconsin,USPS Marketing Mail,95.0,93.8,4.61,10595,1.7,NORMAL,Normal Network Operations
2024,Q3,6,2024-07-06,2024-07-12,Central,Wisconsin,WI,Wisconsin,Package Services / Ground Adv,92.0,93.7,3.44,4387,1.5,NORMAL,Normal Network Operations
2024,Q3,6,2024-07-06,2024-07-12,Central,Wisconsin,WI,Wisconsin,Periodicals,90.0,91.3,5.43,2299,2.3,NORMAL,Normal Network Operations
2024,Q3,6,2024-07-06,2024-07-12,Central,Northland,MN,Minnesota,First-Class Mail (2-Day),95.0,93.7,2.56,16644,1.3,NORMAL,Normal Network Operations
2024,Q3,6,2024-07-06,2024-07-12,Central,Northland,MN,Minnesota,First-Class Mail (3-5 Day),93.0,90.2,4.3,12142,2.9,NORMAL,Normal Network Operations
2024,Q3,6,2024-07-06,2024-07-12,Central,Northland,MN,Minnesota,USPS Marketing Mail,95.0,94.4,4.64,11664,1.7,NORMAL,Normal Network Operations
2024,Q3,6,2024-07-06,2024-07-12,Central,Northland,MN,Minnesota,Package Services / Ground Adv,92.0,93.0,3.52,4557,1.5,NORMAL,Normal Network Operations
2024,Q3,6,2024-07-06,2024-07-12,Central,Northland,MN,Minnesota,Periodicals,90.0,90.8,5.28,2276,2.4,NORMAL,Normal Network Operations
2024,Q3,6,2024-07-06,2024-07-12,Central,Dakotas,ND,North Dakota,First-Class Mail (2-Day),95.0,93.0,2.34,15676,2.2,NORMAL,Normal Network Operations
2024,Q3,6,2024-07-06,2024-07-12,Central,Dakotas,ND,North Dakota,First-Class Mail (3-5 Day),93.0,92.6,4.19,11212,1.4,NORMAL,Normal Network Operations
2024,Q3,6,2024-07-06,2024-07-12,Central,Dakotas,ND,North Dakota,USPS Marketing Mail,95.0,95.7,4.62,10782,1.3,NORMAL,Normal Network Operations
2024,Q3,6,2024-07-06,2024-07-12,Central,Dakotas,ND,North Dakota,Package Services / Ground Adv,92.0,93.3,3.61,4823,1.2,NORMAL,Normal Network Operations
2024,Q3,6,2024-07-06,2024-07-12,Central,Dakotas,ND,North Dakota,Periodicals,90.0,89.8,5.46,2102,2.3,NORMAL,Normal Network Operations
2024,Q3,6,2024-07-06,2024-07-12,Central,Dakotas,SD,South Dakota,First-Class Mail (2-Day),95.0,93.9,2.47,16651,1.4,NORMAL,Normal Network Operations
2024,Q3,6,2024-07-06,2024-07-12,Central,Dakotas,SD,South Dakota,First-Class Mail (3-5 Day),93.0,92.3,4.19,11739,1.4,NORMAL,Normal Network Operations
2024,Q3,6,2024-07-06,2024-07-12,Central,Dakotas,SD,South Dakota,USPS Marketing Mail,95.0,95.6,4.71,11016,1.0,NORMAL,Normal Network Operations
2024,Q3,6,2024-07-06,2024-07-12,Central,Dakotas,SD,South Dakota,Package Services / Ground Adv,92.0,92.8,3.67,4190,1.9,NORMAL,Normal Network Operations
2024,Q3,6,2024-07-06,2024-07-12,Central,Dakotas,SD,South Dakota,Periodicals,90.0,91.3,5.22,2223,2.0,NORMAL,Normal Network Operations
2024,Q3,6,2024-07-06,2024-07-12,Central,Iowa/Nebraska,IA,Iowa,First-Class Mail (2-Day),95.0,93.9,2.43,16492,1.9,NORMAL,Normal Network Operations
2024,Q3,6,2024-07-06,2024-07-12,Central,Iowa/Nebraska,IA,Iowa,First-Class Mail (3-5 Day),93.0,93.0,4.27,11674,1.3,NORMAL,Normal Network Operations
2024,Q3,6,2024-07-06,2024-07-12,Central,Iowa/Nebraska,IA,Iowa,USPS Marketing Mail,95.0,94.2,4.75,11948,1.8,NORMAL,Normal Network Operations
2024,Q3,6,2024-07-06,2024-07-12,Central,Iowa/Nebraska,IA,Iowa,Package Services / Ground Adv,92.0,92.6,3.62,4403,1.7,NORMAL,Normal Network Operations
2024,Q3,6,2024-07-06,2024-07-12,Central,Iowa/Nebraska,IA,Iowa,Periodicals,90.0,90.2,5.29,2325,2.5,NORMAL,Normal Network Operations
2024,Q3,6,2024-07-06,2024-07-12,Central,Iowa/Nebraska,NE,Nebraska,First-Class Mail (2-Day),95.0,93.5,2.37,14776,2.1,NORMAL,Normal Network Operations
2024,Q3,6,2024-07-06,2024-07-12,Central,Iowa/Nebraska,NE,Nebraska,First-Class Mail (3-5 Day),93.0,91.9,4.24,12076,2.5,NORMAL,Normal Network Operations
2024,Q3,6,2024-07-06,2024-07-12,Central,Iowa/Nebraska,NE,Nebraska,USPS Marketing Mail,95.0,94.3,4.63,10984,1.6,NORMAL,Normal Network Operations
2024,Q3,6,2024-07-06,2024-07-12,Central,Iowa/Nebraska,NE,Nebraska,Package Services / Ground Adv,92.0,92.6,3.52,4185,2.0,NORMAL,Normal Network Operations
2024,Q3,6,2024-07-06,2024-07-12,Central,Iowa/Nebraska,NE,Nebraska,Periodicals,90.0,90.3,5.41,2114,2.4,NORMAL,Normal Network Operations
2024,Q3,6,2024-07-06,2024-07-12,Central,Kansas/Missouri,KS,Kansas,First-Class Mail (2-Day),95.0,94.2,2.41,15226,1.6,NORMAL,Normal Network Operations
2024,Q3,6,2024-07-06,2024-07-12,Central,Kansas/Missouri,KS,Kansas,First-Class Mail (3-5 Day),93.0,91.8,4.35,11805,2.4,NORMAL,Normal Network Operations
2024,Q3,6,2024-07-06,2024-07-12,Central,Kansas/Missouri,KS,Kansas,USPS Marketing Mail,95.0,95.6,4.74,11174,0.8,NORMAL,Normal Network Operations
2024,Q3,6,2024-07-06,2024-07-12,Central,Kansas/Missouri,KS,Kansas,Package Services / Ground Adv,92.0,91.7,3.57,4828,2.5,NORMAL,Normal Network Operations
2024,Q3,6,2024-07-06,2024-07-12,Central,Kansas/Missouri,KS,Kansas,Periodicals,90.0,89.3,5.5,2248,2.3,NORMAL,Normal Network Operations
2024,Q3,6,2024-07-06,2024-07-12,Central,Kansas/Missouri,MO,Missouri,First-Class Mail (2-Day),95.0,93.7,2.46,15228,1.6,NORMAL,Normal Network Operations
2024,Q3,6,2024-07-06,2024-07-12,Central,Kansas/Missouri,MO,Missouri,First-Class Mail (3-5 Day),93.0,91.7,4.13,10974,2.1,NORMAL,Normal Network Operations
2024,Q3,6,2024-07-06,2024-07-12,Central,Kansas/Missouri,MO,Missouri,USPS Marketing Mail,95.0,93.5,4.68,10463,1.8,NORMAL,Normal Network Operations
2024,Q3,6,2024-07-06,2024-07-12,Central,Kansas/Missouri,MO,Missouri,Package Services / Ground Adv,92.0,92.7,3.7,4604,1.6,NORMAL,Normal Network Operations
2024,Q3,6,2024-07-06,2024-07-12,Central,Kansas/Missouri,MO,Missouri,Periodicals,90.0,89.1,5.5,2187,2.5,NORMAL,Normal Network Operations
2024,Q3,6,2024-07-06,2024-07-12,Southern,Georgia (Atlanta),GA,Georgia,First-Class Mail (2-Day),95.0,67.1,3.75,15256,9.8,CRITICAL,Palmetto RPDC Consolidation / Sorter Integration Delays
2024,Q3,6,2024-07-06,2024-07-12,Southern,Georgia (Atlanta),GA,Georgia,First-Class Mail (3-5 Day),93.0,68.1,5.35,11221,6.5,CRITICAL,Palmetto RPDC Consolidation / Sorter Integration Delays
2024,Q3,6,2024-07-06,2024-07-12,Southern,Georgia (Atlanta),GA,Georgia,USPS Marketing Mail,95.0,65.6,6.1,11170,6.4,CRITICAL,Palmetto RPDC Consolidation / Sorter Integration Delays
2024,Q3,6,2024-07-06,2024-07-12,Southern,Georgia (Atlanta),GA,Georgia,Package Services / Ground Adv,92.0,69.4,4.69,4840,8.6,CRITICAL,Palmetto RPDC Consolidation / Sorter Integration Delays
2024,Q3,6,2024-07-06,2024-07-12,Southern,Georgia (Atlanta),GA,Georgia,Periodicals,90.0,64.0,6.62,2155,9.8,CRITICAL,Palmetto RPDC Consolidation / Sorter Integration Delays
2024,Q3,6,2024-07-06,2024-07-12,Southern,Florida 1 (Central),FL,Florida,First-Class Mail (2-Day),95.0,91.6,2.43,60584,1.9,NORMAL,Normal Network Operations
2024,Q3,6,2024-07-06,2024-07-12,Southern,Florida 1 (Central),FL,Florida,First-Class Mail (3-5 Day),93.0,89.7,4.2,43681,2.7,NORMAL,Normal Network Operations
2024,Q3,6,2024-07-06,2024-07-12,Southern,Florida 1 (Central),FL,Florida,USPS Marketing Mail,95.0,93.1,4.77,42570,1.6,NORMAL,Normal Network Operations
2024,Q3,6,2024-07-06,2024-07-12,Southern,Florida 1 (Central),FL,Florida,Package Services / Ground Adv,92.0,91.2,3.63,17998,2.7,NORMAL,Normal Network Operations
2024,Q3,6,2024-07-06,2024-07-12,Southern,Florida 1 (Central),FL,Florida,Periodicals,90.0,88.3,5.45,8286,2.9,NORMAL,Normal Network Operations
2024,Q3,6,2024-07-06,2024-07-12,Southern,Alabama/Mississippi,AL,Alabama,First-Class Mail (2-Day),95.0,92.1,2.46,16267,2.5,NORMAL,Normal Network Operations
2024,Q3,6,2024-07-06,2024-07-12,Southern,Alabama/Mississippi,AL,Alabama,First-Class Mail (3-5 Day),93.0,89.2,4.47,12115,2.4,NORMAL,Normal Network Operations
2024,Q3,6,2024-07-06,2024-07-12,Southern,Alabama/Mississippi,AL,Alabama,USPS Marketing Mail,95.0,92.5,4.81,11982,1.5,NORMAL,Normal Network Operations
2024,Q3,6,2024-07-06,2024-07-12,Southern,Alabama/Mississippi,AL,Alabama,Package Services / Ground Adv,92.0,90.4,3.76,4788,2.7,NORMAL,Normal Network Operations
2024,Q3,6,2024-07-06,2024-07-12,Southern,Alabama/Mississippi,AL,Alabama,Periodicals,90.0,87.1,5.51,2214,3.3,NORMAL,Normal Network Operations
2024,Q3,6,2024-07-06,2024-07-12,Southern,Alabama/Mississippi,MS,Mississippi,First-Class Mail (2-Day),95.0,91.7,2.42,14628,2.0,NORMAL,Normal Network Operations
2024,Q3,6,2024-07-06,2024-07-12,Southern,Alabama/Mississippi,MS,Mississippi,First-Class Mail (3-5 Day),93.0,89.0,4.29,12034,2.9,NORMAL,Normal Network Operations
2024,Q3,6,2024-07-06,2024-07-12,Southern,Alabama/Mississippi,MS,Mississippi,USPS Marketing Mail,95.0,91.2,4.87,11151,1.6,NORMAL,Normal Network Operations
2024,Q3,6,2024-07-06,2024-07-12,Southern,Alabama/Mississippi,MS,Mississippi,Package Services / Ground Adv,92.0,90.3,3.7,4280,1.9,NORMAL,Normal Network Operations
2024,Q3,6,2024-07-06,2024-07-12,Southern,Alabama/Mississippi,MS,Mississippi,Periodicals,90.0,87.0,5.68,2397,3.4,NORMAL,Normal Network Operations
2024,Q3,6,2024-07-06,2024-07-12,Southern,Tennessee,TN,Tennessee,First-Class Mail (2-Day),95.0,92.5,2.59,15421,1.5,NORMAL,Normal Network Operations
2024,Q3,6,2024-07-06,2024-07-12,Southern,Tennessee,TN,Tennessee,First-Class Mail (3-5 Day),93.0,90.3,4.26,12109,2.1,NORMAL,Normal Network Operations
2024,Q3,6,2024-07-06,2024-07-12,Southern,Tennessee,TN,Tennessee,USPS Marketing Mail,95.0,94.5,4.75,11149,1.1,NORMAL,Normal Network Operations
2024,Q3,6,2024-07-06,2024-07-12,Southern,Tennessee,TN,Tennessee,Package Services / Ground Adv,92.0,93.0,3.51,4720,2.0,NORMAL,Normal Network Operations
2024,Q3,6,2024-07-06,2024-07-12,Southern,Tennessee,TN,Tennessee,Periodicals,90.0,90.4,5.5,2120,2.3,NORMAL,Normal Network Operations
2024,Q3,6,2024-07-06,2024-07-12,Southern,Kentucky,KY,Kentucky,First-Class Mail (2-Day),95.0,92.6,2.41,15686,1.4,NORMAL,Normal Network Operations
2024,Q3,6,2024-07-06,2024-07-12,Southern,Kentucky,KY,Kentucky,First-Class Mail (3-5 Day),93.0,91.1,4.14,12078,2.8,NORMAL,Normal Network Operations
2024,Q3,6,2024-07-06,2024-07-12,Southern,Kentucky,KY,Kentucky,USPS Marketing Mail,95.0,93.8,4.7,11995,1.2,NORMAL,Normal Network Operations
2024,Q3,6,2024-07-06,2024-07-12,Southern,Kentucky,KY,Kentucky,Package Services / Ground Adv,92.0,91.2,3.71,4683,2.3,NORMAL,Normal Network Operations
2024,Q3,6,2024-07-06,2024-07-12,Southern,Kentucky,KY,Kentucky,Periodicals,90.0,88.0,5.48,2269,2.5,NORMAL,Normal Network Operations
2024,Q3,6,2024-07-06,2024-07-12,Southern,Arkansas,AR,Arkansas,First-Class Mail (2-Day),95.0,92.0,2.61,15255,2.4,NORMAL,Normal Network Operations
2024,Q3,6,2024-07-06,2024-07-12,Southern,Arkansas,AR,Arkansas,First-Class Mail (3-5 Day),93.0,91.0,4.14,10354,2.2,NORMAL,Normal Network Operations
2024,Q3,6,2024-07-06,2024-07-12,Southern,Arkansas,AR,Arkansas,USPS Marketing Mail,95.0,93.3,4.84,11200,2.1,NORMAL,Normal Network Operations
2024,Q3,6,2024-07-06,2024-07-12,Southern,Arkansas,AR,Arkansas,Package Services / Ground Adv,92.0,92.5,3.57,4494,2.3,NORMAL,Normal Network Operations
2024,Q3,6,2024-07-06,2024-07-12,Southern,Arkansas,AR,Arkansas,Periodicals,90.0,90.1,5.31,2169,2.1,NORMAL,Normal Network Operations
2024,Q3,6,2024-07-06,2024-07-12,Southern,Louisiana,LA,Louisiana,First-Class Mail (2-Day),95.0,92.0,2.58,15954,1.5,NORMAL,Normal Network Operations
2024,Q3,6,2024-07-06,2024-07-12,Southern,Louisiana,LA,Louisiana,First-Class Mail (3-5 Day),93.0,88.8,4.41,11206,3.4,NORMAL,Normal Network Operations
2024,Q3,6,2024-07-06,2024-07-12,Southern,Louisiana,LA,Louisiana,USPS Marketing Mail,95.0,92.1,4.81,11385,1.6,NORMAL,Normal Network Operations
2024,Q3,6,2024-07-06,2024-07-12,Southern,Louisiana,LA,Louisiana,Package Services / Ground Adv,92.0,90.6,3.57,4370,1.9,NORMAL,Normal Network Operations
2024,Q3,6,2024-07-06,2024-07-12,Southern,Louisiana,LA,Louisiana,Periodicals,90.0,88.2,5.41,2168,2.3,NORMAL,Normal Network Operations
2024,Q3,6,2024-07-06,2024-07-12,Southern,Oklahoma,OK,Oklahoma,First-Class Mail (2-Day),95.0,92.8,2.44,15220,2.2,NORMAL,Normal Network Operations
2024,Q3,6,2024-07-06,2024-07-12,Southern,Oklahoma,OK,Oklahoma,First-Class Mail (3-5 Day),93.0,90.9,4.27,11729,2.8,NORMAL,Normal Network Operations
2024,Q3,6,2024-07-06,2024-07-12,Southern,Oklahoma,OK,Oklahoma,USPS Marketing Mail,95.0,93.0,4.83,11328,1.4,NORMAL,Normal Network Operations
2024,Q3,6,2024-07-06,2024-07-12,Southern,Oklahoma,OK,Oklahoma,Package Services / Ground Adv,92.0,92.9,3.62,4356,2.1,NORMAL,Normal Network Operations
2024,Q3,6,2024-07-06,2024-07-12,Southern,Oklahoma,OK,Oklahoma,Periodicals,90.0,89.9,5.31,2278,2.8,NORMAL,Normal Network Operations
2024,Q3,6,2024-07-06,2024-07-12,Southern,Texas 2 (Houston/Gulf),TX,Texas,First-Class Mail (2-Day),95.0,73.1,3.43,62847,6.8,CRITICAL,North Houston Processing & Network Modernization Bottleneck
2024,Q3,6,2024-07-06,2024-07-12,Southern,Texas 2 (Houston/Gulf),TX,Texas,First-Class Mail (3-5 Day),93.0,75.5,4.95,42992,4.8,CRITICAL,North Houston Processing & Network Modernization Bottleneck
2024,Q3,6,2024-07-06,2024-07-12,Southern,Texas 2 (Houston/Gulf),TX,Texas,USPS Marketing Mail,95.0,79.2,5.54,45184,5.5,CRITICAL,North Houston Processing & Network Modernization Bottleneck
2024,Q3,6,2024-07-06,2024-07-12,Southern,Texas 2 (Houston/Gulf),TX,Texas,Package Services / Ground Adv,92.0,74.9,4.37,17886,7.2,CRITICAL,North Houston Processing & Network Modernization Bottleneck
2024,Q3,6,2024-07-06,2024-07-12,Southern,Texas 2 (Houston/Gulf),TX,Texas,Periodicals,90.0,75.3,6.14,8728,7.6,CRITICAL,North Houston Processing & Network Modernization Bottleneck
2024,Q3,6,2024-07-06,2024-07-12,WestPac,Washington,WA,Washington,First-Class Mail (2-Day),95.0,92.8,2.58,15996,2.1,NORMAL,Normal Network Operations
2024,Q3,6,2024-07-06,2024-07-12,WestPac,Washington,WA,Washington,First-Class Mail (3-5 Day),93.0,91.5,4.3,10401,1.9,NORMAL,Normal Network Operations
2024,Q3,6,2024-07-06,2024-07-12,WestPac,Washington,WA,Washington,USPS Marketing Mail,95.0,94.7,4.78,10606,1.1,NORMAL,Normal Network Operations
2024,Q3,6,2024-07-06,2024-07-12,WestPac,Washington,WA,Washington,Package Services / Ground Adv,92.0,91.4,3.55,4196,1.7,NORMAL,Normal Network Operations
2024,Q3,6,2024-07-06,2024-07-12,WestPac,Washington,WA,Washington,Periodicals,90.0,90.1,5.3,2348,2.9,NORMAL,Normal Network Operations
2024,Q3,6,2024-07-06,2024-07-12,WestPac,Oregon/Idaho,OR,Oregon,First-Class Mail (2-Day),95.0,94.2,2.3,16488,1.1,NORMAL,Normal Network Operations
2024,Q3,6,2024-07-06,2024-07-12,WestPac,Oregon/Idaho,OR,Oregon,First-Class Mail (3-5 Day),93.0,91.4,4.14,10805,1.6,NORMAL,Normal Network Operations
2024,Q3,6,2024-07-06,2024-07-12,WestPac,Oregon/Idaho,OR,Oregon,USPS Marketing Mail,95.0,93.4,4.81,11758,1.8,NORMAL,Normal Network Operations
2024,Q3,6,2024-07-06,2024-07-12,WestPac,Oregon/Idaho,OR,Oregon,Package Services / Ground Adv,92.0,93.6,3.64,4273,1.3,NORMAL,Normal Network Operations
2024,Q3,6,2024-07-06,2024-07-12,WestPac,Oregon/Idaho,OR,Oregon,Periodicals,90.0,89.7,5.52,2409,2.0,NORMAL,Normal Network Operations
2024,Q3,6,2024-07-06,2024-07-12,WestPac,California 1 (Bay Area),CA,California,First-Class Mail (2-Day),95.0,93.0,2.37,63006,1.6,NORMAL,Normal Network Operations
2024,Q3,6,2024-07-06,2024-07-12,WestPac,California 1 (Bay Area),CA,California,First-Class Mail (3-5 Day),93.0,90.2,4.32,42113,2.1,NORMAL,Normal Network Operations
2024,Q3,6,2024-07-06,2024-07-12,WestPac,California 1 (Bay Area),CA,California,USPS Marketing Mail,95.0,92.9,4.69,42779,1.3,NORMAL,Normal Network Operations
2024,Q3,6,2024-07-06,2024-07-12,WestPac,California 1 (Bay Area),CA,California,Package Services / Ground Adv,92.0,90.4,3.71,19363,2.9,NORMAL,Normal Network Operations
2024,Q3,6,2024-07-06,2024-07-12,WestPac,California 1 (Bay Area),CA,California,Periodicals,90.0,87.4,5.55,9299,2.6,NORMAL,Normal Network Operations
2024,Q3,6,2024-07-06,2024-07-12,WestPac,Nevada,NV,Nevada,First-Class Mail (2-Day),95.0,92.9,2.45,16903,1.9,NORMAL,Normal Network Operations
2024,Q3,6,2024-07-06,2024-07-12,WestPac,Nevada,NV,Nevada,First-Class Mail (3-5 Day),93.0,90.2,4.27,10735,2.3,NORMAL,Normal Network Operations
2024,Q3,6,2024-07-06,2024-07-12,WestPac,Nevada,NV,Nevada,USPS Marketing Mail,95.0,93.3,4.88,10572,1.3,NORMAL,Normal Network Operations
2024,Q3,6,2024-07-06,2024-07-12,WestPac,Nevada,NV,Nevada,Package Services / Ground Adv,92.0,91.3,3.72,4647,1.7,NORMAL,Normal Network Operations
2024,Q3,6,2024-07-06,2024-07-12,WestPac,Nevada,NV,Nevada,Periodicals,90.0,89.8,5.38,2111,1.9,NORMAL,Normal Network Operations
2024,Q3,6,2024-07-06,2024-07-12,WestPac,Oregon/Idaho,ID,Idaho,First-Class Mail (2-Day),95.0,93.5,2.39,16949,1.7,NORMAL,Normal Network Operations
2024,Q3,6,2024-07-06,2024-07-12,WestPac,Oregon/Idaho,ID,Idaho,First-Class Mail (3-5 Day),93.0,91.7,4.17,11889,2.1,NORMAL,Normal Network Operations
2024,Q3,6,2024-07-06,2024-07-12,WestPac,Oregon/Idaho,ID,Idaho,USPS Marketing Mail,95.0,94.1,4.8,11206,1.1,NORMAL,Normal Network Operations
2024,Q3,6,2024-07-06,2024-07-12,WestPac,Oregon/Idaho,ID,Idaho,Package Services / Ground Adv,92.0,93.4,3.68,4493,1.4,NORMAL,Normal Network Operations
2024,Q3,6,2024-07-06,2024-07-12,WestPac,Oregon/Idaho,ID,Idaho,Periodicals,90.0,89.6,5.48,2100,2.5,NORMAL,Normal Network Operations
2024,Q3,6,2024-07-06,2024-07-12,WestPac,Montana/Wyoming,MT,Montana,First-Class Mail (2-Day),95.0,93.6,2.46,14746,1.5,NORMAL,Normal Network Operations
2024,Q3,6,2024-07-06,2024-07-12,WestPac,Montana/Wyoming,MT,Montana,First-Class Mail (3-5 Day),93.0,93.3,4.03,12105,2.1,NORMAL,Normal Network Operations
2024,Q3,6,2024-07-06,2024-07-12,WestPac,Montana/Wyoming,MT,Montana,USPS Marketing Mail,95.0,94.9,4.8,10570,1.3,NORMAL,Normal Network Operations
2024,Q3,6,2024-07-06,2024-07-12,WestPac,Montana/Wyoming,MT,Montana,Package Services / Ground Adv,92.0,94.3,3.44,4653,1.6,NORMAL,Normal Network Operations
2024,Q3,6,2024-07-06,2024-07-12,WestPac,Montana/Wyoming,MT,Montana,Periodicals,90.0,91.2,5.43,2301,1.9,NORMAL,Normal Network Operations
2024,Q3,6,2024-07-06,2024-07-12,WestPac,Montana/Wyoming,WY,Wyoming,First-Class Mail (2-Day),95.0,94.1,2.44,15509,1.5,NORMAL,Normal Network Operations
2024,Q3,6,2024-07-06,2024-07-12,WestPac,Montana/Wyoming,WY,Wyoming,First-Class Mail (3-5 Day),93.0,92.1,4.28,10544,1.7,NORMAL,Normal Network Operations
2024,Q3,6,2024-07-06,2024-07-12,WestPac,Montana/Wyoming,WY,Wyoming,USPS Marketing Mail,95.0,94.5,4.72,10592,1.4,NORMAL,Normal Network Operations
2024,Q3,6,2024-07-06,2024-07-12,WestPac,Montana/Wyoming,WY,Wyoming,Package Services / Ground Adv,92.0,92.3,3.48,4628,1.4,NORMAL,Normal Network Operations
2024,Q3,6,2024-07-06,2024-07-12,WestPac,Montana/Wyoming,WY,Wyoming,Periodicals,90.0,91.9,5.37,2124,1.9,NORMAL,Normal Network Operations
2024,Q3,6,2024-07-06,2024-07-12,WestPac,Utah,UT,Utah,First-Class Mail (2-Day),95.0,94.4,2.28,16384,1.1,NORMAL,Normal Network Operations
2024,Q3,6,2024-07-06,2024-07-12,WestPac,Utah,UT,Utah,First-Class Mail (3-5 Day),93.0,92.5,4.11,11541,2.2,NORMAL,Normal Network Operations
2024,Q3,6,2024-07-06,2024-07-12,WestPac,Utah,UT,Utah,USPS Marketing Mail,95.0,94.9,4.63,11897,1.1,NORMAL,Normal Network Operations
2024,Q3,6,2024-07-06,2024-07-12,WestPac,Utah,UT,Utah,Package Services / Ground Adv,92.0,93.2,3.43,4449,2.1,NORMAL,Normal Network Operations
2024,Q3,6,2024-07-06,2024-07-12,WestPac,Utah,UT,Utah,Periodicals,90.0,91.6,5.28,2205,2.0,NORMAL,Normal Network Operations
2024,Q3,6,2024-07-06,2024-07-12,WestPac,Colorado,CO,Colorado,First-Class Mail (2-Day),95.0,93.3,2.47,16658,1.2,NORMAL,Normal Network Operations
2024,Q3,6,2024-07-06,2024-07-12,WestPac,Colorado,CO,Colorado,First-Class Mail (3-5 Day),93.0,90.7,4.28,10592,2.6,NORMAL,Normal Network Operations
2024,Q3,6,2024-07-06,2024-07-12,WestPac,Colorado,CO,Colorado,USPS Marketing Mail,95.0,94.7,4.57,11565,1.3,NORMAL,Normal Network Operations
2024,Q3,6,2024-07-06,2024-07-12,WestPac,Colorado,CO,Colorado,Package Services / Ground Adv,92.0,92.8,3.59,4482,2.0,NORMAL,Normal Network Operations
2024,Q3,6,2024-07-06,2024-07-12,WestPac,Colorado,CO,Colorado,Periodicals,90.0,90.8,5.35,2248,2.3,NORMAL,Normal Network Operations
2024,Q3,6,2024-07-06,2024-07-12,WestPac,Arizona/New Mexico,AZ,Arizona,First-Class Mail (2-Day),95.0,94.3,2.36,16954,1.5,NORMAL,Normal Network Operations
2024,Q3,6,2024-07-06,2024-07-12,WestPac,Arizona/New Mexico,AZ,Arizona,First-Class Mail (3-5 Day),93.0,90.6,4.16,11856,1.7,NORMAL,Normal Network Operations
2024,Q3,6,2024-07-06,2024-07-12,WestPac,Arizona/New Mexico,AZ,Arizona,USPS Marketing Mail,95.0,93.6,4.61,11954,1.8,NORMAL,Normal Network Operations
2024,Q3,6,2024-07-06,2024-07-12,WestPac,Arizona/New Mexico,AZ,Arizona,Package Services / Ground Adv,92.0,91.8,3.58,4397,1.6,NORMAL,Normal Network Operations
2024,Q3,6,2024-07-06,2024-07-12,WestPac,Arizona/New Mexico,AZ,Arizona,Periodicals,90.0,89.3,5.38,2303,2.9,NORMAL,Normal Network Operations
2024,Q3,6,2024-07-06,2024-07-12,WestPac,Arizona/New Mexico,NM,New Mexico,First-Class Mail (2-Day),95.0,93.0,2.35,15258,2.2,NORMAL,Normal Network Operations
2024,Q3,6,2024-07-06,2024-07-12,WestPac,Arizona/New Mexico,NM,New Mexico,First-Class Mail (3-5 Day),93.0,90.2,4.26,11179,1.8,NORMAL,Normal Network Operations
2024,Q3,6,2024-07-06,2024-07-12,WestPac,Arizona/New Mexico,NM,New Mexico,USPS Marketing Mail,95.0,94.5,4.8,10829,1.4,NORMAL,Normal Network Operations
2024,Q3,6,2024-07-06,2024-07-12,WestPac,Arizona/New Mexico,NM,New Mexico,Package Services / Ground Adv,92.0,92.3,3.73,4411,2.0,NORMAL,Normal Network Operations
2024,Q3,6,2024-07-06,2024-07-12,WestPac,Arizona/New Mexico,NM,New Mexico,Periodicals,90.0,89.0,5.55,2106,2.9,NORMAL,Normal Network Operations
2024,Q3,6,2024-07-06,2024-07-12,WestPac,Alaska,AK,Alaska,First-Class Mail (2-Day),95.0,90.2,2.61,16417,2.2,NORMAL,Normal Network Operations
2024,Q3,6,2024-07-06,2024-07-12,WestPac,Alaska,AK,Alaska,First-Class Mail (3-5 Day),93.0,87.2,4.42,11134,3.4,NORMAL,Normal Network Operations
2024,Q3,6,2024-07-06,2024-07-12,WestPac,Alaska,AK,Alaska,USPS Marketing Mail,95.0,90.6,4.96,11862,2.8,NORMAL,Normal Network Operations
2024,Q3,6,2024-07-06,2024-07-12,WestPac,Alaska,AK,Alaska,Package Services / Ground Adv,92.0,88.9,3.65,4857,2.4,NORMAL,Normal Network Operations
2024,Q3,6,2024-07-06,2024-07-12,WestPac,Alaska,AK,Alaska,Periodicals,90.0,86.1,5.68,2103,2.9,NORMAL,Normal Network Operations
2024,Q3,6,2024-07-06,2024-07-12,WestPac,Hawaii/Pacific,HI,Hawaii,First-Class Mail (2-Day),95.0,91.9,2.48,14659,1.6,NORMAL,Normal Network Operations
2024,Q3,6,2024-07-06,2024-07-12,WestPac,Hawaii/Pacific,HI,Hawaii,First-Class Mail (3-5 Day),93.0,89.6,4.26,11782,2.6,NORMAL,Normal Network Operations
2024,Q3,6,2024-07-06,2024-07-12,WestPac,Hawaii/Pacific,HI,Hawaii,USPS Marketing Mail,95.0,92.3,4.88,11129,1.7,NORMAL,Normal Network Operations
2024,Q3,6,2024-07-06,2024-07-12,WestPac,Hawaii/Pacific,HI,Hawaii,Package Services / Ground Adv,92.0,90.2,3.68,4589,2.0,NORMAL,Normal Network Operations
2024,Q3,6,2024-07-06,2024-07-12,WestPac,Hawaii/Pacific,HI,Hawaii,Periodicals,90.0,87.5,5.45,2076,3.6,NORMAL,Normal Network Operations
2024,Q3,7,2024-07-13,2024-07-19,Atlantic,Northern New England,ME,Maine,First-Class Mail (2-Day),95.0,94.3,2.42,15026,1.7,NORMAL,Normal Network Operations
2024,Q3,7,2024-07-13,2024-07-19,Atlantic,Northern New England,ME,Maine,First-Class Mail (3-5 Day),93.0,92.7,4.17,12036,2.1,NORMAL,Normal Network Operations
2024,Q3,7,2024-07-13,2024-07-19,Atlantic,Northern New England,ME,Maine,USPS Marketing Mail,95.0,94.7,4.75,11130,1.4,NORMAL,Normal Network Operations
2024,Q3,7,2024-07-13,2024-07-19,Atlantic,Northern New England,ME,Maine,Package Services / Ground Adv,92.0,93.0,3.57,4402,1.9,NORMAL,Normal Network Operations
2024,Q3,7,2024-07-13,2024-07-19,Atlantic,Northern New England,ME,Maine,Periodicals,90.0,89.5,5.49,2178,2.1,NORMAL,Normal Network Operations
2024,Q3,7,2024-07-13,2024-07-19,Atlantic,Northern New England,NH,New Hampshire,First-Class Mail (2-Day),95.0,93.3,2.54,14652,1.5,NORMAL,Normal Network Operations
2024,Q3,7,2024-07-13,2024-07-19,Atlantic,Northern New England,NH,New Hampshire,First-Class Mail (3-5 Day),93.0,90.6,4.37,11512,2.2,NORMAL,Normal Network Operations
2024,Q3,7,2024-07-13,2024-07-19,Atlantic,Northern New England,NH,New Hampshire,USPS Marketing Mail,95.0,93.7,4.7,10554,1.7,NORMAL,Normal Network Operations
2024,Q3,7,2024-07-13,2024-07-19,Atlantic,Northern New England,NH,New Hampshire,Package Services / Ground Adv,92.0,91.8,3.71,4474,1.8,NORMAL,Normal Network Operations
2024,Q3,7,2024-07-13,2024-07-19,Atlantic,Northern New England,NH,New Hampshire,Periodicals,90.0,90.1,5.45,2083,2.4,NORMAL,Normal Network Operations
2024,Q3,7,2024-07-13,2024-07-19,Atlantic,Northern New England,VT,Vermont,First-Class Mail (2-Day),95.0,93.3,2.38,16514,1.3,NORMAL,Normal Network Operations
2024,Q3,7,2024-07-13,2024-07-19,Atlantic,Northern New England,VT,Vermont,First-Class Mail (3-5 Day),93.0,92.3,4.3,12084,1.6,NORMAL,Normal Network Operations
2024,Q3,7,2024-07-13,2024-07-19,Atlantic,Northern New England,VT,Vermont,USPS Marketing Mail,95.0,94.9,4.77,10501,0.9,NORMAL,Normal Network Operations
2024,Q3,7,2024-07-13,2024-07-19,Atlantic,Northern New England,VT,Vermont,Package Services / Ground Adv,92.0,93.3,3.66,4433,2.0,NORMAL,Normal Network Operations
2024,Q3,7,2024-07-13,2024-07-19,Atlantic,Northern New England,VT,Vermont,Periodicals,90.0,90.3,5.29,2409,2.6,NORMAL,Normal Network Operations
2024,Q3,7,2024-07-13,2024-07-19,Atlantic,Boston,MA,Massachusetts,First-Class Mail (2-Day),95.0,92.9,2.37,16340,1.4,NORMAL,Normal Network Operations
2024,Q3,7,2024-07-13,2024-07-19,Atlantic,Boston,MA,Massachusetts,First-Class Mail (3-5 Day),93.0,91.2,4.34,12059,2.2,NORMAL,Normal Network Operations
2024,Q3,7,2024-07-13,2024-07-19,Atlantic,Boston,MA,Massachusetts,USPS Marketing Mail,95.0,94.2,4.81,10778,1.2,NORMAL,Normal Network Operations
2024,Q3,7,2024-07-13,2024-07-19,Atlantic,Boston,MA,Massachusetts,Package Services / Ground Adv,92.0,90.5,3.64,4560,2.8,NORMAL,Normal Network Operations
2024,Q3,7,2024-07-13,2024-07-19,Atlantic,Boston,MA,Massachusetts,Periodicals,90.0,88.6,5.41,2222,3.2,NORMAL,Normal Network Operations
2024,Q3,7,2024-07-13,2024-07-19,Atlantic,Boston,RI,Rhode Island,First-Class Mail (2-Day),95.0,92.0,2.64,15597,1.6,NORMAL,Normal Network Operations
2024,Q3,7,2024-07-13,2024-07-19,Atlantic,Boston,RI,Rhode Island,First-Class Mail (3-5 Day),93.0,90.1,4.31,11024,2.6,NORMAL,Normal Network Operations
2024,Q3,7,2024-07-13,2024-07-19,Atlantic,Boston,RI,Rhode Island,USPS Marketing Mail,95.0,94.8,4.65,11578,1.2,NORMAL,Normal Network Operations
2024,Q3,7,2024-07-13,2024-07-19,Atlantic,Boston,RI,Rhode Island,Package Services / Ground Adv,92.0,93.0,3.68,4401,2.1,NORMAL,Normal Network Operations
2024,Q3,7,2024-07-13,2024-07-19,Atlantic,Boston,RI,Rhode Island,Periodicals,90.0,89.9,5.29,2418,3.0,NORMAL,Normal Network Operations
2024,Q3,7,2024-07-13,2024-07-19,Atlantic,Connecticut,CT,Connecticut,First-Class Mail (2-Day),95.0,93.4,2.49,16860,2.0,NORMAL,Normal Network Operations
2024,Q3,7,2024-07-13,2024-07-19,Atlantic,Connecticut,CT,Connecticut,First-Class Mail (3-5 Day),93.0,91.4,4.17,11344,2.5,NORMAL,Normal Network Operations
2024,Q3,7,2024-07-13,2024-07-19,Atlantic,Connecticut,CT,Connecticut,USPS Marketing Mail,95.0,93.4,4.71,11812,2.1,NORMAL,Normal Network Operations
2024,Q3,7,2024-07-13,2024-07-19,Atlantic,Connecticut,CT,Connecticut,Package Services / Ground Adv,92.0,91.2,3.75,4419,2.7,NORMAL,Normal Network Operations
2024,Q3,7,2024-07-13,2024-07-19,Atlantic,Connecticut,CT,Connecticut,Periodicals,90.0,90.6,5.51,2161,2.2,NORMAL,Normal Network Operations
2024,Q3,7,2024-07-13,2024-07-19,Atlantic,New York 2 (Metro),NY,New York,First-Class Mail (2-Day),95.0,90.2,2.53,60080,2.9,NORMAL,Normal Network Operations
2024,Q3,7,2024-07-13,2024-07-19,Atlantic,New York 2 (Metro),NY,New York,First-Class Mail (3-5 Day),93.0,89.9,4.36,47732,3.1,NORMAL,Normal Network Operations
2024,Q3,7,2024-07-13,2024-07-19,Atlantic,New York 2 (Metro),NY,New York,USPS Marketing Mail,95.0,92.6,4.66,47638,1.8,NORMAL,Normal Network Operations
2024,Q3,7,2024-07-13,2024-07-19,Atlantic,New York 2 (Metro),NY,New York,Package Services / Ground Adv,92.0,91.0,3.66,17749,2.8,NORMAL,Normal Network Operations
2024,Q3,7,2024-07-13,2024-07-19,Atlantic,New York 2 (Metro),NY,New York,Periodicals,90.0,88.5,5.59,9461,3.2,NORMAL,Normal Network Operations
2024,Q3,7,2024-07-13,2024-07-19,Atlantic,New Jersey,NJ,New Jersey,First-Class Mail (2-Day),95.0,92.6,2.49,15376,2.1,NORMAL,Normal Network Operations
2024,Q3,7,2024-07-13,2024-07-19,Atlantic,New Jersey,NJ,New Jersey,First-Class Mail (3-5 Day),93.0,89.8,4.39,11165,3.0,NORMAL,Normal Network Operations
2024,Q3,7,2024-07-13,2024-07-19,Atlantic,New Jersey,NJ,New Jersey,USPS Marketing Mail,95.0,91.5,4.88,11484,1.6,NORMAL,Normal Network Operations
2024,Q3,7,2024-07-13,2024-07-19,Atlantic,New Jersey,NJ,New Jersey,Package Services / Ground Adv,92.0,91.5,3.61,4592,1.7,NORMAL,Normal Network Operations
2024,Q3,7,2024-07-13,2024-07-19,Atlantic,New Jersey,NJ,New Jersey,Periodicals,90.0,87.9,5.43,2255,2.3,NORMAL,Normal Network Operations
2024,Q3,7,2024-07-13,2024-07-19,Atlantic,Philadelphia,PA,Pennsylvania,First-Class Mail (2-Day),95.0,93.7,2.5,16624,1.9,NORMAL,Normal Network Operations
2024,Q3,7,2024-07-13,2024-07-19,Atlantic,Philadelphia,PA,Pennsylvania,First-Class Mail (3-5 Day),93.0,90.8,4.23,11211,2.7,NORMAL,Normal Network Operations
2024,Q3,7,2024-07-13,2024-07-19,Atlantic,Philadelphia,PA,Pennsylvania,USPS Marketing Mail,95.0,94.0,4.77,11838,1.3,NORMAL,Normal Network Operations
2024,Q3,7,2024-07-13,2024-07-19,Atlantic,Philadelphia,PA,Pennsylvania,Package Services / Ground Adv,92.0,92.3,3.58,4270,1.6,NORMAL,Normal Network Operations
2024,Q3,7,2024-07-13,2024-07-19,Atlantic,Philadelphia,PA,Pennsylvania,Periodicals,90.0,90.0,5.52,2150,3.1,NORMAL,Normal Network Operations
2024,Q3,7,2024-07-13,2024-07-19,Atlantic,Maryland/Delaware,DE,Delaware,First-Class Mail (2-Day),95.0,94.3,2.44,16069,1.8,NORMAL,Normal Network Operations
2024,Q3,7,2024-07-13,2024-07-19,Atlantic,Maryland/Delaware,DE,Delaware,First-Class Mail (3-5 Day),93.0,92.0,4.13,11612,2.5,NORMAL,Normal Network Operations
2024,Q3,7,2024-07-13,2024-07-19,Atlantic,Maryland/Delaware,DE,Delaware,USPS Marketing Mail,95.0,93.2,4.74,10818,1.6,NORMAL,Normal Network Operations
2024,Q3,7,2024-07-13,2024-07-19,Atlantic,Maryland/Delaware,DE,Delaware,Package Services / Ground Adv,92.0,91.2,3.78,4224,2.0,NORMAL,Normal Network Operations
2024,Q3,7,2024-07-13,2024-07-19,Atlantic,Maryland/Delaware,DE,Delaware,Periodicals,90.0,90.2,5.52,2233,2.4,NORMAL,Normal Network Operations
2024,Q3,7,2024-07-13,2024-07-19,Atlantic,Maryland/Delaware,MD,Maryland,First-Class Mail (2-Day),95.0,92.1,2.57,14970,1.6,NORMAL,Normal Network Operations
2024,Q3,7,2024-07-13,2024-07-19,Atlantic,Maryland/Delaware,MD,Maryland,First-Class Mail (3-5 Day),93.0,90.4,4.24,11239,2.8,NORMAL,Normal Network Operations
2024,Q3,7,2024-07-13,2024-07-19,Atlantic,Maryland/Delaware,MD,Maryland,USPS Marketing Mail,95.0,91.6,4.86,12141,2.5,NORMAL,Normal Network Operations
2024,Q3,7,2024-07-13,2024-07-19,Atlantic,Maryland/Delaware,MD,Maryland,Package Services / Ground Adv,92.0,90.2,3.68,4434,2.7,NORMAL,Normal Network Operations
2024,Q3,7,2024-07-13,2024-07-19,Atlantic,Maryland/Delaware,MD,Maryland,Periodicals,90.0,87.4,5.48,2292,2.8,NORMAL,Normal Network Operations
2024,Q3,7,2024-07-13,2024-07-19,Atlantic,Capital,DC,District of Columbia,First-Class Mail (2-Day),95.0,91.5,2.59,15644,2.0,NORMAL,Normal Network Operations
2024,Q3,7,2024-07-13,2024-07-19,Atlantic,Capital,DC,District of Columbia,First-Class Mail (3-5 Day),93.0,87.1,4.41,11597,2.6,NORMAL,Normal Network Operations
2024,Q3,7,2024-07-13,2024-07-19,Atlantic,Capital,DC,District of Columbia,USPS Marketing Mail,95.0,91.7,4.89,11674,2.3,NORMAL,Normal Network Operations
2024,Q3,7,2024-07-13,2024-07-19,Atlantic,Capital,DC,District of Columbia,Package Services / Ground Adv,92.0,88.9,3.65,4379,2.1,NORMAL,Normal Network Operations
2024,Q3,7,2024-07-13,2024-07-19,Atlantic,Capital,DC,District of Columbia,Periodicals,90.0,86.4,5.73,2408,4.2,NORMAL,Normal Network Operations
2024,Q3,7,2024-07-13,2024-07-19,Atlantic,Virginia,VA,Virginia,First-Class Mail (2-Day),95.0,93.9,2.49,14604,1.6,NORMAL,Normal Network Operations
2024,Q3,7,2024-07-13,2024-07-19,Atlantic,Virginia,VA,Virginia,First-Class Mail (3-5 Day),93.0,90.0,4.26,11060,2.7,NORMAL,Normal Network Operations
2024,Q3,7,2024-07-13,2024-07-19,Atlantic,Virginia,VA,Virginia,USPS Marketing Mail,95.0,93.3,4.77,11394,2.1,NORMAL,Normal Network Operations
2024,Q3,7,2024-07-13,2024-07-19,Atlantic,Virginia,VA,Virginia,Package Services / Ground Adv,92.0,91.2,3.77,4772,2.2,NORMAL,Normal Network Operations
2024,Q3,7,2024-07-13,2024-07-19,Atlantic,Virginia,VA,Virginia,Periodicals,90.0,88.4,5.5,2121,2.6,NORMAL,Normal Network Operations
2024,Q3,7,2024-07-13,2024-07-19,Atlantic,Appalachian,WV,West Virginia,First-Class Mail (2-Day),95.0,91.0,2.46,16686,1.7,NORMAL,Normal Network Operations
2024,Q3,7,2024-07-13,2024-07-19,Atlantic,Appalachian,WV,West Virginia,First-Class Mail (3-5 Day),93.0,90.5,4.41,10859,2.7,NORMAL,Normal Network Operations
2024,Q3,7,2024-07-13,2024-07-19,Atlantic,Appalachian,WV,West Virginia,USPS Marketing Mail,95.0,93.6,4.81,10824,1.7,NORMAL,Normal Network Operations
2024,Q3,7,2024-07-13,2024-07-19,Atlantic,Appalachian,WV,West Virginia,Package Services / Ground Adv,92.0,90.5,3.64,4856,2.9,NORMAL,Normal Network Operations
2024,Q3,7,2024-07-13,2024-07-19,Atlantic,Appalachian,WV,West Virginia,Periodicals,90.0,89.0,5.56,2306,2.2,NORMAL,Normal Network Operations
2024,Q3,7,2024-07-13,2024-07-19,Atlantic,North Carolina,NC,North Carolina,First-Class Mail (2-Day),95.0,93.2,2.36,15069,1.3,NORMAL,Normal Network Operations
2024,Q3,7,2024-07-13,2024-07-19,Atlantic,North Carolina,NC,North Carolina,First-Class Mail (3-5 Day),93.0,89.2,4.41,11135,2.3,NORMAL,Normal Network Operations
2024,Q3,7,2024-07-13,2024-07-19,Atlantic,North Carolina,NC,North Carolina,USPS Marketing Mail,95.0,94.5,4.57,10991,1.7,NORMAL,Normal Network Operations
2024,Q3,7,2024-07-13,2024-07-19,Atlantic,North Carolina,NC,North Carolina,Package Services / Ground Adv,92.0,92.0,3.61,4749,2.0,NORMAL,Normal Network Operations
2024,Q3,7,2024-07-13,2024-07-19,Atlantic,North Carolina,NC,North Carolina,Periodicals,90.0,89.9,5.31,2382,2.0,NORMAL,Normal Network Operations
2024,Q3,7,2024-07-13,2024-07-19,Atlantic,South Carolina,SC,South Carolina,First-Class Mail (2-Day),95.0,91.3,2.55,15177,1.8,NORMAL,Normal Network Operations
2024,Q3,7,2024-07-13,2024-07-19,Atlantic,South Carolina,SC,South Carolina,First-Class Mail (3-5 Day),93.0,90.8,4.3,12098,2.4,NORMAL,Normal Network Operations
2024,Q3,7,2024-07-13,2024-07-19,Atlantic,South Carolina,SC,South Carolina,USPS Marketing Mail,95.0,93.0,4.74,10488,1.8,NORMAL,Normal Network Operations
2024,Q3,7,2024-07-13,2024-07-19,Atlantic,South Carolina,SC,South Carolina,Package Services / Ground Adv,92.0,91.7,3.73,4158,2.3,NORMAL,Normal Network Operations
2024,Q3,7,2024-07-13,2024-07-19,Atlantic,South Carolina,SC,South Carolina,Periodicals,90.0,89.0,5.44,2282,3.0,NORMAL,Normal Network Operations
2024,Q3,7,2024-07-13,2024-07-19,Atlantic,Caribbean,PR,Puerto Rico,First-Class Mail (2-Day),95.0,90.3,2.51,14694,2.9,NORMAL,Normal Network Operations
2024,Q3,7,2024-07-13,2024-07-19,Atlantic,Caribbean,PR,Puerto Rico,First-Class Mail (3-5 Day),93.0,87.8,4.41,12069,3.3,NORMAL,Normal Network Operations
2024,Q3,7,2024-07-13,2024-07-19,Atlantic,Caribbean,PR,Puerto Rico,USPS Marketing Mail,95.0,90.2,5.03,11531,1.8,NORMAL,Normal Network Operations
2024,Q3,7,2024-07-13,2024-07-19,Atlantic,Caribbean,PR,Puerto Rico,Package Services / Ground Adv,92.0,89.3,3.81,4668,2.4,NORMAL,Normal Network Operations
2024,Q3,7,2024-07-13,2024-07-19,Atlantic,Caribbean,PR,Puerto Rico,Periodicals,90.0,86.8,5.5,2087,3.4,NORMAL,Normal Network Operations
2024,Q3,7,2024-07-13,2024-07-19,Central,Ohio 1 (Columbus),OH,Ohio,First-Class Mail (2-Day),95.0,93.5,2.32,14668,1.5,NORMAL,Normal Network Operations
2024,Q3,7,2024-07-13,2024-07-19,Central,Ohio 1 (Columbus),OH,Ohio,First-Class Mail (3-5 Day),93.0,92.1,4.18,10670,1.8,NORMAL,Normal Network Operations
2024,Q3,7,2024-07-13,2024-07-19,Central,Ohio 1 (Columbus),OH,Ohio,USPS Marketing Mail,95.0,95.1,4.55,11884,1.5,NORMAL,Normal Network Operations
2024,Q3,7,2024-07-13,2024-07-19,Central,Ohio 1 (Columbus),OH,Ohio,Package Services / Ground Adv,92.0,91.4,3.59,4681,2.5,NORMAL,Normal Network Operations
2024,Q3,7,2024-07-13,2024-07-19,Central,Ohio 1 (Columbus),OH,Ohio,Periodicals,90.0,90.1,5.41,2225,1.9,NORMAL,Normal Network Operations
2024,Q3,7,2024-07-13,2024-07-19,Central,Michigan 1 (Detroit),MI,Michigan,First-Class Mail (2-Day),95.0,93.1,2.51,14820,1.5,NORMAL,Normal Network Operations
2024,Q3,7,2024-07-13,2024-07-19,Central,Michigan 1 (Detroit),MI,Michigan,First-Class Mail (3-5 Day),93.0,90.6,4.29,11231,2.8,NORMAL,Normal Network Operations
2024,Q3,7,2024-07-13,2024-07-19,Central,Michigan 1 (Detroit),MI,Michigan,USPS Marketing Mail,95.0,94.1,4.73,11111,1.5,NORMAL,Normal Network Operations
2024,Q3,7,2024-07-13,2024-07-19,Central,Michigan 1 (Detroit),MI,Michigan,Package Services / Ground Adv,92.0,92.0,3.65,4452,2.3,NORMAL,Normal Network Operations
2024,Q3,7,2024-07-13,2024-07-19,Central,Michigan 1 (Detroit),MI,Michigan,Periodicals,90.0,88.7,5.44,2236,2.1,NORMAL,Normal Network Operations
2024,Q3,7,2024-07-13,2024-07-19,Central,Indiana,IN,Indiana,First-Class Mail (2-Day),95.0,92.9,2.38,15738,2.0,NORMAL,Normal Network Operations
2024,Q3,7,2024-07-13,2024-07-19,Central,Indiana,IN,Indiana,First-Class Mail (3-5 Day),93.0,91.7,4.17,11137,2.1,NORMAL,Normal Network Operations
2024,Q3,7,2024-07-13,2024-07-19,Central,Indiana,IN,Indiana,USPS Marketing Mail,95.0,95.4,4.55,10580,1.1,NORMAL,Normal Network Operations
2024,Q3,7,2024-07-13,2024-07-19,Central,Indiana,IN,Indiana,Package Services / Ground Adv,92.0,93.6,3.54,4352,1.9,NORMAL,Normal Network Operations
2024,Q3,7,2024-07-13,2024-07-19,Central,Indiana,IN,Indiana,Periodicals,90.0,89.0,5.34,2108,2.1,NORMAL,Normal Network Operations
2024,Q3,7,2024-07-13,2024-07-19,Central,Illinois 1 (Chicago),IL,Illinois,First-Class Mail (2-Day),95.0,90.6,2.63,15922,1.8,NORMAL,Normal Network Operations
2024,Q3,7,2024-07-13,2024-07-19,Central,Illinois 1 (Chicago),IL,Illinois,First-Class Mail (3-5 Day),93.0,88.0,4.3,11256,2.6,NORMAL,Normal Network Operations
2024,Q3,7,2024-07-13,2024-07-19,Central,Illinois 1 (Chicago),IL,Illinois,USPS Marketing Mail,95.0,90.7,4.79,10677,2.5,NORMAL,Normal Network Operations
2024,Q3,7,2024-07-13,2024-07-19,Central,Illinois 1 (Chicago),IL,Illinois,Package Services / Ground Adv,92.0,89.5,3.84,4354,2.0,NORMAL,Normal Network Operations
2024,Q3,7,2024-07-13,2024-07-19,Central,Illinois 1 (Chicago),IL,Illinois,Periodicals,90.0,87.5,5.59,2294,3.0,NORMAL,Normal Network Operations
2024,Q3,7,2024-07-13,2024-07-19,Central,Wisconsin,WI,Wisconsin,First-Class Mail (2-Day),95.0,93.3,2.55,14961,2.1,NORMAL,Normal Network Operations
2024,Q3,7,2024-07-13,2024-07-19,Central,Wisconsin,WI,Wisconsin,First-Class Mail (3-5 Day),93.0,90.9,4.3,11918,2.6,NORMAL,Normal Network Operations
2024,Q3,7,2024-07-13,2024-07-19,Central,Wisconsin,WI,Wisconsin,USPS Marketing Mail,95.0,93.8,4.59,10560,1.6,NORMAL,Normal Network Operations
2024,Q3,7,2024-07-13,2024-07-19,Central,Wisconsin,WI,Wisconsin,Package Services / Ground Adv,92.0,92.1,3.66,4765,1.9,NORMAL,Normal Network Operations
2024,Q3,7,2024-07-13,2024-07-19,Central,Wisconsin,WI,Wisconsin,Periodicals,90.0,91.5,5.34,2292,2.2,NORMAL,Normal Network Operations
2024,Q3,7,2024-07-13,2024-07-19,Central,Northland,MN,Minnesota,First-Class Mail (2-Day),95.0,94.5,2.44,16229,1.3,NORMAL,Normal Network Operations
2024,Q3,7,2024-07-13,2024-07-19,Central,Northland,MN,Minnesota,First-Class Mail (3-5 Day),93.0,90.9,4.17,10374,2.0,NORMAL,Normal Network Operations
2024,Q3,7,2024-07-13,2024-07-19,Central,Northland,MN,Minnesota,USPS Marketing Mail,95.0,93.3,4.88,11896,1.2,NORMAL,Normal Network Operations
2024,Q3,7,2024-07-13,2024-07-19,Central,Northland,MN,Minnesota,Package Services / Ground Adv,92.0,91.7,3.67,4453,2.2,NORMAL,Normal Network Operations
2024,Q3,7,2024-07-13,2024-07-19,Central,Northland,MN,Minnesota,Periodicals,90.0,90.2,5.32,2178,2.8,NORMAL,Normal Network Operations
2024,Q3,7,2024-07-13,2024-07-19,Central,Dakotas,ND,North Dakota,First-Class Mail (2-Day),95.0,94.1,2.28,14908,1.5,NORMAL,Normal Network Operations
2024,Q3,7,2024-07-13,2024-07-19,Central,Dakotas,ND,North Dakota,First-Class Mail (3-5 Day),93.0,91.2,4.38,11198,2.4,NORMAL,Normal Network Operations
2024,Q3,7,2024-07-13,2024-07-19,Central,Dakotas,ND,North Dakota,USPS Marketing Mail,95.0,95.9,4.54,11374,1.1,NORMAL,Normal Network Operations
2024,Q3,7,2024-07-13,2024-07-19,Central,Dakotas,ND,North Dakota,Package Services / Ground Adv,92.0,94.0,3.38,4593,1.1,NORMAL,Normal Network Operations
2024,Q3,7,2024-07-13,2024-07-19,Central,Dakotas,ND,North Dakota,Periodicals,90.0,91.2,5.45,2335,2.8,NORMAL,Normal Network Operations
2024,Q3,7,2024-07-13,2024-07-19,Central,Dakotas,SD,South Dakota,First-Class Mail (2-Day),95.0,94.1,2.35,15718,1.5,NORMAL,Normal Network Operations
2024,Q3,7,2024-07-13,2024-07-19,Central,Dakotas,SD,South Dakota,First-Class Mail (3-5 Day),93.0,91.7,4.26,11571,2.2,NORMAL,Normal Network Operations
2024,Q3,7,2024-07-13,2024-07-19,Central,Dakotas,SD,South Dakota,USPS Marketing Mail,95.0,95.5,4.7,11300,1.1,NORMAL,Normal Network Operations
2024,Q3,7,2024-07-13,2024-07-19,Central,Dakotas,SD,South Dakota,Package Services / Ground Adv,92.0,92.7,3.46,4782,1.6,NORMAL,Normal Network Operations
2024,Q3,7,2024-07-13,2024-07-19,Central,Dakotas,SD,South Dakota,Periodicals,90.0,90.2,5.4,2408,2.4,NORMAL,Normal Network Operations
2024,Q3,7,2024-07-13,2024-07-19,Central,Iowa/Nebraska,IA,Iowa,First-Class Mail (2-Day),95.0,94.1,2.28,15215,1.6,NORMAL,Normal Network Operations
2024,Q3,7,2024-07-13,2024-07-19,Central,Iowa/Nebraska,IA,Iowa,First-Class Mail (3-5 Day),93.0,91.6,4.16,10745,1.9,NORMAL,Normal Network Operations
2024,Q3,7,2024-07-13,2024-07-19,Central,Iowa/Nebraska,IA,Iowa,USPS Marketing Mail,95.0,96.3,4.63,11866,0.8,NORMAL,Normal Network Operations
2024,Q3,7,2024-07-13,2024-07-19,Central,Iowa/Nebraska,IA,Iowa,Package Services / Ground Adv,92.0,93.9,3.46,4652,1.2,NORMAL,Normal Network Operations
2024,Q3,7,2024-07-13,2024-07-19,Central,Iowa/Nebraska,IA,Iowa,Periodicals,90.0,92.1,5.36,2334,2.3,NORMAL,Normal Network Operations
2024,Q3,7,2024-07-13,2024-07-19,Central,Iowa/Nebraska,NE,Nebraska,First-Class Mail (2-Day),95.0,94.9,2.46,16057,1.5,NORMAL,Normal Network Operations
2024,Q3,7,2024-07-13,2024-07-19,Central,Iowa/Nebraska,NE,Nebraska,First-Class Mail (3-5 Day),93.0,91.5,4.29,10582,2.4,NORMAL,Normal Network Operations
2024,Q3,7,2024-07-13,2024-07-19,Central,Iowa/Nebraska,NE,Nebraska,USPS Marketing Mail,95.0,94.3,4.59,11098,1.5,NORMAL,Normal Network Operations
2024,Q3,7,2024-07-13,2024-07-19,Central,Iowa/Nebraska,NE,Nebraska,Package Services / Ground Adv,92.0,94.4,3.42,4173,1.2,NORMAL,Normal Network Operations
2024,Q3,7,2024-07-13,2024-07-19,Central,Iowa/Nebraska,NE,Nebraska,Periodicals,90.0,89.5,5.4,2127,3.2,NORMAL,Normal Network Operations
2024,Q3,7,2024-07-13,2024-07-19,Central,Kansas/Missouri,KS,Kansas,First-Class Mail (2-Day),95.0,94.5,2.26,14650,1.7,NORMAL,Normal Network Operations
2024,Q3,7,2024-07-13,2024-07-19,Central,Kansas/Missouri,KS,Kansas,First-Class Mail (3-5 Day),93.0,91.3,4.15,10753,2.3,NORMAL,Normal Network Operations
2024,Q3,7,2024-07-13,2024-07-19,Central,Kansas/Missouri,KS,Kansas,USPS Marketing Mail,95.0,93.9,4.68,10434,1.4,NORMAL,Normal Network Operations
2024,Q3,7,2024-07-13,2024-07-19,Central,Kansas/Missouri,KS,Kansas,Package Services / Ground Adv,92.0,93.6,3.44,4636,1.4,NORMAL,Normal Network Operations
2024,Q3,7,2024-07-13,2024-07-19,Central,Kansas/Missouri,KS,Kansas,Periodicals,90.0,90.2,5.46,2403,2.7,NORMAL,Normal Network Operations
2024,Q3,7,2024-07-13,2024-07-19,Central,Kansas/Missouri,MO,Missouri,First-Class Mail (2-Day),95.0,92.7,2.57,14769,1.8,NORMAL,Normal Network Operations
2024,Q3,7,2024-07-13,2024-07-19,Central,Kansas/Missouri,MO,Missouri,First-Class Mail (3-5 Day),93.0,89.7,4.41,12055,2.7,NORMAL,Normal Network Operations
2024,Q3,7,2024-07-13,2024-07-19,Central,Kansas/Missouri,MO,Missouri,USPS Marketing Mail,95.0,94.4,4.59,11483,1.0,NORMAL,Normal Network Operations
2024,Q3,7,2024-07-13,2024-07-19,Central,Kansas/Missouri,MO,Missouri,Package Services / Ground Adv,92.0,92.7,3.49,4350,2.2,NORMAL,Normal Network Operations
2024,Q3,7,2024-07-13,2024-07-19,Central,Kansas/Missouri,MO,Missouri,Periodicals,90.0,89.2,5.52,2105,2.7,NORMAL,Normal Network Operations
2024,Q3,7,2024-07-13,2024-07-19,Southern,Georgia (Atlanta),GA,Georgia,First-Class Mail (2-Day),95.0,75.7,3.42,15596,4.8,WARNING,RPDC Sorter Recovery In Progress
2024,Q3,7,2024-07-13,2024-07-19,Southern,Georgia (Atlanta),GA,Georgia,First-Class Mail (3-5 Day),93.0,75.2,5.14,10964,5.3,WARNING,RPDC Sorter Recovery In Progress
2024,Q3,7,2024-07-13,2024-07-19,Southern,Georgia (Atlanta),GA,Georgia,USPS Marketing Mail,95.0,76.3,5.67,10999,5.5,WARNING,RPDC Sorter Recovery In Progress
2024,Q3,7,2024-07-13,2024-07-19,Southern,Georgia (Atlanta),GA,Georgia,Package Services / Ground Adv,92.0,74.2,4.48,4304,7.4,WARNING,RPDC Sorter Recovery In Progress
2024,Q3,7,2024-07-13,2024-07-19,Southern,Georgia (Atlanta),GA,Georgia,Periodicals,90.0,71.9,6.31,2376,6.7,WARNING,RPDC Sorter Recovery In Progress
2024,Q3,7,2024-07-13,2024-07-19,Southern,Florida 1 (Central),FL,Florida,First-Class Mail (2-Day),95.0,93.4,2.32,59427,1.5,NORMAL,Normal Network Operations
2024,Q3,7,2024-07-13,2024-07-19,Southern,Florida 1 (Central),FL,Florida,First-Class Mail (3-5 Day),93.0,89.3,4.47,42010,3.1,NORMAL,Normal Network Operations
2024,Q3,7,2024-07-13,2024-07-19,Southern,Florida 1 (Central),FL,Florida,USPS Marketing Mail,95.0,93.1,4.67,41842,2.2,NORMAL,Normal Network Operations
2024,Q3,7,2024-07-13,2024-07-19,Southern,Florida 1 (Central),FL,Florida,Package Services / Ground Adv,92.0,92.3,3.64,19159,2.1,NORMAL,Normal Network Operations
2024,Q3,7,2024-07-13,2024-07-19,Southern,Florida 1 (Central),FL,Florida,Periodicals,90.0,88.1,5.57,9230,3.2,NORMAL,Normal Network Operations
2024,Q3,7,2024-07-13,2024-07-19,Southern,Alabama/Mississippi,AL,Alabama,First-Class Mail (2-Day),95.0,91.5,2.51,16205,1.9,NORMAL,Normal Network Operations
2024,Q3,7,2024-07-13,2024-07-19,Southern,Alabama/Mississippi,AL,Alabama,First-Class Mail (3-5 Day),93.0,89.4,4.41,11986,2.4,NORMAL,Normal Network Operations
2024,Q3,7,2024-07-13,2024-07-19,Southern,Alabama/Mississippi,AL,Alabama,USPS Marketing Mail,95.0,91.1,4.87,12006,2.0,NORMAL,Normal Network Operations
2024,Q3,7,2024-07-13,2024-07-19,Southern,Alabama/Mississippi,AL,Alabama,Package Services / Ground Adv,92.0,91.0,3.59,4531,2.2,NORMAL,Normal Network Operations
2024,Q3,7,2024-07-13,2024-07-19,Southern,Alabama/Mississippi,AL,Alabama,Periodicals,90.0,88.7,5.53,2389,3.1,NORMAL,Normal Network Operations
2024,Q3,7,2024-07-13,2024-07-19,Southern,Alabama/Mississippi,MS,Mississippi,First-Class Mail (2-Day),95.0,91.6,2.45,15249,2.0,NORMAL,Normal Network Operations
2024,Q3,7,2024-07-13,2024-07-19,Southern,Alabama/Mississippi,MS,Mississippi,First-Class Mail (3-5 Day),93.0,87.6,4.5,11682,2.8,NORMAL,Normal Network Operations
2024,Q3,7,2024-07-13,2024-07-19,Southern,Alabama/Mississippi,MS,Mississippi,USPS Marketing Mail,95.0,90.8,4.82,10517,2.9,NORMAL,Normal Network Operations
2024,Q3,7,2024-07-13,2024-07-19,Southern,Alabama/Mississippi,MS,Mississippi,Package Services / Ground Adv,92.0,90.0,3.78,4255,2.5,NORMAL,Normal Network Operations
2024,Q3,7,2024-07-13,2024-07-19,Southern,Alabama/Mississippi,MS,Mississippi,Periodicals,90.0,86.3,5.62,2156,4.0,NORMAL,Normal Network Operations
2024,Q3,7,2024-07-13,2024-07-19,Southern,Tennessee,TN,Tennessee,First-Class Mail (2-Day),95.0,93.5,2.57,14768,1.8,NORMAL,Normal Network Operations
2024,Q3,7,2024-07-13,2024-07-19,Southern,Tennessee,TN,Tennessee,First-Class Mail (3-5 Day),93.0,89.5,4.37,10988,2.4,NORMAL,Normal Network Operations
2024,Q3,7,2024-07-13,2024-07-19,Southern,Tennessee,TN,Tennessee,USPS Marketing Mail,95.0,92.5,4.69,10886,2.0,NORMAL,Normal Network Operations
2024,Q3,7,2024-07-13,2024-07-19,Southern,Tennessee,TN,Tennessee,Package Services / Ground Adv,92.0,92.4,3.73,4719,1.9,NORMAL,Normal Network Operations
2024,Q3,7,2024-07-13,2024-07-19,Southern,Tennessee,TN,Tennessee,Periodicals,90.0,90.5,5.5,2295,2.5,NORMAL,Normal Network Operations
2024,Q3,7,2024-07-13,2024-07-19,Southern,Kentucky,KY,Kentucky,First-Class Mail (2-Day),95.0,92.5,2.45,15207,2.0,NORMAL,Normal Network Operations
2024,Q3,7,2024-07-13,2024-07-19,Southern,Kentucky,KY,Kentucky,First-Class Mail (3-5 Day),93.0,90.9,4.32,11635,2.5,NORMAL,Normal Network Operations
2024,Q3,7,2024-07-13,2024-07-19,Southern,Kentucky,KY,Kentucky,USPS Marketing Mail,95.0,93.2,4.71,11398,1.5,NORMAL,Normal Network Operations
2024,Q3,7,2024-07-13,2024-07-19,Southern,Kentucky,KY,Kentucky,Package Services / Ground Adv,92.0,92.2,3.5,4652,1.8,NORMAL,Normal Network Operations
2024,Q3,7,2024-07-13,2024-07-19,Southern,Kentucky,KY,Kentucky,Periodicals,90.0,89.7,5.31,2389,2.0,NORMAL,Normal Network Operations
2024,Q3,7,2024-07-13,2024-07-19,Southern,Arkansas,AR,Arkansas,First-Class Mail (2-Day),95.0,93.0,2.43,15816,1.7,NORMAL,Normal Network Operations
2024,Q3,7,2024-07-13,2024-07-19,Southern,Arkansas,AR,Arkansas,First-Class Mail (3-5 Day),93.0,91.1,4.23,10824,2.2,NORMAL,Normal Network Operations
2024,Q3,7,2024-07-13,2024-07-19,Southern,Arkansas,AR,Arkansas,USPS Marketing Mail,95.0,93.9,4.7,12025,1.5,NORMAL,Normal Network Operations
2024,Q3,7,2024-07-13,2024-07-19,Southern,Arkansas,AR,Arkansas,Package Services / Ground Adv,92.0,92.1,3.7,4243,2.5,NORMAL,Normal Network Operations
2024,Q3,7,2024-07-13,2024-07-19,Southern,Arkansas,AR,Arkansas,Periodicals,90.0,88.7,5.38,2323,3.2,NORMAL,Normal Network Operations
2024,Q3,7,2024-07-13,2024-07-19,Southern,Louisiana,LA,Louisiana,First-Class Mail (2-Day),95.0,91.7,2.45,15682,1.6,NORMAL,Normal Network Operations
2024,Q3,7,2024-07-13,2024-07-19,Southern,Louisiana,LA,Louisiana,First-Class Mail (3-5 Day),93.0,89.2,4.32,12063,3.4,NORMAL,Normal Network Operations
2024,Q3,7,2024-07-13,2024-07-19,Southern,Louisiana,LA,Louisiana,USPS Marketing Mail,95.0,91.8,4.72,11379,1.9,NORMAL,Normal Network Operations
2024,Q3,7,2024-07-13,2024-07-19,Southern,Louisiana,LA,Louisiana,Package Services / Ground Adv,92.0,88.7,3.75,4853,2.3,NORMAL,Normal Network Operations
2024,Q3,7,2024-07-13,2024-07-19,Southern,Louisiana,LA,Louisiana,Periodicals,90.0,86.8,5.65,2121,3.3,NORMAL,Normal Network Operations
2024,Q3,7,2024-07-13,2024-07-19,Southern,Oklahoma,OK,Oklahoma,First-Class Mail (2-Day),95.0,93.2,2.56,16730,1.3,NORMAL,Normal Network Operations
2024,Q3,7,2024-07-13,2024-07-19,Southern,Oklahoma,OK,Oklahoma,First-Class Mail (3-5 Day),93.0,90.1,4.31,10570,2.9,NORMAL,Normal Network Operations
2024,Q3,7,2024-07-13,2024-07-19,Southern,Oklahoma,OK,Oklahoma,USPS Marketing Mail,95.0,93.4,4.72,11381,2.0,NORMAL,Normal Network Operations
2024,Q3,7,2024-07-13,2024-07-19,Southern,Oklahoma,OK,Oklahoma,Package Services / Ground Adv,92.0,92.2,3.68,4482,2.4,NORMAL,Normal Network Operations
2024,Q3,7,2024-07-13,2024-07-19,Southern,Oklahoma,OK,Oklahoma,Periodicals,90.0,90.0,5.49,2251,2.6,NORMAL,Normal Network Operations
2024,Q3,7,2024-07-13,2024-07-19,Southern,Texas 2 (Houston/Gulf),TX,Texas,First-Class Mail (2-Day),95.0,76.0,3.41,61238,5.8,CRITICAL,North Houston Processing & Network Modernization Bottleneck
2024,Q3,7,2024-07-13,2024-07-19,Southern,Texas 2 (Houston/Gulf),TX,Texas,First-Class Mail (3-5 Day),93.0,72.6,5.11,44246,6.5,CRITICAL,North Houston Processing & Network Modernization Bottleneck
2024,Q3,7,2024-07-13,2024-07-19,Southern,Texas 2 (Houston/Gulf),TX,Texas,USPS Marketing Mail,95.0,77.6,5.6,46050,6.8,CRITICAL,North Houston Processing & Network Modernization Bottleneck
2024,Q3,7,2024-07-13,2024-07-19,Southern,Texas 2 (Houston/Gulf),TX,Texas,Package Services / Ground Adv,92.0,73.6,4.61,18597,6.9,CRITICAL,North Houston Processing & Network Modernization Bottleneck
2024,Q3,7,2024-07-13,2024-07-19,Southern,Texas 2 (Houston/Gulf),TX,Texas,Periodicals,90.0,71.2,6.27,9170,7.4,CRITICAL,North Houston Processing & Network Modernization Bottleneck
2024,Q3,7,2024-07-13,2024-07-19,WestPac,Washington,WA,Washington,First-Class Mail (2-Day),95.0,93.3,2.47,14967,1.3,NORMAL,Normal Network Operations
2024,Q3,7,2024-07-13,2024-07-19,WestPac,Washington,WA,Washington,First-Class Mail (3-5 Day),93.0,90.8,4.17,12035,2.8,NORMAL,Normal Network Operations
2024,Q3,7,2024-07-13,2024-07-19,WestPac,Washington,WA,Washington,USPS Marketing Mail,95.0,93.1,4.84,10791,1.3,NORMAL,Normal Network Operations
2024,Q3,7,2024-07-13,2024-07-19,WestPac,Washington,WA,Washington,Package Services / Ground Adv,92.0,92.6,3.57,4720,2.3,NORMAL,Normal Network Operations
2024,Q3,7,2024-07-13,2024-07-19,WestPac,Washington,WA,Washington,Periodicals,90.0,89.9,5.3,2380,2.4,NORMAL,Normal Network Operations
2024,Q3,7,2024-07-13,2024-07-19,WestPac,Oregon/Idaho,OR,Oregon,First-Class Mail (2-Day),95.0,92.5,2.47,16656,1.8,NORMAL,Normal Network Operations
2024,Q3,7,2024-07-13,2024-07-19,WestPac,Oregon/Idaho,OR,Oregon,First-Class Mail (3-5 Day),93.0,91.0,4.16,10528,1.9,NORMAL,Normal Network Operations
2024,Q3,7,2024-07-13,2024-07-19,WestPac,Oregon/Idaho,OR,Oregon,USPS Marketing Mail,95.0,93.6,4.67,10511,1.3,NORMAL,Normal Network Operations
2024,Q3,7,2024-07-13,2024-07-19,WestPac,Oregon/Idaho,OR,Oregon,Package Services / Ground Adv,92.0,92.1,3.52,4582,1.9,NORMAL,Normal Network Operations
2024,Q3,7,2024-07-13,2024-07-19,WestPac,Oregon/Idaho,OR,Oregon,Periodicals,90.0,89.7,5.31,2210,1.9,NORMAL,Normal Network Operations
2024,Q3,7,2024-07-13,2024-07-19,WestPac,California 1 (Bay Area),CA,California,First-Class Mail (2-Day),95.0,91.5,2.49,61745,2.0,NORMAL,Normal Network Operations
2024,Q3,7,2024-07-13,2024-07-19,WestPac,California 1 (Bay Area),CA,California,First-Class Mail (3-5 Day),93.0,90.5,4.21,46815,1.9,NORMAL,Normal Network Operations
2024,Q3,7,2024-07-13,2024-07-19,WestPac,California 1 (Bay Area),CA,California,USPS Marketing Mail,95.0,92.9,4.84,44172,1.8,NORMAL,Normal Network Operations
2024,Q3,7,2024-07-13,2024-07-19,WestPac,California 1 (Bay Area),CA,California,Package Services / Ground Adv,92.0,90.0,3.71,17732,1.9,NORMAL,Normal Network Operations
2024,Q3,7,2024-07-13,2024-07-19,WestPac,California 1 (Bay Area),CA,California,Periodicals,90.0,88.4,5.42,9556,2.7,NORMAL,Normal Network Operations
2024,Q3,7,2024-07-13,2024-07-19,WestPac,Nevada,NV,Nevada,First-Class Mail (2-Day),95.0,92.6,2.53,15110,2.3,NORMAL,Normal Network Operations
2024,Q3,7,2024-07-13,2024-07-19,WestPac,Nevada,NV,Nevada,First-Class Mail (3-5 Day),93.0,91.1,4.21,11082,2.6,NORMAL,Normal Network Operations
2024,Q3,7,2024-07-13,2024-07-19,WestPac,Nevada,NV,Nevada,USPS Marketing Mail,95.0,93.0,4.68,12092,1.9,NORMAL,Normal Network Operations
2024,Q3,7,2024-07-13,2024-07-19,WestPac,Nevada,NV,Nevada,Package Services / Ground Adv,92.0,91.9,3.7,4527,2.6,NORMAL,Normal Network Operations
2024,Q3,7,2024-07-13,2024-07-19,WestPac,Nevada,NV,Nevada,Periodicals,90.0,89.5,5.43,2070,3.2,NORMAL,Normal Network Operations
2024,Q3,7,2024-07-13,2024-07-19,WestPac,Oregon/Idaho,ID,Idaho,First-Class Mail (2-Day),95.0,93.9,2.36,16939,1.8,NORMAL,Normal Network Operations
2024,Q3,7,2024-07-13,2024-07-19,WestPac,Oregon/Idaho,ID,Idaho,First-Class Mail (3-5 Day),93.0,90.6,4.28,11426,2.9,NORMAL,Normal Network Operations
2024,Q3,7,2024-07-13,2024-07-19,WestPac,Oregon/Idaho,ID,Idaho,USPS Marketing Mail,95.0,95.6,4.59,11487,1.0,NORMAL,Normal Network Operations
2024,Q3,7,2024-07-13,2024-07-19,WestPac,Oregon/Idaho,ID,Idaho,Package Services / Ground Adv,92.0,93.2,3.43,4672,1.7,NORMAL,Normal Network Operations
2024,Q3,7,2024-07-13,2024-07-19,WestPac,Oregon/Idaho,ID,Idaho,Periodicals,90.0,90.7,5.35,2114,2.1,NORMAL,Normal Network Operations
2024,Q3,7,2024-07-13,2024-07-19,WestPac,Montana/Wyoming,MT,Montana,First-Class Mail (2-Day),95.0,93.6,2.38,15578,1.7,NORMAL,Normal Network Operations
2024,Q3,7,2024-07-13,2024-07-19,WestPac,Montana/Wyoming,MT,Montana,First-Class Mail (3-5 Day),93.0,92.6,4.14,11577,2.3,NORMAL,Normal Network Operations
2024,Q3,7,2024-07-13,2024-07-19,WestPac,Montana/Wyoming,MT,Montana,USPS Marketing Mail,95.0,94.9,4.74,11164,1.1,NORMAL,Normal Network Operations
2024,Q3,7,2024-07-13,2024-07-19,WestPac,Montana/Wyoming,MT,Montana,Package Services / Ground Adv,92.0,92.9,3.53,4471,2.3,NORMAL,Normal Network Operations
2024,Q3,7,2024-07-13,2024-07-19,WestPac,Montana/Wyoming,MT,Montana,Periodicals,90.0,91.2,5.41,2302,1.6,NORMAL,Normal Network Operations
2024,Q3,7,2024-07-13,2024-07-19,WestPac,Montana/Wyoming,WY,Wyoming,First-Class Mail (2-Day),95.0,93.1,2.57,16185,1.7,NORMAL,Normal Network Operations
2024,Q3,7,2024-07-13,2024-07-19,WestPac,Montana/Wyoming,WY,Wyoming,First-Class Mail (3-5 Day),93.0,91.9,4.27,11722,2.5,NORMAL,Normal Network Operations
2024,Q3,7,2024-07-13,2024-07-19,WestPac,Montana/Wyoming,WY,Wyoming,USPS Marketing Mail,95.0,95.2,4.7,10489,1.4,NORMAL,Normal Network Operations
2024,Q3,7,2024-07-13,2024-07-19,WestPac,Montana/Wyoming,WY,Wyoming,Package Services / Ground Adv,92.0,92.2,3.65,4624,2.3,NORMAL,Normal Network Operations
2024,Q3,7,2024-07-13,2024-07-19,WestPac,Montana/Wyoming,WY,Wyoming,Periodicals,90.0,90.4,5.48,2198,2.8,NORMAL,Normal Network Operations
2024,Q3,7,2024-07-13,2024-07-19,WestPac,Utah,UT,Utah,First-Class Mail (2-Day),95.0,93.3,2.5,14511,1.9,NORMAL,Normal Network Operations
2024,Q3,7,2024-07-13,2024-07-19,WestPac,Utah,UT,Utah,First-Class Mail (3-5 Day),93.0,91.8,4.21,10748,2.6,NORMAL,Normal Network Operations
2024,Q3,7,2024-07-13,2024-07-19,WestPac,Utah,UT,Utah,USPS Marketing Mail,95.0,93.7,4.84,10994,1.4,NORMAL,Normal Network Operations
2024,Q3,7,2024-07-13,2024-07-19,WestPac,Utah,UT,Utah,Package Services / Ground Adv,92.0,92.1,3.56,4656,2.1,NORMAL,Normal Network Operations
2024,Q3,7,2024-07-13,2024-07-19,WestPac,Utah,UT,Utah,Periodicals,90.0,90.0,5.38,2171,2.5,NORMAL,Normal Network Operations
2024,Q3,7,2024-07-13,2024-07-19,WestPac,Colorado,CO,Colorado,First-Class Mail (2-Day),95.0,94.4,2.32,14984,1.6,NORMAL,Normal Network Operations
2024,Q3,7,2024-07-13,2024-07-19,WestPac,Colorado,CO,Colorado,First-Class Mail (3-5 Day),93.0,92.0,4.31,11374,1.9,NORMAL,Normal Network Operations
2024,Q3,7,2024-07-13,2024-07-19,WestPac,Colorado,CO,Colorado,USPS Marketing Mail,95.0,94.2,4.75,11368,1.5,NORMAL,Normal Network Operations
2024,Q3,7,2024-07-13,2024-07-19,WestPac,Colorado,CO,Colorado,Package Services / Ground Adv,92.0,92.8,3.46,4232,1.9,NORMAL,Normal Network Operations
2024,Q3,7,2024-07-13,2024-07-19,WestPac,Colorado,CO,Colorado,Periodicals,90.0,88.9,5.49,2152,2.4,NORMAL,Normal Network Operations
2024,Q3,7,2024-07-13,2024-07-19,WestPac,Arizona/New Mexico,AZ,Arizona,First-Class Mail (2-Day),95.0,93.3,2.37,16198,1.9,NORMAL,Normal Network Operations
2024,Q3,7,2024-07-13,2024-07-19,WestPac,Arizona/New Mexico,AZ,Arizona,First-Class Mail (3-5 Day),93.0,92.2,4.21,10805,2.2,NORMAL,Normal Network Operations
2024,Q3,7,2024-07-13,2024-07-19,WestPac,Arizona/New Mexico,AZ,Arizona,USPS Marketing Mail,95.0,94.1,4.83,11503,1.4,NORMAL,Normal Network Operations
2024,Q3,7,2024-07-13,2024-07-19,WestPac,Arizona/New Mexico,AZ,Arizona,Package Services / Ground Adv,92.0,93.3,3.67,4451,1.3,NORMAL,Normal Network Operations
2024,Q3,7,2024-07-13,2024-07-19,WestPac,Arizona/New Mexico,AZ,Arizona,Periodicals,90.0,90.9,5.42,2237,2.0,NORMAL,Normal Network Operations
2024,Q3,7,2024-07-13,2024-07-19,WestPac,Arizona/New Mexico,NM,New Mexico,First-Class Mail (2-Day),95.0,92.5,2.59,15055,2.1,NORMAL,Normal Network Operations
2024,Q3,7,2024-07-13,2024-07-19,WestPac,Arizona/New Mexico,NM,New Mexico,First-Class Mail (3-5 Day),93.0,90.1,4.3,10359,2.4,NORMAL,Normal Network Operations
2024,Q3,7,2024-07-13,2024-07-19,WestPac,Arizona/New Mexico,NM,New Mexico,USPS Marketing Mail,95.0,92.9,4.79,10395,1.4,NORMAL,Normal Network Operations
2024,Q3,7,2024-07-13,2024-07-19,WestPac,Arizona/New Mexico,NM,New Mexico,Package Services / Ground Adv,92.0,92.4,3.57,4193,2.4,NORMAL,Normal Network Operations
2024,Q3,7,2024-07-13,2024-07-19,WestPac,Arizona/New Mexico,NM,New Mexico,Periodicals,90.0,88.7,5.43,2295,2.3,NORMAL,Normal Network Operations
2024,Q3,7,2024-07-13,2024-07-19,WestPac,Alaska,AK,Alaska,First-Class Mail (2-Day),95.0,88.8,2.76,15983,2.8,NORMAL,Normal Network Operations
2024,Q3,7,2024-07-13,2024-07-19,WestPac,Alaska,AK,Alaska,First-Class Mail (3-5 Day),93.0,87.9,4.35,10544,2.7,NORMAL,Normal Network Operations
2024,Q3,7,2024-07-13,2024-07-19,WestPac,Alaska,AK,Alaska,USPS Marketing Mail,95.0,90.0,4.79,10950,2.3,NORMAL,Normal Network Operations
2024,Q3,7,2024-07-13,2024-07-19,WestPac,Alaska,AK,Alaska,Package Services / Ground Adv,92.0,89.5,3.81,4586,3.3,NORMAL,Normal Network Operations
2024,Q3,7,2024-07-13,2024-07-19,WestPac,Alaska,AK,Alaska,Periodicals,90.0,86.9,5.59,2100,3.5,NORMAL,Normal Network Operations
2024,Q3,7,2024-07-13,2024-07-19,WestPac,Hawaii/Pacific,HI,Hawaii,First-Class Mail (2-Day),95.0,90.0,2.56,16626,1.8,NORMAL,Normal Network Operations
2024,Q3,7,2024-07-13,2024-07-19,WestPac,Hawaii/Pacific,HI,Hawaii,First-Class Mail (3-5 Day),93.0,87.9,4.53,11145,2.4,NORMAL,Normal Network Operations
2024,Q3,7,2024-07-13,2024-07-19,WestPac,Hawaii/Pacific,HI,Hawaii,USPS Marketing Mail,95.0,91.4,4.73,11569,2.3,NORMAL,Normal Network Operations
2024,Q3,7,2024-07-13,2024-07-19,WestPac,Hawaii/Pacific,HI,Hawaii,Package Services / Ground Adv,92.0,90.2,3.67,4208,2.2,NORMAL,Normal Network Operations
2024,Q3,7,2024-07-13,2024-07-19,WestPac,Hawaii/Pacific,HI,Hawaii,Periodicals,90.0,88.2,5.53,2307,2.5,NORMAL,Normal Network Operations
2024,Q3,8,2024-07-20,2024-07-26,Atlantic,Northern New England,ME,Maine,First-Class Mail (2-Day),95.0,92.6,2.56,16707,1.7,NORMAL,Normal Network Operations
2024,Q3,8,2024-07-20,2024-07-26,Atlantic,Northern New England,ME,Maine,First-Class Mail (3-5 Day),93.0,91.9,4.34,11759,1.8,NORMAL,Normal Network Operations
2024,Q3,8,2024-07-20,2024-07-26,Atlantic,Northern New England,ME,Maine,USPS Marketing Mail,95.0,94.5,4.61,10534,1.2,NORMAL,Normal Network Operations
2024,Q3,8,2024-07-20,2024-07-26,Atlantic,Northern New England,ME,Maine,Package Services / Ground Adv,92.0,93.0,3.64,4279,1.3,NORMAL,Normal Network Operations
2024,Q3,8,2024-07-20,2024-07-26,Atlantic,Northern New England,ME,Maine,Periodicals,90.0,90.5,5.32,2221,2.6,NORMAL,Normal Network Operations
2024,Q3,8,2024-07-20,2024-07-26,Atlantic,Northern New England,NH,New Hampshire,First-Class Mail (2-Day),95.0,94.0,2.35,16498,1.5,NORMAL,Normal Network Operations
2024,Q3,8,2024-07-20,2024-07-26,Atlantic,Northern New England,NH,New Hampshire,First-Class Mail (3-5 Day),93.0,90.2,4.29,12077,2.2,NORMAL,Normal Network Operations
2024,Q3,8,2024-07-20,2024-07-26,Atlantic,Northern New England,NH,New Hampshire,USPS Marketing Mail,95.0,94.9,4.77,11745,1.1,NORMAL,Normal Network Operations
2024,Q3,8,2024-07-20,2024-07-26,Atlantic,Northern New England,NH,New Hampshire,Package Services / Ground Adv,92.0,91.7,3.59,4405,1.9,NORMAL,Normal Network Operations
2024,Q3,8,2024-07-20,2024-07-26,Atlantic,Northern New England,NH,New Hampshire,Periodicals,90.0,88.8,5.52,2090,2.9,NORMAL,Normal Network Operations
2024,Q3,8,2024-07-20,2024-07-26,Atlantic,Northern New England,VT,Vermont,First-Class Mail (2-Day),95.0,94.1,2.51,15553,1.8,NORMAL,Normal Network Operations
2024,Q3,8,2024-07-20,2024-07-26,Atlantic,Northern New England,VT,Vermont,First-Class Mail (3-5 Day),93.0,91.2,4.37,11763,1.8,NORMAL,Normal Network Operations
2024,Q3,8,2024-07-20,2024-07-26,Atlantic,Northern New England,VT,Vermont,USPS Marketing Mail,95.0,94.5,4.74,12117,1.5,NORMAL,Normal Network Operations
2024,Q3,8,2024-07-20,2024-07-26,Atlantic,Northern New England,VT,Vermont,Package Services / Ground Adv,92.0,93.3,3.57,4833,1.5,NORMAL,Normal Network Operations
2024,Q3,8,2024-07-20,2024-07-26,Atlantic,Northern New England,VT,Vermont,Periodicals,90.0,90.9,5.28,2233,2.2,NORMAL,Normal Network Operations
2024,Q3,8,2024-07-20,2024-07-26,Atlantic,Boston,MA,Massachusetts,First-Class Mail (2-Day),95.0,93.1,2.38,14499,1.3,NORMAL,Normal Network Operations
2024,Q3,8,2024-07-20,2024-07-26,Atlantic,Boston,MA,Massachusetts,First-Class Mail (3-5 Day),93.0,89.5,4.37,10780,2.2,NORMAL,Normal Network Operations
2024,Q3,8,2024-07-20,2024-07-26,Atlantic,Boston,MA,Massachusetts,USPS Marketing Mail,95.0,93.8,4.68,11682,1.9,NORMAL,Normal Network Operations
2024,Q3,8,2024-07-20,2024-07-26,Atlantic,Boston,MA,Massachusetts,Package Services / Ground Adv,92.0,90.7,3.81,4401,1.9,NORMAL,Normal Network Operations
2024,Q3,8,2024-07-20,2024-07-26,Atlantic,Boston,MA,Massachusetts,Periodicals,90.0,87.9,5.42,2174,2.2,NORMAL,Normal Network Operations
2024,Q3,8,2024-07-20,2024-07-26,Atlantic,Boston,RI,Rhode Island,First-Class Mail (2-Day),95.0,92.2,2.58,14600,2.0,NORMAL,Normal Network Operations
2024,Q3,8,2024-07-20,2024-07-26,Atlantic,Boston,RI,Rhode Island,First-Class Mail (3-5 Day),93.0,89.6,4.25,11943,2.2,NORMAL,Normal Network Operations
2024,Q3,8,2024-07-20,2024-07-26,Atlantic,Boston,RI,Rhode Island,USPS Marketing Mail,95.0,94.2,4.72,10671,1.3,NORMAL,Normal Network Operations
2024,Q3,8,2024-07-20,2024-07-26,Atlantic,Boston,RI,Rhode Island,Package Services / Ground Adv,92.0,90.8,3.79,4155,2.7,NORMAL,Normal Network Operations
2024,Q3,8,2024-07-20,2024-07-26,Atlantic,Boston,RI,Rhode Island,Periodicals,90.0,89.8,5.5,2109,2.4,NORMAL,Normal Network Operations
2024,Q3,8,2024-07-20,2024-07-26,Atlantic,Connecticut,CT,Connecticut,First-Class Mail (2-Day),95.0,94.1,2.34,16529,1.3,NORMAL,Normal Network Operations
2024,Q3,8,2024-07-20,2024-07-26,Atlantic,Connecticut,CT,Connecticut,First-Class Mail (3-5 Day),93.0,91.3,4.38,12145,2.7,NORMAL,Normal Network Operations
2024,Q3,8,2024-07-20,2024-07-26,Atlantic,Connecticut,CT,Connecticut,USPS Marketing Mail,95.0,94.8,4.56,10609,1.6,NORMAL,Normal Network Operations
2024,Q3,8,2024-07-20,2024-07-26,Atlantic,Connecticut,CT,Connecticut,Package Services / Ground Adv,92.0,93.1,3.48,4412,2.0,NORMAL,Normal Network Operations
2024,Q3,8,2024-07-20,2024-07-26,Atlantic,Connecticut,CT,Connecticut,Periodicals,90.0,89.3,5.58,2158,2.8,NORMAL,Normal Network Operations
2024,Q3,8,2024-07-20,2024-07-26,Atlantic,New York 2 (Metro),NY,New York,First-Class Mail (2-Day),95.0,90.1,2.53,63357,2.6,NORMAL,Normal Network Operations
2024,Q3,8,2024-07-20,2024-07-26,Atlantic,New York 2 (Metro),NY,New York,First-Class Mail (3-5 Day),93.0,89.7,4.21,47128,2.3,NORMAL,Normal Network Operations
2024,Q3,8,2024-07-20,2024-07-26,Atlantic,New York 2 (Metro),NY,New York,USPS Marketing Mail,95.0,92.9,4.9,47778,2.1,NORMAL,Normal Network Operations
2024,Q3,8,2024-07-20,2024-07-26,Atlantic,New York 2 (Metro),NY,New York,Package Services / Ground Adv,92.0,89.5,3.73,18470,2.0,NORMAL,Normal Network Operations
2024,Q3,8,2024-07-20,2024-07-26,Atlantic,New York 2 (Metro),NY,New York,Periodicals,90.0,86.7,5.65,9208,3.3,NORMAL,Normal Network Operations
2024,Q3,8,2024-07-20,2024-07-26,Atlantic,New Jersey,NJ,New Jersey,First-Class Mail (2-Day),95.0,91.8,2.52,15300,2.0,NORMAL,Normal Network Operations
2024,Q3,8,2024-07-20,2024-07-26,Atlantic,New Jersey,NJ,New Jersey,First-Class Mail (3-5 Day),93.0,89.3,4.41,11240,3.0,NORMAL,Normal Network Operations
2024,Q3,8,2024-07-20,2024-07-26,Atlantic,New Jersey,NJ,New Jersey,USPS Marketing Mail,95.0,92.0,4.93,11401,1.9,NORMAL,Normal Network Operations
2024,Q3,8,2024-07-20,2024-07-26,Atlantic,New Jersey,NJ,New Jersey,Package Services / Ground Adv,92.0,89.7,3.65,4761,2.2,NORMAL,Normal Network Operations
2024,Q3,8,2024-07-20,2024-07-26,Atlantic,New Jersey,NJ,New Jersey,Periodicals,90.0,88.1,5.61,2275,2.7,NORMAL,Normal Network Operations
2024,Q3,8,2024-07-20,2024-07-26,Atlantic,Philadelphia,PA,Pennsylvania,First-Class Mail (2-Day),95.0,93.6,2.45,14828,1.5,NORMAL,Normal Network Operations
2024,Q3,8,2024-07-20,2024-07-26,Atlantic,Philadelphia,PA,Pennsylvania,First-Class Mail (3-5 Day),93.0,89.4,4.3,11401,2.6,NORMAL,Normal Network Operations
2024,Q3,8,2024-07-20,2024-07-26,Atlantic,Philadelphia,PA,Pennsylvania,USPS Marketing Mail,95.0,93.3,4.73,11191,1.8,NORMAL,Normal Network Operations
2024,Q3,8,2024-07-20,2024-07-26,Atlantic,Philadelphia,PA,Pennsylvania,Package Services / Ground Adv,92.0,91.4,3.6,4415,2.5,NORMAL,Normal Network Operations
2024,Q3,8,2024-07-20,2024-07-26,Atlantic,Philadelphia,PA,Pennsylvania,Periodicals,90.0,88.3,5.54,2199,2.5,NORMAL,Normal Network Operations
2024,Q3,8,2024-07-20,2024-07-26,Atlantic,Maryland/Delaware,DE,Delaware,First-Class Mail (2-Day),95.0,92.2,2.51,16112,2.3,NORMAL,Normal Network Operations
2024,Q3,8,2024-07-20,2024-07-26,Atlantic,Maryland/Delaware,DE,Delaware,First-Class Mail (3-5 Day),93.0,91.7,4.12,10478,2.6,NORMAL,Normal Network Operations
2024,Q3,8,2024-07-20,2024-07-26,Atlantic,Maryland/Delaware,DE,Delaware,USPS Marketing Mail,95.0,92.9,4.69,10942,1.5,NORMAL,Normal Network Operations
2024,Q3,8,2024-07-20,2024-07-26,Atlantic,Maryland/Delaware,DE,Delaware,Package Services / Ground Adv,92.0,91.7,3.68,4337,2.4,NORMAL,Normal Network Operations
2024,Q3,8,2024-07-20,2024-07-26,Atlantic,Maryland/Delaware,DE,Delaware,Periodicals,90.0,90.2,5.54,2340,3.1,NORMAL,Normal Network Operations
2024,Q3,8,2024-07-20,2024-07-26,Atlantic,Maryland/Delaware,MD,Maryland,First-Class Mail (2-Day),95.0,92.3,2.37,15244,2.4,NORMAL,Normal Network Operations
2024,Q3,8,2024-07-20,2024-07-26,Atlantic,Maryland/Delaware,MD,Maryland,First-Class Mail (3-5 Day),93.0,90.3,4.27,11080,2.8,NORMAL,Normal Network Operations
2024,Q3,8,2024-07-20,2024-07-26,Atlantic,Maryland/Delaware,MD,Maryland,USPS Marketing Mail,95.0,92.7,4.77,11272,2.0,NORMAL,Normal Network Operations
2024,Q3,8,2024-07-20,2024-07-26,Atlantic,Maryland/Delaware,MD,Maryland,Package Services / Ground Adv,92.0,91.3,3.62,4303,1.7,NORMAL,Normal Network Operations
2024,Q3,8,2024-07-20,2024-07-26,Atlantic,Maryland/Delaware,MD,Maryland,Periodicals,90.0,88.8,5.48,2352,2.8,NORMAL,Normal Network Operations
2024,Q3,8,2024-07-20,2024-07-26,Atlantic,Capital,DC,District of Columbia,First-Class Mail (2-Day),95.0,91.1,2.55,16485,2.5,NORMAL,Normal Network Operations
2024,Q3,8,2024-07-20,2024-07-26,Atlantic,Capital,DC,District of Columbia,First-Class Mail (3-5 Day),93.0,87.9,4.49,11606,2.5,NORMAL,Normal Network Operations
2024,Q3,8,2024-07-20,2024-07-26,Atlantic,Capital,DC,District of Columbia,USPS Marketing Mail,95.0,90.6,4.9,11024,2.3,NORMAL,Normal Network Operations
2024,Q3,8,2024-07-20,2024-07-26,Atlantic,Capital,DC,District of Columbia,Package Services / Ground Adv,92.0,89.7,3.85,4146,2.0,NORMAL,Normal Network Operations
2024,Q3,8,2024-07-20,2024-07-26,Atlantic,Capital,DC,District of Columbia,Periodicals,90.0,87.7,5.49,2220,3.7,NORMAL,Normal Network Operations
2024,Q3,8,2024-07-20,2024-07-26,Atlantic,Virginia,VA,Virginia,First-Class Mail (2-Day),95.0,93.2,2.53,15844,1.6,NORMAL,Normal Network Operations
2024,Q3,8,2024-07-20,2024-07-26,Atlantic,Virginia,VA,Virginia,First-Class Mail (3-5 Day),93.0,90.2,4.38,12009,1.8,NORMAL,Normal Network Operations
2024,Q3,8,2024-07-20,2024-07-26,Atlantic,Virginia,VA,Virginia,USPS Marketing Mail,95.0,92.8,4.73,11483,2.3,NORMAL,Normal Network Operations
2024,Q3,8,2024-07-20,2024-07-26,Atlantic,Virginia,VA,Virginia,Package Services / Ground Adv,92.0,92.0,3.71,4845,2.1,NORMAL,Normal Network Operations
2024,Q3,8,2024-07-20,2024-07-26,Atlantic,Virginia,VA,Virginia,Periodicals,90.0,88.6,5.49,2137,2.7,NORMAL,Normal Network Operations
2024,Q3,8,2024-07-20,2024-07-26,Atlantic,Appalachian,WV,West Virginia,First-Class Mail (2-Day),95.0,91.0,2.55,16744,2.3,NORMAL,Normal Network Operations
2024,Q3,8,2024-07-20,2024-07-26,Atlantic,Appalachian,WV,West Virginia,First-Class Mail (3-5 Day),93.0,88.7,4.39,10407,2.2,NORMAL,Normal Network Operations
2024,Q3,8,2024-07-20,2024-07-26,Atlantic,Appalachian,WV,West Virginia,USPS Marketing Mail,95.0,93.2,4.67,10475,1.7,NORMAL,Normal Network Operations
2024,Q3,8,2024-07-20,2024-07-26,Atlantic,Appalachian,WV,West Virginia,Package Services / Ground Adv,92.0,92.0,3.54,4614,1.8,NORMAL,Normal Network Operations
2024,Q3,8,2024-07-20,2024-07-26,Atlantic,Appalachian,WV,West Virginia,Periodicals,90.0,87.4,5.55,2131,2.4,NORMAL,Normal Network Operations
2024,Q3,8,2024-07-20,2024-07-26,Atlantic,North Carolina,NC,North Carolina,First-Class Mail (2-Day),95.0,93.4,2.35,14769,1.6,NORMAL,Normal Network Operations
2024,Q3,8,2024-07-20,2024-07-26,Atlantic,North Carolina,NC,North Carolina,First-Class Mail (3-5 Day),93.0,90.4,4.18,12069,2.4,NORMAL,Normal Network Operations
2024,Q3,8,2024-07-20,2024-07-26,Atlantic,North Carolina,NC,North Carolina,USPS Marketing Mail,95.0,94.2,4.63,11127,1.1,NORMAL,Normal Network Operations
2024,Q3,8,2024-07-20,2024-07-26,Atlantic,North Carolina,NC,North Carolina,Package Services / Ground Adv,92.0,92.0,3.64,4816,2.0,NORMAL,Normal Network Operations
2024,Q3,8,2024-07-20,2024-07-26,Atlantic,North Carolina,NC,North Carolina,Periodicals,90.0,89.2,5.5,2169,2.7,NORMAL,Normal Network Operations
2024,Q3,8,2024-07-20,2024-07-26,Atlantic,South Carolina,SC,South Carolina,First-Class Mail (2-Day),95.0,90.9,2.45,15496,1.8,NORMAL,Normal Network Operations
2024,Q3,8,2024-07-20,2024-07-26,Atlantic,South Carolina,SC,South Carolina,First-Class Mail (3-5 Day),93.0,90.6,4.4,11932,2.4,NORMAL,Normal Network Operations
2024,Q3,8,2024-07-20,2024-07-26,Atlantic,South Carolina,SC,South Carolina,USPS Marketing Mail,95.0,92.8,4.84,10868,1.9,NORMAL,Normal Network Operations
2024,Q3,8,2024-07-20,2024-07-26,Atlantic,South Carolina,SC,South Carolina,Package Services / Ground Adv,92.0,92.0,3.67,4652,2.0,NORMAL,Normal Network Operations
2024,Q3,8,2024-07-20,2024-07-26,Atlantic,South Carolina,SC,South Carolina,Periodicals,90.0,88.1,5.59,2133,3.2,NORMAL,Normal Network Operations
2024,Q3,8,2024-07-20,2024-07-26,Atlantic,Caribbean,PR,Puerto Rico,First-Class Mail (2-Day),95.0,88.6,2.75,15643,3.5,NORMAL,Normal Network Operations
2024,Q3,8,2024-07-20,2024-07-26,Atlantic,Caribbean,PR,Puerto Rico,First-Class Mail (3-5 Day),93.0,88.0,4.43,11058,2.5,NORMAL,Normal Network Operations
2024,Q3,8,2024-07-20,2024-07-26,Atlantic,Caribbean,PR,Puerto Rico,USPS Marketing Mail,95.0,91.1,4.96,10842,1.9,NORMAL,Normal Network Operations
2024,Q3,8,2024-07-20,2024-07-26,Atlantic,Caribbean,PR,Puerto Rico,Package Services / Ground Adv,92.0,88.5,3.9,4642,2.5,NORMAL,Normal Network Operations
2024,Q3,8,2024-07-20,2024-07-26,Atlantic,Caribbean,PR,Puerto Rico,Periodicals,90.0,86.2,5.6,2427,2.9,NORMAL,Normal Network Operations
2024,Q3,8,2024-07-20,2024-07-26,Central,Ohio 1 (Columbus),OH,Ohio,First-Class Mail (2-Day),95.0,93.3,2.34,14755,2.1,NORMAL,Normal Network Operations
2024,Q3,8,2024-07-20,2024-07-26,Central,Ohio 1 (Columbus),OH,Ohio,First-Class Mail (3-5 Day),93.0,91.6,4.22,10804,1.9,NORMAL,Normal Network Operations
2024,Q3,8,2024-07-20,2024-07-26,Central,Ohio 1 (Columbus),OH,Ohio,USPS Marketing Mail,95.0,94.0,4.6,11600,1.5,NORMAL,Normal Network Operations
2024,Q3,8,2024-07-20,2024-07-26,Central,Ohio 1 (Columbus),OH,Ohio,Package Services / Ground Adv,92.0,92.8,3.64,4756,1.7,NORMAL,Normal Network Operations
2024,Q3,8,2024-07-20,2024-07-26,Central,Ohio 1 (Columbus),OH,Ohio,Periodicals,90.0,89.5,5.34,2400,1.9,NORMAL,Normal Network Operations
2024,Q3,8,2024-07-20,2024-07-26,Central,Michigan 1 (Detroit),MI,Michigan,First-Class Mail (2-Day),95.0,92.0,2.51,14661,2.3,NORMAL,Normal Network Operations
2024,Q3,8,2024-07-20,2024-07-26,Central,Michigan 1 (Detroit),MI,Michigan,First-Class Mail (3-5 Day),93.0,90.3,4.42,10602,2.1,NORMAL,Normal Network Operations
2024,Q3,8,2024-07-20,2024-07-26,Central,Michigan 1 (Detroit),MI,Michigan,USPS Marketing Mail,95.0,94.0,4.63,10382,1.8,NORMAL,Normal Network Operations
2024,Q3,8,2024-07-20,2024-07-26,Central,Michigan 1 (Detroit),MI,Michigan,Package Services / Ground Adv,92.0,90.4,3.7,4421,2.1,NORMAL,Normal Network Operations
2024,Q3,8,2024-07-20,2024-07-26,Central,Michigan 1 (Detroit),MI,Michigan,Periodicals,90.0,87.9,5.57,2125,3.5,NORMAL,Normal Network Operations
2024,Q3,8,2024-07-20,2024-07-26,Central,Indiana,IN,Indiana,First-Class Mail (2-Day),95.0,93.3,2.32,16191,1.4,NORMAL,Normal Network Operations
2024,Q3,8,2024-07-20,2024-07-26,Central,Indiana,IN,Indiana,First-Class Mail (3-5 Day),93.0,90.7,4.37,11810,2.6,NORMAL,Normal Network Operations
2024,Q3,8,2024-07-20,2024-07-26,Central,Indiana,IN,Indiana,USPS Marketing Mail,95.0,94.7,4.79,11053,1.5,NORMAL,Normal Network Operations
2024,Q3,8,2024-07-20,2024-07-26,Central,Indiana,IN,Indiana,Package Services / Ground Adv,92.0,92.1,3.48,4696,1.5,NORMAL,Normal Network Operations
2024,Q3,8,2024-07-20,2024-07-26,Central,Indiana,IN,Indiana,Periodicals,90.0,90.7,5.35,2155,2.9,NORMAL,Normal Network Operations
2024,Q3,8,2024-07-20,2024-07-26,Central,Illinois 1 (Chicago),IL,Illinois,First-Class Mail (2-Day),95.0,89.8,2.76,15339,2.4,NORMAL,Normal Network Operations
2024,Q3,8,2024-07-20,2024-07-26,Central,Illinois 1 (Chicago),IL,Illinois,First-Class Mail (3-5 Day),93.0,87.9,4.34,11938,3.3,NORMAL,Normal Network Operations
2024,Q3,8,2024-07-20,2024-07-26,Central,Illinois 1 (Chicago),IL,Illinois,USPS Marketing Mail,95.0,92.3,4.71,10650,2.3,NORMAL,Normal Network Operations
2024,Q3,8,2024-07-20,2024-07-26,Central,Illinois 1 (Chicago),IL,Illinois,Package Services / Ground Adv,92.0,89.6,3.69,4544,2.0,NORMAL,Normal Network Operations
2024,Q3,8,2024-07-20,2024-07-26,Central,Illinois 1 (Chicago),IL,Illinois,Periodicals,90.0,86.6,5.6,2408,2.8,NORMAL,Normal Network Operations
2024,Q3,8,2024-07-20,2024-07-26,Central,Wisconsin,WI,Wisconsin,First-Class Mail (2-Day),95.0,93.0,2.43,14927,1.5,NORMAL,Normal Network Operations
2024,Q3,8,2024-07-20,2024-07-26,Central,Wisconsin,WI,Wisconsin,First-Class Mail (3-5 Day),93.0,91.5,4.21,11175,1.9,NORMAL,Normal Network Operations
2024,Q3,8,2024-07-20,2024-07-26,Central,Wisconsin,WI,Wisconsin,USPS Marketing Mail,95.0,93.7,4.77,11014,1.9,NORMAL,Normal Network Operations
2024,Q3,8,2024-07-20,2024-07-26,Central,Wisconsin,WI,Wisconsin,Package Services / Ground Adv,92.0,91.9,3.57,4571,1.7,NORMAL,Normal Network Operations
2024,Q3,8,2024-07-20,2024-07-26,Central,Wisconsin,WI,Wisconsin,Periodicals,90.0,91.6,5.34,2426,1.6,NORMAL,Normal Network Operations
2024,Q3,8,2024-07-20,2024-07-26,Central,Northland,MN,Minnesota,First-Class Mail (2-Day),95.0,84.6,2.91,16963,4.8,WARNING,Severe Ground Transportation Weather Delays
2024,Q3,8,2024-07-20,2024-07-26,Central,Northland,MN,Minnesota,First-Class Mail (3-5 Day),93.0,84.2,4.66,10947,5.0,WARNING,Severe Ground Transportation Weather Delays
2024,Q3,8,2024-07-20,2024-07-26,Central,Northland,MN,Minnesota,USPS Marketing Mail,95.0,87.9,5.11,11217,2.7,WARNING,Severe Ground Transportation Weather Delays
2024,Q3,8,2024-07-20,2024-07-26,Central,Northland,MN,Minnesota,Package Services / Ground Adv,92.0,86.5,3.86,4601,3.5,WARNING,Severe Ground Transportation Weather Delays
2024,Q3,8,2024-07-20,2024-07-26,Central,Northland,MN,Minnesota,Periodicals,90.0,84.3,5.63,2291,5.0,WARNING,Severe Ground Transportation Weather Delays
2024,Q3,8,2024-07-20,2024-07-26,Central,Dakotas,ND,North Dakota,First-Class Mail (2-Day),95.0,85.6,2.9,16051,4.1,WARNING,Severe Ground Transportation Weather Delays
2024,Q3,8,2024-07-20,2024-07-26,Central,Dakotas,ND,North Dakota,First-Class Mail (3-5 Day),93.0,86.5,4.4,10717,3.0,WARNING,Severe Ground Transportation Weather Delays
2024,Q3,8,2024-07-20,2024-07-26,Central,Dakotas,ND,North Dakota,USPS Marketing Mail,95.0,90.9,4.99,11680,2.4,WARNING,Severe Ground Transportation Weather Delays
2024,Q3,8,2024-07-20,2024-07-26,Central,Dakotas,ND,North Dakota,Package Services / Ground Adv,92.0,86.5,3.96,4515,3.6,WARNING,Severe Ground Transportation Weather Delays
2024,Q3,8,2024-07-20,2024-07-26,Central,Dakotas,ND,North Dakota,Periodicals,90.0,82.6,5.66,2374,3.8,WARNING,Severe Ground Transportation Weather Delays
2024,Q3,8,2024-07-20,2024-07-26,Central,Dakotas,SD,South Dakota,First-Class Mail (2-Day),95.0,87.1,2.87,16165,3.3,WARNING,Severe Ground Transportation Weather Delays
2024,Q3,8,2024-07-20,2024-07-26,Central,Dakotas,SD,South Dakota,First-Class Mail (3-5 Day),93.0,86.3,4.53,11036,3.8,WARNING,Severe Ground Transportation Weather Delays
2024,Q3,8,2024-07-20,2024-07-26,Central,Dakotas,SD,South Dakota,USPS Marketing Mail,95.0,88.4,5.09,10475,2.1,WARNING,Severe Ground Transportation Weather Delays
2024,Q3,8,2024-07-20,2024-07-26,Central,Dakotas,SD,South Dakota,Package Services / Ground Adv,92.0,87.5,3.76,4206,2.5,WARNING,Severe Ground Transportation Weather Delays
2024,Q3,8,2024-07-20,2024-07-26,Central,Dakotas,SD,South Dakota,Periodicals,90.0,84.1,5.64,2098,4.9,WARNING,Severe Ground Transportation Weather Delays
2024,Q3,8,2024-07-20,2024-07-26,Central,Iowa/Nebraska,IA,Iowa,First-Class Mail (2-Day),95.0,95.0,2.42,15107,1.1,NORMAL,Normal Network Operations
2024,Q3,8,2024-07-20,2024-07-26,Central,Iowa/Nebraska,IA,Iowa,First-Class Mail (3-5 Day),93.0,91.5,4.18,11156,1.8,NORMAL,Normal Network Operations
2024,Q3,8,2024-07-20,2024-07-26,Central,Iowa/Nebraska,IA,Iowa,USPS Marketing Mail,95.0,95.6,4.71,10494,1.0,NORMAL,Normal Network Operations
2024,Q3,8,2024-07-20,2024-07-26,Central,Iowa/Nebraska,IA,Iowa,Package Services / Ground Adv,92.0,94.6,3.4,4457,1.3,NORMAL,Normal Network Operations
2024,Q3,8,2024-07-20,2024-07-26,Central,Iowa/Nebraska,IA,Iowa,Periodicals,90.0,91.0,5.44,2365,2.5,NORMAL,Normal Network Operations
2024,Q3,8,2024-07-20,2024-07-26,Central,Iowa/Nebraska,NE,Nebraska,First-Class Mail (2-Day),95.0,94.9,2.34,16642,0.9,NORMAL,Normal Network Operations
2024,Q3,8,2024-07-20,2024-07-26,Central,Iowa/Nebraska,NE,Nebraska,First-Class Mail (3-5 Day),93.0,92.6,4.21,10625,2.3,NORMAL,Normal Network Operations
2024,Q3,8,2024-07-20,2024-07-26,Central,Iowa/Nebraska,NE,Nebraska,USPS Marketing Mail,95.0,95.5,4.63,11166,1.0,NORMAL,Normal Network Operations
2024,Q3,8,2024-07-20,2024-07-26,Central,Iowa/Nebraska,NE,Nebraska,Package Services / Ground Adv,92.0,92.9,3.45,4238,1.9,NORMAL,Normal Network Operations
2024,Q3,8,2024-07-20,2024-07-26,Central,Iowa/Nebraska,NE,Nebraska,Periodicals,90.0,90.6,5.3,2074,1.9,NORMAL,Normal Network Operations
2024,Q3,8,2024-07-20,2024-07-26,Central,Kansas/Missouri,KS,Kansas,First-Class Mail (2-Day),95.0,93.7,2.43,16822,1.8,NORMAL,Normal Network Operations
2024,Q3,8,2024-07-20,2024-07-26,Central,Kansas/Missouri,KS,Kansas,First-Class Mail (3-5 Day),93.0,92.6,4.15,11231,2.3,NORMAL,Normal Network Operations
2024,Q3,8,2024-07-20,2024-07-26,Central,Kansas/Missouri,KS,Kansas,USPS Marketing Mail,95.0,94.8,4.65,10419,1.4,NORMAL,Normal Network Operations
2024,Q3,8,2024-07-20,2024-07-26,Central,Kansas/Missouri,KS,Kansas,Package Services / Ground Adv,92.0,93.7,3.55,4279,1.5,NORMAL,Normal Network Operations
2024,Q3,8,2024-07-20,2024-07-26,Central,Kansas/Missouri,KS,Kansas,Periodicals,90.0,90.0,5.53,2330,2.2,NORMAL,Normal Network Operations
2024,Q3,8,2024-07-20,2024-07-26,Central,Kansas/Missouri,MO,Missouri,First-Class Mail (2-Day),95.0,92.8,2.53,16245,1.8,NORMAL,Normal Network Operations
2024,Q3,8,2024-07-20,2024-07-26,Central,Kansas/Missouri,MO,Missouri,First-Class Mail (3-5 Day),93.0,91.0,4.33,10786,2.8,NORMAL,Normal Network Operations
2024,Q3,8,2024-07-20,2024-07-26,Central,Kansas/Missouri,MO,Missouri,USPS Marketing Mail,95.0,92.5,4.83,11567,2.2,NORMAL,Normal Network Operations
2024,Q3,8,2024-07-20,2024-07-26,Central,Kansas/Missouri,MO,Missouri,Package Services / Ground Adv,92.0,92.3,3.54,4467,2.1,NORMAL,Normal Network Operations
2024,Q3,8,2024-07-20,2024-07-26,Central,Kansas/Missouri,MO,Missouri,Periodicals,90.0,89.7,5.46,2412,2.2,NORMAL,Normal Network Operations
2024,Q3,8,2024-07-20,2024-07-26,Southern,Georgia (Atlanta),GA,Georgia,First-Class Mail (2-Day),95.0,74.3,3.44,16800,7.4,WARNING,RPDC Sorter Recovery In Progress
2024,Q3,8,2024-07-20,2024-07-26,Southern,Georgia (Atlanta),GA,Georgia,First-Class Mail (3-5 Day),93.0,74.8,5.08,10689,7.7,WARNING,RPDC Sorter Recovery In Progress
2024,Q3,8,2024-07-20,2024-07-26,Southern,Georgia (Atlanta),GA,Georgia,USPS Marketing Mail,95.0,78.3,5.45,12091,4.7,WARNING,RPDC Sorter Recovery In Progress
2024,Q3,8,2024-07-20,2024-07-26,Southern,Georgia (Atlanta),GA,Georgia,Package Services / Ground Adv,92.0,74.7,4.46,4771,5.6,WARNING,RPDC Sorter Recovery In Progress
2024,Q3,8,2024-07-20,2024-07-26,Southern,Georgia (Atlanta),GA,Georgia,Periodicals,90.0,71.3,6.42,2193,7.7,WARNING,RPDC Sorter Recovery In Progress
2024,Q3,8,2024-07-20,2024-07-26,Southern,Florida 1 (Central),FL,Florida,First-Class Mail (2-Day),95.0,91.8,2.64,61971,2.3,NORMAL,Normal Network Operations
2024,Q3,8,2024-07-20,2024-07-26,Southern,Florida 1 (Central),FL,Florida,First-Class Mail (3-5 Day),93.0,90.0,4.4,41411,3.2,NORMAL,Normal Network Operations
2024,Q3,8,2024-07-20,2024-07-26,Southern,Florida 1 (Central),FL,Florida,USPS Marketing Mail,95.0,92.5,4.8,46112,2.1,NORMAL,Normal Network Operations
2024,Q3,8,2024-07-20,2024-07-26,Southern,Florida 1 (Central),FL,Florida,Package Services / Ground Adv,92.0,92.3,3.57,18587,1.6,NORMAL,Normal Network Operations
2024,Q3,8,2024-07-20,2024-07-26,Southern,Florida 1 (Central),FL,Florida,Periodicals,90.0,88.5,5.61,8928,2.4,NORMAL,Normal Network Operations
2024,Q3,8,2024-07-20,2024-07-26,Southern,Alabama/Mississippi,AL,Alabama,First-Class Mail (2-Day),95.0,92.3,2.38,14950,1.6,NORMAL,Normal Network Operations
2024,Q3,8,2024-07-20,2024-07-26,Southern,Alabama/Mississippi,AL,Alabama,First-Class Mail (3-5 Day),93.0,89.9,4.43,11085,2.2,NORMAL,Normal Network Operations
2024,Q3,8,2024-07-20,2024-07-26,Southern,Alabama/Mississippi,AL,Alabama,USPS Marketing Mail,95.0,92.6,4.88,10649,2.0,NORMAL,Normal Network Operations
2024,Q3,8,2024-07-20,2024-07-26,Southern,Alabama/Mississippi,AL,Alabama,Package Services / Ground Adv,92.0,90.0,3.65,4386,2.3,NORMAL,Normal Network Operations
2024,Q3,8,2024-07-20,2024-07-26,Southern,Alabama/Mississippi,AL,Alabama,Periodicals,90.0,88.2,5.55,2106,2.9,NORMAL,Normal Network Operations
2024,Q3,8,2024-07-20,2024-07-26,Southern,Alabama/Mississippi,MS,Mississippi,First-Class Mail (2-Day),95.0,89.8,2.49,15957,2.9,NORMAL,Normal Network Operations
2024,Q3,8,2024-07-20,2024-07-26,Southern,Alabama/Mississippi,MS,Mississippi,First-Class Mail (3-5 Day),93.0,89.9,4.33,10363,2.0,NORMAL,Normal Network Operations
2024,Q3,8,2024-07-20,2024-07-26,Southern,Alabama/Mississippi,MS,Mississippi,USPS Marketing Mail,95.0,91.9,4.89,12027,2.6,NORMAL,Normal Network Operations
2024,Q3,8,2024-07-20,2024-07-26,Southern,Alabama/Mississippi,MS,Mississippi,Package Services / Ground Adv,92.0,89.8,3.71,4406,2.3,NORMAL,Normal Network Operations
2024,Q3,8,2024-07-20,2024-07-26,Southern,Alabama/Mississippi,MS,Mississippi,Periodicals,90.0,88.3,5.59,2408,3.7,NORMAL,Normal Network Operations
2024,Q3,8,2024-07-20,2024-07-26,Southern,Tennessee,TN,Tennessee,First-Class Mail (2-Day),95.0,93.2,2.34,15387,1.6,NORMAL,Normal Network Operations
2024,Q3,8,2024-07-20,2024-07-26,Southern,Tennessee,TN,Tennessee,First-Class Mail (3-5 Day),93.0,90.2,4.29,11606,1.9,NORMAL,Normal Network Operations
2024,Q3,8,2024-07-20,2024-07-26,Southern,Tennessee,TN,Tennessee,USPS Marketing Mail,95.0,94.1,4.61,11433,1.8,NORMAL,Normal Network Operations
2024,Q3,8,2024-07-20,2024-07-26,Southern,Tennessee,TN,Tennessee,Package Services / Ground Adv,92.0,92.7,3.63,4726,1.6,NORMAL,Normal Network Operations
2024,Q3,8,2024-07-20,2024-07-26,Southern,Tennessee,TN,Tennessee,Periodicals,90.0,89.0,5.51,2241,2.9,NORMAL,Normal Network Operations
2024,Q3,8,2024-07-20,2024-07-26,Southern,Kentucky,KY,Kentucky,First-Class Mail (2-Day),95.0,92.2,2.64,16903,1.6,NORMAL,Normal Network Operations
2024,Q3,8,2024-07-20,2024-07-26,Southern,Kentucky,KY,Kentucky,First-Class Mail (3-5 Day),93.0,91.0,4.23,10432,1.6,NORMAL,Normal Network Operations
2024,Q3,8,2024-07-20,2024-07-26,Southern,Kentucky,KY,Kentucky,USPS Marketing Mail,95.0,93.9,4.7,11442,1.4,NORMAL,Normal Network Operations
2024,Q3,8,2024-07-20,2024-07-26,Southern,Kentucky,KY,Kentucky,Package Services / Ground Adv,92.0,91.2,3.54,4448,2.3,NORMAL,Normal Network Operations
2024,Q3,8,2024-07-20,2024-07-26,Southern,Kentucky,KY,Kentucky,Periodicals,90.0,89.9,5.55,2378,3.1,NORMAL,Normal Network Operations
2024,Q3,8,2024-07-20,2024-07-26,Southern,Arkansas,AR,Arkansas,First-Class Mail (2-Day),95.0,94.1,2.35,14981,1.7,NORMAL,Normal Network Operations
2024,Q3,8,2024-07-20,2024-07-26,Southern,Arkansas,AR,Arkansas,First-Class Mail (3-5 Day),93.0,90.0,4.33,11892,2.5,NORMAL,Normal Network Operations
2024,Q3,8,2024-07-20,2024-07-26,Southern,Arkansas,AR,Arkansas,USPS Marketing Mail,95.0,93.9,4.8,10892,1.2,NORMAL,Normal Network Operations
2024,Q3,8,2024-07-20,2024-07-26,Southern,Arkansas,AR,Arkansas,Package Services / Ground Adv,92.0,92.5,3.69,4260,1.9,NORMAL,Normal Network Operations
2024,Q3,8,2024-07-20,2024-07-26,Southern,Arkansas,AR,Arkansas,Periodicals,90.0,89.5,5.48,2156,2.1,NORMAL,Normal Network Operations
2024,Q3,8,2024-07-20,2024-07-26,Southern,Louisiana,LA,Louisiana,First-Class Mail (2-Day),95.0,90.1,2.65,14715,2.8,NORMAL,Normal Network Operations
2024,Q3,8,2024-07-20,2024-07-26,Southern,Louisiana,LA,Louisiana,First-Class Mail (3-5 Day),93.0,88.4,4.3,12022,3.3,NORMAL,Normal Network Operations
2024,Q3,8,2024-07-20,2024-07-26,Southern,Louisiana,LA,Louisiana,USPS Marketing Mail,95.0,92.6,4.71,10813,2.1,NORMAL,Normal Network Operations
2024,Q3,8,2024-07-20,2024-07-26,Southern,Louisiana,LA,Louisiana,Package Services / Ground Adv,92.0,89.7,3.63,4237,3.1,NORMAL,Normal Network Operations
2024,Q3,8,2024-07-20,2024-07-26,Southern,Louisiana,LA,Louisiana,Periodicals,90.0,87.4,5.43,2319,3.5,NORMAL,Normal Network Operations
2024,Q3,8,2024-07-20,2024-07-26,Southern,Oklahoma,OK,Oklahoma,First-Class Mail (2-Day),95.0,93.9,2.49,16003,1.9,NORMAL,Normal Network Operations
2024,Q3,8,2024-07-20,2024-07-26,Southern,Oklahoma,OK,Oklahoma,First-Class Mail (3-5 Day),93.0,91.1,4.32,11674,2.1,NORMAL,Normal Network Operations
2024,Q3,8,2024-07-20,2024-07-26,Southern,Oklahoma,OK,Oklahoma,USPS Marketing Mail,95.0,93.5,4.76,11891,1.8,NORMAL,Normal Network Operations
2024,Q3,8,2024-07-20,2024-07-26,Southern,Oklahoma,OK,Oklahoma,Package Services / Ground Adv,92.0,92.7,3.48,4203,1.5,NORMAL,Normal Network Operations
2024,Q3,8,2024-07-20,2024-07-26,Southern,Oklahoma,OK,Oklahoma,Periodicals,90.0,88.5,5.61,2338,3.3,NORMAL,Normal Network Operations
2024,Q3,8,2024-07-20,2024-07-26,Southern,Texas 2 (Houston/Gulf),TX,Texas,First-Class Mail (2-Day),95.0,85.5,2.94,67577,3.4,NORMAL,Normal Network Operations
2024,Q3,8,2024-07-20,2024-07-26,Southern,Texas 2 (Houston/Gulf),TX,Texas,First-Class Mail (3-5 Day),93.0,84.4,4.48,45256,2.8,NORMAL,Normal Network Operations
2024,Q3,8,2024-07-20,2024-07-26,Southern,Texas 2 (Houston/Gulf),TX,Texas,USPS Marketing Mail,95.0,88.0,4.97,44028,3.8,NORMAL,Normal Network Operations
2024,Q3,8,2024-07-20,2024-07-26,Southern,Texas 2 (Houston/Gulf),TX,Texas,Package Services / Ground Adv,92.0,85.8,3.93,18292,4.1,NORMAL,Normal Network Operations
2024,Q3,8,2024-07-20,2024-07-26,Southern,Texas 2 (Houston/Gulf),TX,Texas,Periodicals,90.0,82.2,5.82,8943,4.2,NORMAL,Normal Network Operations
2024,Q3,8,2024-07-20,2024-07-26,WestPac,Washington,WA,Washington,First-Class Mail (2-Day),95.0,92.2,2.6,15749,2.4,NORMAL,Normal Network Operations
2024,Q3,8,2024-07-20,2024-07-26,WestPac,Washington,WA,Washington,First-Class Mail (3-5 Day),93.0,90.8,4.18,11547,2.4,NORMAL,Normal Network Operations
2024,Q3,8,2024-07-20,2024-07-26,WestPac,Washington,WA,Washington,USPS Marketing Mail,95.0,94.6,4.71,10906,1.5,NORMAL,Normal Network Operations
2024,Q3,8,2024-07-20,2024-07-26,WestPac,Washington,WA,Washington,Package Services / Ground Adv,92.0,93.3,3.68,4648,1.3,NORMAL,Normal Network Operations
2024,Q3,8,2024-07-20,2024-07-26,WestPac,Washington,WA,Washington,Periodicals,90.0,89.5,5.44,2323,3.1,NORMAL,Normal Network Operations
2024,Q3,8,2024-07-20,2024-07-26,WestPac,Oregon/Idaho,OR,Oregon,First-Class Mail (2-Day),95.0,93.3,2.4,16576,2.1,NORMAL,Normal Network Operations
2024,Q3,8,2024-07-20,2024-07-26,WestPac,Oregon/Idaho,OR,Oregon,First-Class Mail (3-5 Day),93.0,90.7,4.36,11610,2.6,NORMAL,Normal Network Operations
2024,Q3,8,2024-07-20,2024-07-26,WestPac,Oregon/Idaho,OR,Oregon,USPS Marketing Mail,95.0,93.3,4.66,11227,2.0,NORMAL,Normal Network Operations
2024,Q3,8,2024-07-20,2024-07-26,WestPac,Oregon/Idaho,OR,Oregon,Package Services / Ground Adv,92.0,92.3,3.64,4750,2.4,NORMAL,Normal Network Operations
2024,Q3,8,2024-07-20,2024-07-26,WestPac,Oregon/Idaho,OR,Oregon,Periodicals,90.0,91.3,5.31,2314,2.2,NORMAL,Normal Network Operations
2024,Q3,8,2024-07-20,2024-07-26,WestPac,California 1 (Bay Area),CA,California,First-Class Mail (2-Day),95.0,93.1,2.43,63280,2.0,NORMAL,Normal Network Operations
2024,Q3,8,2024-07-20,2024-07-26,WestPac,California 1 (Bay Area),CA,California,First-Class Mail (3-5 Day),93.0,89.2,4.27,47565,3.0,NORMAL,Normal Network Operations
2024,Q3,8,2024-07-20,2024-07-26,WestPac,California 1 (Bay Area),CA,California,USPS Marketing Mail,95.0,92.4,4.86,45578,1.5,NORMAL,Normal Network Operations
2024,Q3,8,2024-07-20,2024-07-26,WestPac,California 1 (Bay Area),CA,California,Package Services / Ground Adv,92.0,91.6,3.69,17877,2.5,NORMAL,Normal Network Operations
2024,Q3,8,2024-07-20,2024-07-26,WestPac,California 1 (Bay Area),CA,California,Periodicals,90.0,87.6,5.59,8699,2.5,NORMAL,Normal Network Operations
2024,Q3,8,2024-07-20,2024-07-26,WestPac,Nevada,NV,Nevada,First-Class Mail (2-Day),95.0,92.3,2.57,16343,1.6,NORMAL,Normal Network Operations
2024,Q3,8,2024-07-20,2024-07-26,WestPac,Nevada,NV,Nevada,First-Class Mail (3-5 Day),93.0,89.8,4.35,11570,2.9,NORMAL,Normal Network Operations
2024,Q3,8,2024-07-20,2024-07-26,WestPac,Nevada,NV,Nevada,USPS Marketing Mail,95.0,95.2,4.78,11118,1.0,NORMAL,Normal Network Operations
2024,Q3,8,2024-07-20,2024-07-26,WestPac,Nevada,NV,Nevada,Package Services / Ground Adv,92.0,93.0,3.46,4841,2.2,NORMAL,Normal Network Operations
2024,Q3,8,2024-07-20,2024-07-26,WestPac,Nevada,NV,Nevada,Periodicals,90.0,88.9,5.6,2304,2.1,NORMAL,Normal Network Operations
2024,Q3,8,2024-07-20,2024-07-26,WestPac,Oregon/Idaho,ID,Idaho,First-Class Mail (2-Day),95.0,94.2,2.44,15508,1.8,NORMAL,Normal Network Operations
2024,Q3,8,2024-07-20,2024-07-26,WestPac,Oregon/Idaho,ID,Idaho,First-Class Mail (3-5 Day),93.0,90.7,4.28,11588,2.0,NORMAL,Normal Network Operations
2024,Q3,8,2024-07-20,2024-07-26,WestPac,Oregon/Idaho,ID,Idaho,USPS Marketing Mail,95.0,95.9,4.59,11595,1.1,NORMAL,Normal Network Operations
2024,Q3,8,2024-07-20,2024-07-26,WestPac,Oregon/Idaho,ID,Idaho,Package Services / Ground Adv,92.0,93.7,3.6,4762,1.7,NORMAL,Normal Network Operations
2024,Q3,8,2024-07-20,2024-07-26,WestPac,Oregon/Idaho,ID,Idaho,Periodicals,90.0,90.9,5.41,2202,2.0,NORMAL,Normal Network Operations
2024,Q3,8,2024-07-20,2024-07-26,WestPac,Montana/Wyoming,MT,Montana,First-Class Mail (2-Day),95.0,93.6,2.43,16175,1.2,NORMAL,Normal Network Operations
2024,Q3,8,2024-07-20,2024-07-26,WestPac,Montana/Wyoming,MT,Montana,First-Class Mail (3-5 Day),93.0,92.3,4.22,11380,1.4,NORMAL,Normal Network Operations
2024,Q3,8,2024-07-20,2024-07-26,WestPac,Montana/Wyoming,MT,Montana,USPS Marketing Mail,95.0,94.8,4.75,10675,1.5,NORMAL,Normal Network Operations
2024,Q3,8,2024-07-20,2024-07-26,WestPac,Montana/Wyoming,MT,Montana,Package Services / Ground Adv,92.0,93.5,3.52,4551,1.8,NORMAL,Normal Network Operations
2024,Q3,8,2024-07-20,2024-07-26,WestPac,Montana/Wyoming,MT,Montana,Periodicals,90.0,90.0,5.53,2356,1.9,NORMAL,Normal Network Operations
2024,Q3,8,2024-07-20,2024-07-26,WestPac,Montana/Wyoming,WY,Wyoming,First-Class Mail (2-Day),95.0,93.5,2.31,15891,1.9,NORMAL,Normal Network Operations
2024,Q3,8,2024-07-20,2024-07-26,WestPac,Montana/Wyoming,WY,Wyoming,First-Class Mail (3-5 Day),93.0,92.2,4.2,11284,2.3,NORMAL,Normal Network Operations
2024,Q3,8,2024-07-20,2024-07-26,WestPac,Montana/Wyoming,WY,Wyoming,USPS Marketing Mail,95.0,95.3,4.73,10573,1.3,NORMAL,Normal Network Operations
2024,Q3,8,2024-07-20,2024-07-26,WestPac,Montana/Wyoming,WY,Wyoming,Package Services / Ground Adv,92.0,93.9,3.63,4270,1.9,NORMAL,Normal Network Operations
2024,Q3,8,2024-07-20,2024-07-26,WestPac,Montana/Wyoming,WY,Wyoming,Periodicals,90.0,91.0,5.38,2358,1.8,NORMAL,Normal Network Operations
2024,Q3,8,2024-07-20,2024-07-26,WestPac,Utah,UT,Utah,First-Class Mail (2-Day),95.0,93.2,2.38,14896,1.3,NORMAL,Normal Network Operations
2024,Q3,8,2024-07-20,2024-07-26,WestPac,Utah,UT,Utah,First-Class Mail (3-5 Day),93.0,92.0,4.09,12113,2.4,NORMAL,Normal Network Operations
2024,Q3,8,2024-07-20,2024-07-26,WestPac,Utah,UT,Utah,USPS Marketing Mail,95.0,94.9,4.68,11111,1.2,NORMAL,Normal Network Operations
2024,Q3,8,2024-07-20,2024-07-26,WestPac,Utah,UT,Utah,Package Services / Ground Adv,92.0,94.2,3.45,4821,1.0,NORMAL,Normal Network Operations
2024,Q3,8,2024-07-20,2024-07-26,WestPac,Utah,UT,Utah,Periodicals,90.0,90.6,5.43,2230,2.7,NORMAL,Normal Network Operations
2024,Q3,8,2024-07-20,2024-07-26,WestPac,Colorado,CO,Colorado,First-Class Mail (2-Day),95.0,93.6,2.44,16974,1.8,NORMAL,Normal Network Operations
2024,Q3,8,2024-07-20,2024-07-26,WestPac,Colorado,CO,Colorado,First-Class Mail (3-5 Day),93.0,90.8,4.2,10528,2.3,NORMAL,Normal Network Operations
2024,Q3,8,2024-07-20,2024-07-26,WestPac,Colorado,CO,Colorado,USPS Marketing Mail,95.0,95.0,4.58,10889,1.1,NORMAL,Normal Network Operations
2024,Q3,8,2024-07-20,2024-07-26,WestPac,Colorado,CO,Colorado,Package Services / Ground Adv,92.0,93.2,3.58,4295,2.1,NORMAL,Normal Network Operations
2024,Q3,8,2024-07-20,2024-07-26,WestPac,Colorado,CO,Colorado,Periodicals,90.0,89.6,5.47,2096,2.1,NORMAL,Normal Network Operations
2024,Q3,8,2024-07-20,2024-07-26,WestPac,Arizona/New Mexico,AZ,Arizona,First-Class Mail (2-Day),95.0,92.6,2.59,15498,1.7,NORMAL,Normal Network Operations
2024,Q3,8,2024-07-20,2024-07-26,WestPac,Arizona/New Mexico,AZ,Arizona,First-Class Mail (3-5 Day),93.0,90.0,4.29,11600,2.2,NORMAL,Normal Network Operations
2024,Q3,8,2024-07-20,2024-07-26,WestPac,Arizona/New Mexico,AZ,Arizona,USPS Marketing Mail,95.0,94.1,4.77,12141,1.1,NORMAL,Normal Network Operations
2024,Q3,8,2024-07-20,2024-07-26,WestPac,Arizona/New Mexico,AZ,Arizona,Package Services / Ground Adv,92.0,92.7,3.55,4613,1.5,NORMAL,Normal Network Operations
2024,Q3,8,2024-07-20,2024-07-26,WestPac,Arizona/New Mexico,AZ,Arizona,Periodicals,90.0,90.5,5.37,2125,2.5,NORMAL,Normal Network Operations
2024,Q3,8,2024-07-20,2024-07-26,WestPac,Arizona/New Mexico,NM,New Mexico,First-Class Mail (2-Day),95.0,94.0,2.29,16011,1.4,NORMAL,Normal Network Operations
2024,Q3,8,2024-07-20,2024-07-26,WestPac,Arizona/New Mexico,NM,New Mexico,First-Class Mail (3-5 Day),93.0,89.6,4.23,11337,2.1,NORMAL,Normal Network Operations
2024,Q3,8,2024-07-20,2024-07-26,WestPac,Arizona/New Mexico,NM,New Mexico,USPS Marketing Mail,95.0,92.6,4.75,10950,2.0,NORMAL,Normal Network Operations
2024,Q3,8,2024-07-20,2024-07-26,WestPac,Arizona/New Mexico,NM,New Mexico,Package Services / Ground Adv,92.0,91.3,3.58,4147,2.6,NORMAL,Normal Network Operations
2024,Q3,8,2024-07-20,2024-07-26,WestPac,Arizona/New Mexico,NM,New Mexico,Periodicals,90.0,89.0,5.43,2107,3.5,NORMAL,Normal Network Operations
2024,Q3,8,2024-07-20,2024-07-26,WestPac,Alaska,AK,Alaska,First-Class Mail (2-Day),95.0,90.8,2.64,15262,1.9,NORMAL,Normal Network Operations
2024,Q3,8,2024-07-20,2024-07-26,WestPac,Alaska,AK,Alaska,First-Class Mail (3-5 Day),93.0,88.4,4.4,11610,2.9,NORMAL,Normal Network Operations
2024,Q3,8,2024-07-20,2024-07-26,WestPac,Alaska,AK,Alaska,USPS Marketing Mail,95.0,91.5,4.87,11963,2.2,NORMAL,Normal Network Operations
2024,Q3,8,2024-07-20,2024-07-26,WestPac,Alaska,AK,Alaska,Package Services / Ground Adv,92.0,88.0,3.79,4388,3.8,NORMAL,Normal Network Operations
2024,Q3,8,2024-07-20,2024-07-26,WestPac,Alaska,AK,Alaska,Periodicals,90.0,86.9,5.58,2284,4.1,NORMAL,Normal Network Operations
2024,Q3,8,2024-07-20,2024-07-26,WestPac,Hawaii/Pacific,HI,Hawaii,First-Class Mail (2-Day),95.0,91.9,2.42,14513,2.0,NORMAL,Normal Network Operations
2024,Q3,8,2024-07-20,2024-07-26,WestPac,Hawaii/Pacific,HI,Hawaii,First-Class Mail (3-5 Day),93.0,88.9,4.27,11031,2.2,NORMAL,Normal Network Operations
2024,Q3,8,2024-07-20,2024-07-26,WestPac,Hawaii/Pacific,HI,Hawaii,USPS Marketing Mail,95.0,92.5,4.85,12104,1.4,NORMAL,Normal Network Operations
2024,Q3,8,2024-07-20,2024-07-26,WestPac,Hawaii/Pacific,HI,Hawaii,Package Services / Ground Adv,92.0,90.6,3.71,4648,2.0,NORMAL,Normal Network Operations
2024,Q3,8,2024-07-20,2024-07-26,WestPac,Hawaii/Pacific,HI,Hawaii,Periodicals,90.0,86.8,5.66,2250,4.2,NORMAL,Normal Network Operations
2024,Q4,9,2024-07-27,2024-08-02,Atlantic,Northern New England,ME,Maine,First-Class Mail (2-Day),95.0,93.3,2.57,16711,1.6,NORMAL,Normal Network Operations
2024,Q4,9,2024-07-27,2024-08-02,Atlantic,Northern New England,ME,Maine,First-Class Mail (3-5 Day),93.0,92.4,4.29,12055,1.7,NORMAL,Normal Network Operations
2024,Q4,9,2024-07-27,2024-08-02,Atlantic,Northern New England,ME,Maine,USPS Marketing Mail,95.0,94.4,4.58,10493,1.3,NORMAL,Normal Network Operations
2024,Q4,9,2024-07-27,2024-08-02,Atlantic,Northern New England,ME,Maine,Package Services / Ground Adv,92.0,93.4,3.45,4181,2.1,NORMAL,Normal Network Operations
2024,Q4,9,2024-07-27,2024-08-02,Atlantic,Northern New England,ME,Maine,Periodicals,90.0,90.9,5.37,2384,2.3,NORMAL,Normal Network Operations
2024,Q4,9,2024-07-27,2024-08-02,Atlantic,Northern New England,NH,New Hampshire,First-Class Mail (2-Day),95.0,94.6,2.39,16331,1.3,NORMAL,Normal Network Operations
2024,Q4,9,2024-07-27,2024-08-02,Atlantic,Northern New England,NH,New Hampshire,First-Class Mail (3-5 Day),93.0,91.3,4.38,11948,2.2,NORMAL,Normal Network Operations
2024,Q4,9,2024-07-27,2024-08-02,Atlantic,Northern New England,NH,New Hampshire,USPS Marketing Mail,95.0,94.8,4.71,11989,1.2,NORMAL,Normal Network Operations
2024,Q4,9,2024-07-27,2024-08-02,Atlantic,Northern New England,NH,New Hampshire,Package Services / Ground Adv,92.0,93.1,3.61,4679,1.9,NORMAL,Normal Network Operations
2024,Q4,9,2024-07-27,2024-08-02,Atlantic,Northern New England,NH,New Hampshire,Periodicals,90.0,89.4,5.57,2366,3.0,NORMAL,Normal Network Operations
2024,Q4,9,2024-07-27,2024-08-02,Atlantic,Northern New England,VT,Vermont,First-Class Mail (2-Day),95.0,95.0,2.39,16020,1.3,NORMAL,Normal Network Operations
2024,Q4,9,2024-07-27,2024-08-02,Atlantic,Northern New England,VT,Vermont,First-Class Mail (3-5 Day),93.0,93.0,4.27,11292,1.9,NORMAL,Normal Network Operations
2024,Q4,9,2024-07-27,2024-08-02,Atlantic,Northern New England,VT,Vermont,USPS Marketing Mail,95.0,94.2,4.8,11274,1.1,NORMAL,Normal Network Operations
2024,Q4,9,2024-07-27,2024-08-02,Atlantic,Northern New England,VT,Vermont,Package Services / Ground Adv,92.0,94.2,3.47,4408,1.4,NORMAL,Normal Network Operations
2024,Q4,9,2024-07-27,2024-08-02,Atlantic,Northern New England,VT,Vermont,Periodicals,90.0,89.7,5.36,2264,3.2,NORMAL,Normal Network Operations
2024,Q4,9,2024-07-27,2024-08-02,Atlantic,Boston,MA,Massachusetts,First-Class Mail (2-Day),95.0,93.0,2.41,15229,1.4,NORMAL,Normal Network Operations
2024,Q4,9,2024-07-27,2024-08-02,Atlantic,Boston,MA,Massachusetts,First-Class Mail (3-5 Day),93.0,89.5,4.36,10741,3.0,NORMAL,Normal Network Operations
2024,Q4,9,2024-07-27,2024-08-02,Atlantic,Boston,MA,Massachusetts,USPS Marketing Mail,95.0,92.7,4.82,11836,2.3,NORMAL,Normal Network Operations
2024,Q4,9,2024-07-27,2024-08-02,Atlantic,Boston,MA,Massachusetts,Package Services / Ground Adv,92.0,90.3,3.73,4491,2.4,NORMAL,Normal Network Operations
2024,Q4,9,2024-07-27,2024-08-02,Atlantic,Boston,MA,Massachusetts,Periodicals,90.0,88.6,5.44,2197,3.0,NORMAL,Normal Network Operations
2024,Q4,9,2024-07-27,2024-08-02,Atlantic,Boston,RI,Rhode Island,First-Class Mail (2-Day),95.0,91.7,2.45,15383,2.5,NORMAL,Normal Network Operations
2024,Q4,9,2024-07-27,2024-08-02,Atlantic,Boston,RI,Rhode Island,First-Class Mail (3-5 Day),93.0,89.7,4.22,11275,2.6,NORMAL,Normal Network Operations
2024,Q4,9,2024-07-27,2024-08-02,Atlantic,Boston,RI,Rhode Island,USPS Marketing Mail,95.0,92.9,4.77,10630,1.4,NORMAL,Normal Network Operations
2024,Q4,9,2024-07-27,2024-08-02,Atlantic,Boston,RI,Rhode Island,Package Services / Ground Adv,92.0,92.3,3.57,4355,1.6,NORMAL,Normal Network Operations
2024,Q4,9,2024-07-27,2024-08-02,Atlantic,Boston,RI,Rhode Island,Periodicals,90.0,89.2,5.54,2109,2.2,NORMAL,Normal Network Operations
2024,Q4,9,2024-07-27,2024-08-02,Atlantic,Connecticut,CT,Connecticut,First-Class Mail (2-Day),95.0,93.0,2.37,15381,2.1,NORMAL,Normal Network Operations
2024,Q4,9,2024-07-27,2024-08-02,Atlantic,Connecticut,CT,Connecticut,First-Class Mail (3-5 Day),93.0,90.7,4.38,10707,2.1,NORMAL,Normal Network Operations
2024,Q4,9,2024-07-27,2024-08-02,Atlantic,Connecticut,CT,Connecticut,USPS Marketing Mail,95.0,93.2,4.73,11689,1.3,NORMAL,Normal Network Operations
2024,Q4,9,2024-07-27,2024-08-02,Atlantic,Connecticut,CT,Connecticut,Package Services / Ground Adv,92.0,93.1,3.48,4485,1.4,NORMAL,Normal Network Operations
2024,Q4,9,2024-07-27,2024-08-02,Atlantic,Connecticut,CT,Connecticut,Periodicals,90.0,90.0,5.39,2268,2.2,NORMAL,Normal Network Operations
2024,Q4,9,2024-07-27,2024-08-02,Atlantic,New York 2 (Metro),NY,New York,First-Class Mail (2-Day),95.0,91.9,2.47,65665,2.3,NORMAL,Normal Network Operations
2024,Q4,9,2024-07-27,2024-08-02,Atlantic,New York 2 (Metro),NY,New York,First-Class Mail (3-5 Day),93.0,89.9,4.43,47470,2.5,NORMAL,Normal Network Operations
2024,Q4,9,2024-07-27,2024-08-02,Atlantic,New York 2 (Metro),NY,New York,USPS Marketing Mail,95.0,91.7,4.72,41552,1.6,NORMAL,Normal Network Operations
2024,Q4,9,2024-07-27,2024-08-02,Atlantic,New York 2 (Metro),NY,New York,Package Services / Ground Adv,92.0,89.4,3.82,17241,2.7,NORMAL,Normal Network Operations
2024,Q4,9,2024-07-27,2024-08-02,Atlantic,New York 2 (Metro),NY,New York,Periodicals,90.0,88.1,5.64,9341,2.7,NORMAL,Normal Network Operations
2024,Q4,9,2024-07-27,2024-08-02,Atlantic,New Jersey,NJ,New Jersey,First-Class Mail (2-Day),95.0,91.6,2.53,16407,1.9,NORMAL,Normal Network Operations
2024,Q4,9,2024-07-27,2024-08-02,Atlantic,New Jersey,NJ,New Jersey,First-Class Mail (3-5 Day),93.0,89.0,4.37,10799,2.2,NORMAL,Normal Network Operations
2024,Q4,9,2024-07-27,2024-08-02,Atlantic,New Jersey,NJ,New Jersey,USPS Marketing Mail,95.0,93.2,4.89,10795,2.0,NORMAL,Normal Network Operations
2024,Q4,9,2024-07-27,2024-08-02,Atlantic,New Jersey,NJ,New Jersey,Package Services / Ground Adv,92.0,91.6,3.69,4723,1.7,NORMAL,Normal Network Operations
2024,Q4,9,2024-07-27,2024-08-02,Atlantic,New Jersey,NJ,New Jersey,Periodicals,90.0,88.8,5.39,2427,2.8,NORMAL,Normal Network Operations
2024,Q4,9,2024-07-27,2024-08-02,Atlantic,Philadelphia,PA,Pennsylvania,First-Class Mail (2-Day),95.0,92.8,2.4,14823,1.9,NORMAL,Normal Network Operations
2024,Q4,9,2024-07-27,2024-08-02,Atlantic,Philadelphia,PA,Pennsylvania,First-Class Mail (3-5 Day),93.0,89.3,4.47,11117,3.4,NORMAL,Normal Network Operations
2024,Q4,9,2024-07-27,2024-08-02,Atlantic,Philadelphia,PA,Pennsylvania,USPS Marketing Mail,95.0,93.7,4.61,11083,1.2,NORMAL,Normal Network Operations
2024,Q4,9,2024-07-27,2024-08-02,Atlantic,Philadelphia,PA,Pennsylvania,Package Services / Ground Adv,92.0,91.1,3.59,4382,2.4,NORMAL,Normal Network Operations
2024,Q4,9,2024-07-27,2024-08-02,Atlantic,Philadelphia,PA,Pennsylvania,Periodicals,90.0,89.1,5.5,2179,2.7,NORMAL,Normal Network Operations
2024,Q4,9,2024-07-27,2024-08-02,Atlantic,Maryland/Delaware,DE,Delaware,First-Class Mail (2-Day),95.0,92.6,2.44,15543,1.6,NORMAL,Normal Network Operations
2024,Q4,9,2024-07-27,2024-08-02,Atlantic,Maryland/Delaware,DE,Delaware,First-Class Mail (3-5 Day),93.0,90.6,4.16,10443,1.8,NORMAL,Normal Network Operations
2024,Q4,9,2024-07-27,2024-08-02,Atlantic,Maryland/Delaware,DE,Delaware,USPS Marketing Mail,95.0,94.6,4.68,11985,1.1,NORMAL,Normal Network Operations
2024,Q4,9,2024-07-27,2024-08-02,Atlantic,Maryland/Delaware,DE,Delaware,Package Services / Ground Adv,92.0,91.2,3.78,4401,1.8,NORMAL,Normal Network Operations
2024,Q4,9,2024-07-27,2024-08-02,Atlantic,Maryland/Delaware,DE,Delaware,Periodicals,90.0,89.2,5.32,2268,2.1,NORMAL,Normal Network Operations
2024,Q4,9,2024-07-27,2024-08-02,Atlantic,Maryland/Delaware,MD,Maryland,First-Class Mail (2-Day),95.0,92.6,2.55,15400,1.7,NORMAL,Normal Network Operations
2024,Q4,9,2024-07-27,2024-08-02,Atlantic,Maryland/Delaware,MD,Maryland,First-Class Mail (3-5 Day),93.0,90.2,4.27,11520,2.5,NORMAL,Normal Network Operations
2024,Q4,9,2024-07-27,2024-08-02,Atlantic,Maryland/Delaware,MD,Maryland,USPS Marketing Mail,95.0,91.8,4.93,10584,1.9,NORMAL,Normal Network Operations
2024,Q4,9,2024-07-27,2024-08-02,Atlantic,Maryland/Delaware,MD,Maryland,Package Services / Ground Adv,92.0,91.3,3.67,4796,1.7,NORMAL,Normal Network Operations
2024,Q4,9,2024-07-27,2024-08-02,Atlantic,Maryland/Delaware,MD,Maryland,Periodicals,90.0,88.6,5.54,2403,2.4,NORMAL,Normal Network Operations
2024,Q4,9,2024-07-27,2024-08-02,Atlantic,Capital,DC,District of Columbia,First-Class Mail (2-Day),95.0,89.5,2.6,16317,2.7,NORMAL,Normal Network Operations
2024,Q4,9,2024-07-27,2024-08-02,Atlantic,Capital,DC,District of Columbia,First-Class Mail (3-5 Day),93.0,89.5,4.4,10428,2.2,NORMAL,Normal Network Operations
2024,Q4,9,2024-07-27,2024-08-02,Atlantic,Capital,DC,District of Columbia,USPS Marketing Mail,95.0,90.6,4.82,11928,2.4,NORMAL,Normal Network Operations
2024,Q4,9,2024-07-27,2024-08-02,Atlantic,Capital,DC,District of Columbia,Package Services / Ground Adv,92.0,90.3,3.83,4784,3.0,NORMAL,Normal Network Operations
2024,Q4,9,2024-07-27,2024-08-02,Atlantic,Capital,DC,District of Columbia,Periodicals,90.0,86.9,5.68,2094,3.7,NORMAL,Normal Network Operations
2024,Q4,9,2024-07-27,2024-08-02,Atlantic,Virginia,VA,Virginia,First-Class Mail (2-Day),95.0,92.6,2.49,14545,2.3,NORMAL,Normal Network Operations
2024,Q4,9,2024-07-27,2024-08-02,Atlantic,Virginia,VA,Virginia,First-Class Mail (3-5 Day),93.0,90.8,4.17,10431,2.6,NORMAL,Normal Network Operations
2024,Q4,9,2024-07-27,2024-08-02,Atlantic,Virginia,VA,Virginia,USPS Marketing Mail,95.0,93.8,4.78,11683,1.8,NORMAL,Normal Network Operations
2024,Q4,9,2024-07-27,2024-08-02,Atlantic,Virginia,VA,Virginia,Package Services / Ground Adv,92.0,91.6,3.73,4839,2.3,NORMAL,Normal Network Operations
2024,Q4,9,2024-07-27,2024-08-02,Atlantic,Virginia,VA,Virginia,Periodicals,90.0,88.5,5.46,2350,3.3,NORMAL,Normal Network Operations
2024,Q4,9,2024-07-27,2024-08-02,Atlantic,Appalachian,WV,West Virginia,First-Class Mail (2-Day),95.0,91.7,2.44,14893,1.8,NORMAL,Normal Network Operations
2024,Q4,9,2024-07-27,2024-08-02,Atlantic,Appalachian,WV,West Virginia,First-Class Mail (3-5 Day),93.0,89.0,4.47,11773,3.1,NORMAL,Normal Network Operations
2024,Q4,9,2024-07-27,2024-08-02,Atlantic,Appalachian,WV,West Virginia,USPS Marketing Mail,95.0,92.6,4.79,10896,2.1,NORMAL,Normal Network Operations
2024,Q4,9,2024-07-27,2024-08-02,Atlantic,Appalachian,WV,West Virginia,Package Services / Ground Adv,92.0,90.2,3.72,4263,2.7,NORMAL,Normal Network Operations
2024,Q4,9,2024-07-27,2024-08-02,Atlantic,Appalachian,WV,West Virginia,Periodicals,90.0,87.3,5.43,2123,2.7,NORMAL,Normal Network Operations
2024,Q4,9,2024-07-27,2024-08-02,Atlantic,North Carolina,NC,North Carolina,First-Class Mail (2-Day),95.0,93.4,2.38,16482,2.0,NORMAL,Normal Network Operations
2024,Q4,9,2024-07-27,2024-08-02,Atlantic,North Carolina,NC,North Carolina,First-Class Mail (3-5 Day),93.0,90.6,4.37,11312,2.0,NORMAL,Normal Network Operations
2024,Q4,9,2024-07-27,2024-08-02,Atlantic,North Carolina,NC,North Carolina,USPS Marketing Mail,95.0,92.1,4.84,11014,1.8,NORMAL,Normal Network Operations
2024,Q4,9,2024-07-27,2024-08-02,Atlantic,North Carolina,NC,North Carolina,Package Services / Ground Adv,92.0,90.5,3.7,4659,2.6,NORMAL,Normal Network Operations
2024,Q4,9,2024-07-27,2024-08-02,Atlantic,North Carolina,NC,North Carolina,Periodicals,90.0,88.8,5.43,2090,3.0,NORMAL,Normal Network Operations
2024,Q4,9,2024-07-27,2024-08-02,Atlantic,South Carolina,SC,South Carolina,First-Class Mail (2-Day),95.0,92.9,2.39,16922,2.1,NORMAL,Normal Network Operations
2024,Q4,9,2024-07-27,2024-08-02,Atlantic,South Carolina,SC,South Carolina,First-Class Mail (3-5 Day),93.0,89.1,4.37,12111,3.4,NORMAL,Normal Network Operations
2024,Q4,9,2024-07-27,2024-08-02,Atlantic,South Carolina,SC,South Carolina,USPS Marketing Mail,95.0,93.6,4.63,11692,1.9,NORMAL,Normal Network Operations
2024,Q4,9,2024-07-27,2024-08-02,Atlantic,South Carolina,SC,South Carolina,Package Services / Ground Adv,92.0,90.8,3.77,4596,2.5,NORMAL,Normal Network Operations
2024,Q4,9,2024-07-27,2024-08-02,Atlantic,South Carolina,SC,South Carolina,Periodicals,90.0,88.7,5.4,2166,3.3,NORMAL,Normal Network Operations
2024,Q4,9,2024-07-27,2024-08-02,Atlantic,Caribbean,PR,Puerto Rico,First-Class Mail (2-Day),95.0,89.4,2.71,14882,3.1,NORMAL,Normal Network Operations
2024,Q4,9,2024-07-27,2024-08-02,Atlantic,Caribbean,PR,Puerto Rico,First-Class Mail (3-5 Day),93.0,86.4,4.46,11973,3.8,NORMAL,Normal Network Operations
2024,Q4,9,2024-07-27,2024-08-02,Atlantic,Caribbean,PR,Puerto Rico,USPS Marketing Mail,95.0,89.0,4.88,11902,2.3,NORMAL,Normal Network Operations
2024,Q4,9,2024-07-27,2024-08-02,Atlantic,Caribbean,PR,Puerto Rico,Package Services / Ground Adv,92.0,87.5,3.9,4606,3.1,NORMAL,Normal Network Operations
2024,Q4,9,2024-07-27,2024-08-02,Atlantic,Caribbean,PR,Puerto Rico,Periodicals,90.0,84.6,5.6,2211,3.1,NORMAL,Normal Network Operations
2024,Q4,9,2024-07-27,2024-08-02,Central,Ohio 1 (Columbus),OH,Ohio,First-Class Mail (2-Day),95.0,93.5,2.32,15108,1.2,NORMAL,Normal Network Operations
2024,Q4,9,2024-07-27,2024-08-02,Central,Ohio 1 (Columbus),OH,Ohio,First-Class Mail (3-5 Day),93.0,92.0,4.11,11298,2.5,NORMAL,Normal Network Operations
2024,Q4,9,2024-07-27,2024-08-02,Central,Ohio 1 (Columbus),OH,Ohio,USPS Marketing Mail,95.0,94.5,4.72,11030,1.6,NORMAL,Normal Network Operations
2024,Q4,9,2024-07-27,2024-08-02,Central,Ohio 1 (Columbus),OH,Ohio,Package Services / Ground Adv,92.0,91.0,3.74,4604,2.7,NORMAL,Normal Network Operations
2024,Q4,9,2024-07-27,2024-08-02,Central,Ohio 1 (Columbus),OH,Ohio,Periodicals,90.0,88.6,5.37,2121,2.4,NORMAL,Normal Network Operations
2024,Q4,9,2024-07-27,2024-08-02,Central,Michigan 1 (Detroit),MI,Michigan,First-Class Mail (2-Day),95.0,92.7,2.61,16903,1.3,NORMAL,Normal Network Operations
2024,Q4,9,2024-07-27,2024-08-02,Central,Michigan 1 (Detroit),MI,Michigan,First-Class Mail (3-5 Day),93.0,89.3,4.31,11623,3.0,NORMAL,Normal Network Operations
2024,Q4,9,2024-07-27,2024-08-02,Central,Michigan 1 (Detroit),MI,Michigan,USPS Marketing Mail,95.0,92.5,4.81,11149,1.9,NORMAL,Normal Network Operations
2024,Q4,9,2024-07-27,2024-08-02,Central,Michigan 1 (Detroit),MI,Michigan,Package Services / Ground Adv,92.0,90.6,3.59,4180,2.1,NORMAL,Normal Network Operations
2024,Q4,9,2024-07-27,2024-08-02,Central,Michigan 1 (Detroit),MI,Michigan,Periodicals,90.0,89.4,5.34,2366,2.8,NORMAL,Normal Network Operations
2024,Q4,9,2024-07-27,2024-08-02,Central,Indiana,IN,Indiana,First-Class Mail (2-Day),95.0,92.6,2.49,16597,1.6,NORMAL,Normal Network Operations
2024,Q4,9,2024-07-27,2024-08-02,Central,Indiana,IN,Indiana,First-Class Mail (3-5 Day),93.0,90.5,4.16,11118,2.9,NORMAL,Normal Network Operations
2024,Q4,9,2024-07-27,2024-08-02,Central,Indiana,IN,Indiana,USPS Marketing Mail,95.0,93.6,4.66,11932,1.7,NORMAL,Normal Network Operations
2024,Q4,9,2024-07-27,2024-08-02,Central,Indiana,IN,Indiana,Package Services / Ground Adv,92.0,92.3,3.69,4220,2.3,NORMAL,Normal Network Operations
2024,Q4,9,2024-07-27,2024-08-02,Central,Indiana,IN,Indiana,Periodicals,90.0,89.3,5.34,2414,2.1,NORMAL,Normal Network Operations
2024,Q4,9,2024-07-27,2024-08-02,Central,Illinois 1 (Chicago),IL,Illinois,First-Class Mail (2-Day),95.0,90.5,2.49,16816,2.5,NORMAL,Normal Network Operations
2024,Q4,9,2024-07-27,2024-08-02,Central,Illinois 1 (Chicago),IL,Illinois,First-Class Mail (3-5 Day),93.0,89.6,4.36,10670,3.2,NORMAL,Normal Network Operations
2024,Q4,9,2024-07-27,2024-08-02,Central,Illinois 1 (Chicago),IL,Illinois,USPS Marketing Mail,95.0,91.7,4.88,10620,2.2,NORMAL,Normal Network Operations
2024,Q4,9,2024-07-27,2024-08-02,Central,Illinois 1 (Chicago),IL,Illinois,Package Services / Ground Adv,92.0,90.2,3.79,4390,2.2,NORMAL,Normal Network Operations
2024,Q4,9,2024-07-27,2024-08-02,Central,Illinois 1 (Chicago),IL,Illinois,Periodicals,90.0,86.3,5.64,2405,4.2,NORMAL,Normal Network Operations
2024,Q4,9,2024-07-27,2024-08-02,Central,Wisconsin,WI,Wisconsin,First-Class Mail (2-Day),95.0,94.6,2.27,14495,1.5,NORMAL,Normal Network Operations
2024,Q4,9,2024-07-27,2024-08-02,Central,Wisconsin,WI,Wisconsin,First-Class Mail (3-5 Day),93.0,92.7,4.22,10926,1.5,NORMAL,Normal Network Operations
2024,Q4,9,2024-07-27,2024-08-02,Central,Wisconsin,WI,Wisconsin,USPS Marketing Mail,95.0,94.4,4.77,11211,1.6,NORMAL,Normal Network Operations
2024,Q4,9,2024-07-27,2024-08-02,Central,Wisconsin,WI,Wisconsin,Package Services / Ground Adv,92.0,91.9,3.74,4340,2.1,NORMAL,Normal Network Operations
2024,Q4,9,2024-07-27,2024-08-02,Central,Wisconsin,WI,Wisconsin,Periodicals,90.0,89.4,5.36,2208,3.4,NORMAL,Normal Network Operations
2024,Q4,9,2024-07-27,2024-08-02,Central,Northland,MN,Minnesota,First-Class Mail (2-Day),95.0,93.0,2.52,15533,1.7,NORMAL,Normal Network Operations
2024,Q4,9,2024-07-27,2024-08-02,Central,Northland,MN,Minnesota,First-Class Mail (3-5 Day),93.0,91.9,4.3,11527,1.8,NORMAL,Normal Network Operations
2024,Q4,9,2024-07-27,2024-08-02,Central,Northland,MN,Minnesota,USPS Marketing Mail,95.0,93.6,4.73,11310,1.5,NORMAL,Normal Network Operations
2024,Q4,9,2024-07-27,2024-08-02,Central,Northland,MN,Minnesota,Package Services / Ground Adv,92.0,92.5,3.56,4558,2.2,NORMAL,Normal Network Operations
2024,Q4,9,2024-07-27,2024-08-02,Central,Northland,MN,Minnesota,Periodicals,90.0,89.7,5.48,2339,2.7,NORMAL,Normal Network Operations
2024,Q4,9,2024-07-27,2024-08-02,Central,Dakotas,ND,North Dakota,First-Class Mail (2-Day),95.0,94.7,2.25,16994,1.1,NORMAL,Normal Network Operations
2024,Q4,9,2024-07-27,2024-08-02,Central,Dakotas,ND,North Dakota,First-Class Mail (3-5 Day),93.0,90.8,4.4,12007,2.4,NORMAL,Normal Network Operations
2024,Q4,9,2024-07-27,2024-08-02,Central,Dakotas,ND,North Dakota,USPS Marketing Mail,95.0,93.9,4.81,11910,1.4,NORMAL,Normal Network Operations
2024,Q4,9,2024-07-27,2024-08-02,Central,Dakotas,ND,North Dakota,Package Services / Ground Adv,92.0,94.0,3.42,4754,1.3,NORMAL,Normal Network Operations
2024,Q4,9,2024-07-27,2024-08-02,Central,Dakotas,ND,North Dakota,Periodicals,90.0,91.8,5.26,2368,2.5,NORMAL,Normal Network Operations
2024,Q4,9,2024-07-27,2024-08-02,Central,Dakotas,SD,South Dakota,First-Class Mail (2-Day),95.0,92.8,2.6,16263,1.4,NORMAL,Normal Network Operations
2024,Q4,9,2024-07-27,2024-08-02,Central,Dakotas,SD,South Dakota,First-Class Mail (3-5 Day),93.0,91.4,4.37,11019,1.6,NORMAL,Normal Network Operations
2024,Q4,9,2024-07-27,2024-08-02,Central,Dakotas,SD,South Dakota,USPS Marketing Mail,95.0,95.2,4.54,11857,1.3,NORMAL,Normal Network Operations
2024,Q4,9,2024-07-27,2024-08-02,Central,Dakotas,SD,South Dakota,Package Services / Ground Adv,92.0,93.8,3.49,4196,1.1,NORMAL,Normal Network Operations
2024,Q4,9,2024-07-27,2024-08-02,Central,Dakotas,SD,South Dakota,Periodicals,90.0,89.4,5.53,2123,2.8,NORMAL,Normal Network Operations
2024,Q4,9,2024-07-27,2024-08-02,Central,Iowa/Nebraska,IA,Iowa,First-Class Mail (2-Day),95.0,93.7,2.5,16250,1.8,NORMAL,Normal Network Operations
2024,Q4,9,2024-07-27,2024-08-02,Central,Iowa/Nebraska,IA,Iowa,First-Class Mail (3-5 Day),93.0,91.8,4.18,11756,1.9,NORMAL,Normal Network Operations
2024,Q4,9,2024-07-27,2024-08-02,Central,Iowa/Nebraska,IA,Iowa,USPS Marketing Mail,95.0,95.8,4.53,11936,0.9,NORMAL,Normal Network Operations
2024,Q4,9,2024-07-27,2024-08-02,Central,Iowa/Nebraska,IA,Iowa,Package Services / Ground Adv,92.0,92.4,3.6,4147,2.2,NORMAL,Normal Network Operations
2024,Q4,9,2024-07-27,2024-08-02,Central,Iowa/Nebraska,IA,Iowa,Periodicals,90.0,91.8,5.43,2269,2.3,NORMAL,Normal Network Operations
2024,Q4,9,2024-07-27,2024-08-02,Central,Iowa/Nebraska,NE,Nebraska,First-Class Mail (2-Day),95.0,95.0,2.37,16277,1.5,NORMAL,Normal Network Operations
2024,Q4,9,2024-07-27,2024-08-02,Central,Iowa/Nebraska,NE,Nebraska,First-Class Mail (3-5 Day),93.0,91.8,4.35,11288,1.7,NORMAL,Normal Network Operations
2024,Q4,9,2024-07-27,2024-08-02,Central,Iowa/Nebraska,NE,Nebraska,USPS Marketing Mail,95.0,96.1,4.53,11464,0.8,NORMAL,Normal Network Operations
2024,Q4,9,2024-07-27,2024-08-02,Central,Iowa/Nebraska,NE,Nebraska,Package Services / Ground Adv,92.0,92.5,3.66,4542,1.5,NORMAL,Normal Network Operations
2024,Q4,9,2024-07-27,2024-08-02,Central,Iowa/Nebraska,NE,Nebraska,Periodicals,90.0,91.5,5.33,2182,2.5,NORMAL,Normal Network Operations
2024,Q4,9,2024-07-27,2024-08-02,Central,Kansas/Missouri,KS,Kansas,First-Class Mail (2-Day),95.0,94.0,2.32,16514,1.8,NORMAL,Normal Network Operations
2024,Q4,9,2024-07-27,2024-08-02,Central,Kansas/Missouri,KS,Kansas,First-Class Mail (3-5 Day),93.0,91.9,4.11,10490,1.7,NORMAL,Normal Network Operations
2024,Q4,9,2024-07-27,2024-08-02,Central,Kansas/Missouri,KS,Kansas,USPS Marketing Mail,95.0,94.7,4.55,10857,1.6,NORMAL,Normal Network Operations
2024,Q4,9,2024-07-27,2024-08-02,Central,Kansas/Missouri,KS,Kansas,Package Services / Ground Adv,92.0,92.8,3.6,4684,1.4,NORMAL,Normal Network Operations
2024,Q4,9,2024-07-27,2024-08-02,Central,Kansas/Missouri,KS,Kansas,Periodicals,90.0,89.7,5.47,2081,2.6,NORMAL,Normal Network Operations
2024,Q4,9,2024-07-27,2024-08-02,Central,Kansas/Missouri,MO,Missouri,First-Class Mail (2-Day),95.0,92.2,2.52,15910,2.5,NORMAL,Normal Network Operations
2024,Q4,9,2024-07-27,2024-08-02,Central,Kansas/Missouri,MO,Missouri,First-Class Mail (3-5 Day),93.0,91.3,4.2,12048,1.6,NORMAL,Normal Network Operations
2024,Q4,9,2024-07-27,2024-08-02,Central,Kansas/Missouri,MO,Missouri,USPS Marketing Mail,95.0,92.4,4.74,11066,1.7,NORMAL,Normal Network Operations
2024,Q4,9,2024-07-27,2024-08-02,Central,Kansas/Missouri,MO,Missouri,Package Services / Ground Adv,92.0,91.1,3.72,4841,2.5,NORMAL,Normal Network Operations
2024,Q4,9,2024-07-27,2024-08-02,Central,Kansas/Missouri,MO,Missouri,Periodicals,90.0,89.8,5.4,2336,2.0,NORMAL,Normal Network Operations
2024,Q4,9,2024-07-27,2024-08-02,Southern,Georgia (Atlanta),GA,Georgia,First-Class Mail (2-Day),95.0,78.4,3.22,15452,4.3,WARNING,RPDC Sorter Recovery In Progress
2024,Q4,9,2024-07-27,2024-08-02,Southern,Georgia (Atlanta),GA,Georgia,First-Class Mail (3-5 Day),93.0,74.9,4.98,11183,5.5,WARNING,RPDC Sorter Recovery In Progress
2024,Q4,9,2024-07-27,2024-08-02,Southern,Georgia (Atlanta),GA,Georgia,USPS Marketing Mail,95.0,75.2,5.76,11803,7.0,WARNING,RPDC Sorter Recovery In Progress
2024,Q4,9,2024-07-27,2024-08-02,Southern,Georgia (Atlanta),GA,Georgia,Package Services / Ground Adv,92.0,75.7,4.56,4511,4.9,WARNING,RPDC Sorter Recovery In Progress
2024,Q4,9,2024-07-27,2024-08-02,Southern,Georgia (Atlanta),GA,Georgia,Periodicals,90.0,72.7,6.24,2352,8.5,WARNING,RPDC Sorter Recovery In Progress
2024,Q4,9,2024-07-27,2024-08-02,Southern,Florida 1 (Central),FL,Florida,First-Class Mail (2-Day),95.0,92.3,2.6,62303,1.8,NORMAL,Normal Network Operations
2024,Q4,9,2024-07-27,2024-08-02,Southern,Florida 1 (Central),FL,Florida,First-Class Mail (3-5 Day),93.0,91.4,4.21,42903,2.5,NORMAL,Normal Network Operations
2024,Q4,9,2024-07-27,2024-08-02,Southern,Florida 1 (Central),FL,Florida,USPS Marketing Mail,95.0,93.8,4.63,45920,1.2,NORMAL,Normal Network Operations
2024,Q4,9,2024-07-27,2024-08-02,Southern,Florida 1 (Central),FL,Florida,Package Services / Ground Adv,92.0,91.7,3.53,19066,2.4,NORMAL,Normal Network Operations
2024,Q4,9,2024-07-27,2024-08-02,Southern,Florida 1 (Central),FL,Florida,Periodicals,90.0,89.3,5.53,8405,3.4,NORMAL,Normal Network Operations
2024,Q4,9,2024-07-27,2024-08-02,Southern,Alabama/Mississippi,AL,Alabama,First-Class Mail (2-Day),95.0,90.5,2.71,14896,2.1,NORMAL,Normal Network Operations
2024,Q4,9,2024-07-27,2024-08-02,Southern,Alabama/Mississippi,AL,Alabama,First-Class Mail (3-5 Day),93.0,88.8,4.26,10672,2.6,NORMAL,Normal Network Operations
2024,Q4,9,2024-07-27,2024-08-02,Southern,Alabama/Mississippi,AL,Alabama,USPS Marketing Mail,95.0,93.0,4.76,10810,1.5,NORMAL,Normal Network Operations
2024,Q4,9,2024-07-27,2024-08-02,Southern,Alabama/Mississippi,AL,Alabama,Package Services / Ground Adv,92.0,91.4,3.55,4229,2.3,NORMAL,Normal Network Operations
2024,Q4,9,2024-07-27,2024-08-02,Southern,Alabama/Mississippi,AL,Alabama,Periodicals,90.0,88.2,5.6,2214,2.2,NORMAL,Normal Network Operations
2024,Q4,9,2024-07-27,2024-08-02,Southern,Alabama/Mississippi,MS,Mississippi,First-Class Mail (2-Day),95.0,91.8,2.42,15414,2.5,NORMAL,Normal Network Operations
2024,Q4,9,2024-07-27,2024-08-02,Southern,Alabama/Mississippi,MS,Mississippi,First-Class Mail (3-5 Day),93.0,89.5,4.31,11577,3.3,NORMAL,Normal Network Operations
2024,Q4,9,2024-07-27,2024-08-02,Southern,Alabama/Mississippi,MS,Mississippi,USPS Marketing Mail,95.0,91.7,4.93,11578,1.8,NORMAL,Normal Network Operations
2024,Q4,9,2024-07-27,2024-08-02,Southern,Alabama/Mississippi,MS,Mississippi,Package Services / Ground Adv,92.0,90.2,3.77,4316,2.6,NORMAL,Normal Network Operations
2024,Q4,9,2024-07-27,2024-08-02,Southern,Alabama/Mississippi,MS,Mississippi,Periodicals,90.0,88.2,5.6,2174,2.1,NORMAL,Normal Network Operations
2024,Q4,9,2024-07-27,2024-08-02,Southern,Tennessee,TN,Tennessee,First-Class Mail (2-Day),95.0,92.0,2.4,15468,1.9,NORMAL,Normal Network Operations
2024,Q4,9,2024-07-27,2024-08-02,Southern,Tennessee,TN,Tennessee,First-Class Mail (3-5 Day),93.0,90.5,4.28,11506,1.8,NORMAL,Normal Network Operations
2024,Q4,9,2024-07-27,2024-08-02,Southern,Tennessee,TN,Tennessee,USPS Marketing Mail,95.0,94.6,4.57,11667,1.3,NORMAL,Normal Network Operations
2024,Q4,9,2024-07-27,2024-08-02,Southern,Tennessee,TN,Tennessee,Package Services / Ground Adv,92.0,92.8,3.65,4283,2.2,NORMAL,Normal Network Operations
2024,Q4,9,2024-07-27,2024-08-02,Southern,Tennessee,TN,Tennessee,Periodicals,90.0,88.9,5.6,2245,2.5,NORMAL,Normal Network Operations
2024,Q4,9,2024-07-27,2024-08-02,Southern,Kentucky,KY,Kentucky,First-Class Mail (2-Day),95.0,92.9,2.41,14586,1.8,NORMAL,Normal Network Operations
2024,Q4,9,2024-07-27,2024-08-02,Southern,Kentucky,KY,Kentucky,First-Class Mail (3-5 Day),93.0,89.4,4.38,10926,2.6,NORMAL,Normal Network Operations
2024,Q4,9,2024-07-27,2024-08-02,Southern,Kentucky,KY,Kentucky,USPS Marketing Mail,95.0,92.1,4.78,12035,2.1,NORMAL,Normal Network Operations
2024,Q4,9,2024-07-27,2024-08-02,Southern,Kentucky,KY,Kentucky,Package Services / Ground Adv,92.0,91.1,3.65,4178,2.1,NORMAL,Normal Network Operations
2024,Q4,9,2024-07-27,2024-08-02,Southern,Kentucky,KY,Kentucky,Periodicals,90.0,89.8,5.47,2167,3.2,NORMAL,Normal Network Operations
2024,Q4,9,2024-07-27,2024-08-02,Southern,Arkansas,AR,Arkansas,First-Class Mail (2-Day),95.0,93.4,2.33,15510,1.3,NORMAL,Normal Network Operations
2024,Q4,9,2024-07-27,2024-08-02,Southern,Arkansas,AR,Arkansas,First-Class Mail (3-5 Day),93.0,90.4,4.4,11294,2.7,NORMAL,Normal Network Operations
2024,Q4,9,2024-07-27,2024-08-02,Southern,Arkansas,AR,Arkansas,USPS Marketing Mail,95.0,94.3,4.79,10516,1.2,NORMAL,Normal Network Operations
2024,Q4,9,2024-07-27,2024-08-02,Southern,Arkansas,AR,Arkansas,Package Services / Ground Adv,92.0,93.1,3.63,4258,1.6,NORMAL,Normal Network Operations
2024,Q4,9,2024-07-27,2024-08-02,Southern,Arkansas,AR,Arkansas,Periodicals,90.0,89.2,5.45,2317,2.6,NORMAL,Normal Network Operations
2024,Q4,9,2024-07-27,2024-08-02,Southern,Louisiana,LA,Louisiana,First-Class Mail (2-Day),95.0,90.0,2.58,16236,2.8,NORMAL,Normal Network Operations
2024,Q4,9,2024-07-27,2024-08-02,Southern,Louisiana,LA,Louisiana,First-Class Mail (3-5 Day),93.0,88.3,4.48,11424,2.1,NORMAL,Normal Network Operations
2024,Q4,9,2024-07-27,2024-08-02,Southern,Louisiana,LA,Louisiana,USPS Marketing Mail,95.0,90.6,4.92,10932,2.6,NORMAL,Normal Network Operations
2024,Q4,9,2024-07-27,2024-08-02,Southern,Louisiana,LA,Louisiana,Package Services / Ground Adv,92.0,91.0,3.73,4670,2.8,NORMAL,Normal Network Operations
2024,Q4,9,2024-07-27,2024-08-02,Southern,Louisiana,LA,Louisiana,Periodicals,90.0,86.9,5.56,2123,2.6,NORMAL,Normal Network Operations
2024,Q4,9,2024-07-27,2024-08-02,Southern,Oklahoma,OK,Oklahoma,First-Class Mail (2-Day),95.0,93.9,2.55,15514,1.2,NORMAL,Normal Network Operations
2024,Q4,9,2024-07-27,2024-08-02,Southern,Oklahoma,OK,Oklahoma,First-Class Mail (3-5 Day),93.0,90.8,4.26,11848,1.7,NORMAL,Normal Network Operations
2024,Q4,9,2024-07-27,2024-08-02,Southern,Oklahoma,OK,Oklahoma,USPS Marketing Mail,95.0,92.9,4.9,10525,1.7,NORMAL,Normal Network Operations
2024,Q4,9,2024-07-27,2024-08-02,Southern,Oklahoma,OK,Oklahoma,Package Services / Ground Adv,92.0,91.3,3.63,4533,2.8,NORMAL,Normal Network Operations
2024,Q4,9,2024-07-27,2024-08-02,Southern,Oklahoma,OK,Oklahoma,Periodicals,90.0,88.7,5.44,2412,2.6,NORMAL,Normal Network Operations
2024,Q4,9,2024-07-27,2024-08-02,Southern,Texas 2 (Houston/Gulf),TX,Texas,First-Class Mail (2-Day),95.0,87.5,2.61,66162,3.3,NORMAL,Normal Network Operations
2024,Q4,9,2024-07-27,2024-08-02,Southern,Texas 2 (Houston/Gulf),TX,Texas,First-Class Mail (3-5 Day),93.0,83.0,4.67,47647,5.2,NORMAL,Normal Network Operations
2024,Q4,9,2024-07-27,2024-08-02,Southern,Texas 2 (Houston/Gulf),TX,Texas,USPS Marketing Mail,95.0,87.7,5.02,44354,3.3,NORMAL,Normal Network Operations
2024,Q4,9,2024-07-27,2024-08-02,Southern,Texas 2 (Houston/Gulf),TX,Texas,Package Services / Ground Adv,92.0,85.0,3.97,18763,3.8,NORMAL,Normal Network Operations
2024,Q4,9,2024-07-27,2024-08-02,Southern,Texas 2 (Houston/Gulf),TX,Texas,Periodicals,90.0,82.0,5.8,8534,3.7,NORMAL,Normal Network Operations
2024,Q4,9,2024-07-27,2024-08-02,WestPac,Washington,WA,Washington,First-Class Mail (2-Day),95.0,93.3,2.42,16619,1.7,NORMAL,Normal Network Operations
2024,Q4,9,2024-07-27,2024-08-02,WestPac,Washington,WA,Washington,First-Class Mail (3-5 Day),93.0,91.4,4.19,11466,2.1,NORMAL,Normal Network Operations
2024,Q4,9,2024-07-27,2024-08-02,WestPac,Washington,WA,Washington,USPS Marketing Mail,95.0,94.9,4.8,11800,1.5,NORMAL,Normal Network Operations
2024,Q4,9,2024-07-27,2024-08-02,WestPac,Washington,WA,Washington,Package Services / Ground Adv,92.0,91.1,3.69,4436,2.4,NORMAL,Normal Network Operations
2024,Q4,9,2024-07-27,2024-08-02,WestPac,Washington,WA,Washington,Periodicals,90.0,89.6,5.55,2105,3.0,NORMAL,Normal Network Operations
2024,Q4,9,2024-07-27,2024-08-02,WestPac,Oregon/Idaho,OR,Oregon,First-Class Mail (2-Day),95.0,93.5,2.31,15220,1.7,NORMAL,Normal Network Operations
2024,Q4,9,2024-07-27,2024-08-02,WestPac,Oregon/Idaho,OR,Oregon,First-Class Mail (3-5 Day),93.0,91.2,4.24,11035,1.9,NORMAL,Normal Network Operations
2024,Q4,9,2024-07-27,2024-08-02,WestPac,Oregon/Idaho,OR,Oregon,USPS Marketing Mail,95.0,93.7,4.63,12091,1.5,NORMAL,Normal Network Operations
2024,Q4,9,2024-07-27,2024-08-02,WestPac,Oregon/Idaho,OR,Oregon,Package Services / Ground Adv,92.0,93.6,3.62,4646,1.5,NORMAL,Normal Network Operations
2024,Q4,9,2024-07-27,2024-08-02,WestPac,Oregon/Idaho,OR,Oregon,Periodicals,90.0,90.7,5.35,2150,1.7,NORMAL,Normal Network Operations
2024,Q4,9,2024-07-27,2024-08-02,WestPac,California 1 (Bay Area),CA,California,First-Class Mail (2-Day),95.0,91.4,2.48,66411,2.6,NORMAL,Normal Network Operations
2024,Q4,9,2024-07-27,2024-08-02,WestPac,California 1 (Bay Area),CA,California,First-Class Mail (3-5 Day),93.0,90.4,4.23,47881,2.3,NORMAL,Normal Network Operations
2024,Q4,9,2024-07-27,2024-08-02,WestPac,California 1 (Bay Area),CA,California,USPS Marketing Mail,95.0,92.5,4.7,44095,1.4,NORMAL,Normal Network Operations
2024,Q4,9,2024-07-27,2024-08-02,WestPac,California 1 (Bay Area),CA,California,Package Services / Ground Adv,92.0,91.7,3.66,17525,2.4,NORMAL,Normal Network Operations
2024,Q4,9,2024-07-27,2024-08-02,WestPac,California 1 (Bay Area),CA,California,Periodicals,90.0,89.5,5.37,9681,3.3,NORMAL,Normal Network Operations
2024,Q4,9,2024-07-27,2024-08-02,WestPac,Nevada,NV,Nevada,First-Class Mail (2-Day),95.0,92.5,2.58,16509,2.0,NORMAL,Normal Network Operations
2024,Q4,9,2024-07-27,2024-08-02,WestPac,Nevada,NV,Nevada,First-Class Mail (3-5 Day),93.0,91.2,4.29,12109,1.7,NORMAL,Normal Network Operations
2024,Q4,9,2024-07-27,2024-08-02,WestPac,Nevada,NV,Nevada,USPS Marketing Mail,95.0,93.2,4.76,11137,2.1,NORMAL,Normal Network Operations
2024,Q4,9,2024-07-27,2024-08-02,WestPac,Nevada,NV,Nevada,Package Services / Ground Adv,92.0,91.2,3.66,4594,2.6,NORMAL,Normal Network Operations
2024,Q4,9,2024-07-27,2024-08-02,WestPac,Nevada,NV,Nevada,Periodicals,90.0,90.4,5.43,2163,2.9,NORMAL,Normal Network Operations
2024,Q4,9,2024-07-27,2024-08-02,WestPac,Oregon/Idaho,ID,Idaho,First-Class Mail (2-Day),95.0,94.1,2.33,14725,1.8,NORMAL,Normal Network Operations
2024,Q4,9,2024-07-27,2024-08-02,WestPac,Oregon/Idaho,ID,Idaho,First-Class Mail (3-5 Day),93.0,91.6,4.26,10400,2.3,NORMAL,Normal Network Operations
2024,Q4,9,2024-07-27,2024-08-02,WestPac,Oregon/Idaho,ID,Idaho,USPS Marketing Mail,95.0,95.3,4.54,11038,1.5,NORMAL,Normal Network Operations
2024,Q4,9,2024-07-27,2024-08-02,WestPac,Oregon/Idaho,ID,Idaho,Package Services / Ground Adv,92.0,93.6,3.52,4594,1.3,NORMAL,Normal Network Operations
2024,Q4,9,2024-07-27,2024-08-02,WestPac,Oregon/Idaho,ID,Idaho,Periodicals,90.0,90.2,5.51,2176,2.1,NORMAL,Normal Network Operations
2024,Q4,9,2024-07-27,2024-08-02,WestPac,Montana/Wyoming,MT,Montana,First-Class Mail (2-Day),95.0,94.6,2.46,16470,1.2,NORMAL,Normal Network Operations
2024,Q4,9,2024-07-27,2024-08-02,WestPac,Montana/Wyoming,MT,Montana,First-Class Mail (3-5 Day),93.0,92.9,4.11,12032,1.9,NORMAL,Normal Network Operations
2024,Q4,9,2024-07-27,2024-08-02,WestPac,Montana/Wyoming,MT,Montana,USPS Marketing Mail,95.0,95.6,4.66,10536,1.2,NORMAL,Normal Network Operations
2024,Q4,9,2024-07-27,2024-08-02,WestPac,Montana/Wyoming,MT,Montana,Package Services / Ground Adv,92.0,93.4,3.44,4343,1.7,NORMAL,Normal Network Operations
2024,Q4,9,2024-07-27,2024-08-02,WestPac,Montana/Wyoming,MT,Montana,Periodicals,90.0,91.9,5.32,2200,1.6,NORMAL,Normal Network Operations
2024,Q4,9,2024-07-27,2024-08-02,WestPac,Montana/Wyoming,WY,Wyoming,First-Class Mail (2-Day),95.0,95.1,2.36,14545,1.2,NORMAL,Normal Network Operations
2024,Q4,9,2024-07-27,2024-08-02,WestPac,Montana/Wyoming,WY,Wyoming,First-Class Mail (3-5 Day),93.0,91.1,4.15,11587,2.8,NORMAL,Normal Network Operations
2024,Q4,9,2024-07-27,2024-08-02,WestPac,Montana/Wyoming,WY,Wyoming,USPS Marketing Mail,95.0,94.8,4.79,11805,1.2,NORMAL,Normal Network Operations
2024,Q4,9,2024-07-27,2024-08-02,WestPac,Montana/Wyoming,WY,Wyoming,Package Services / Ground Adv,92.0,92.5,3.5,4548,1.4,NORMAL,Normal Network Operations
2024,Q4,9,2024-07-27,2024-08-02,WestPac,Montana/Wyoming,WY,Wyoming,Periodicals,90.0,91.1,5.49,2427,1.6,NORMAL,Normal Network Operations
2024,Q4,9,2024-07-27,2024-08-02,WestPac,Utah,UT,Utah,First-Class Mail (2-Day),95.0,94.1,2.42,14889,1.6,NORMAL,Normal Network Operations
2024,Q4,9,2024-07-27,2024-08-02,WestPac,Utah,UT,Utah,First-Class Mail (3-5 Day),93.0,92.5,4.11,10403,2.3,NORMAL,Normal Network Operations
2024,Q4,9,2024-07-27,2024-08-02,WestPac,Utah,UT,Utah,USPS Marketing Mail,95.0,93.8,4.63,11910,1.6,NORMAL,Normal Network Operations
2024,Q4,9,2024-07-27,2024-08-02,WestPac,Utah,UT,Utah,Package Services / Ground Adv,92.0,92.2,3.56,4298,1.6,NORMAL,Normal Network Operations
2024,Q4,9,2024-07-27,2024-08-02,WestPac,Utah,UT,Utah,Periodicals,90.0,91.1,5.3,2243,2.8,NORMAL,Normal Network Operations
2024,Q4,9,2024-07-27,2024-08-02,WestPac,Colorado,CO,Colorado,First-Class Mail (2-Day),95.0,94.5,2.4,15231,1.3,NORMAL,Normal Network Operations
2024,Q4,9,2024-07-27,2024-08-02,WestPac,Colorado,CO,Colorado,First-Class Mail (3-5 Day),93.0,91.8,4.23,11069,2.0,NORMAL,Normal Network Operations
2024,Q4,9,2024-07-27,2024-08-02,WestPac,Colorado,CO,Colorado,USPS Marketing Mail,95.0,93.5,4.79,11947,1.3,NORMAL,Normal Network Operations
2024,Q4,9,2024-07-27,2024-08-02,WestPac,Colorado,CO,Colorado,Package Services / Ground Adv,92.0,91.9,3.64,4691,1.9,NORMAL,Normal Network Operations
2024,Q4,9,2024-07-27,2024-08-02,WestPac,Colorado,CO,Colorado,Periodicals,90.0,89.4,5.57,2245,3.1,NORMAL,Normal Network Operations
2024,Q4,9,2024-07-27,2024-08-02,WestPac,Arizona/New Mexico,AZ,Arizona,First-Class Mail (2-Day),95.0,94.1,2.48,16546,1.4,NORMAL,Normal Network Operations
2024,Q4,9,2024-07-27,2024-08-02,WestPac,Arizona/New Mexico,AZ,Arizona,First-Class Mail (3-5 Day),93.0,91.3,4.23,11370,2.3,NORMAL,Normal Network Operations
2024,Q4,9,2024-07-27,2024-08-02,WestPac,Arizona/New Mexico,AZ,Arizona,USPS Marketing Mail,95.0,93.7,4.61,10651,1.7,NORMAL,Normal Network Operations
2024,Q4,9,2024-07-27,2024-08-02,WestPac,Arizona/New Mexico,AZ,Arizona,Package Services / Ground Adv,92.0,91.1,3.68,4351,2.2,NORMAL,Normal Network Operations
2024,Q4,9,2024-07-27,2024-08-02,WestPac,Arizona/New Mexico,AZ,Arizona,Periodicals,90.0,90.5,5.52,2196,2.6,NORMAL,Normal Network Operations
2024,Q4,9,2024-07-27,2024-08-02,WestPac,Arizona/New Mexico,NM,New Mexico,First-Class Mail (2-Day),95.0,91.7,2.48,16483,1.7,NORMAL,Normal Network Operations
2024,Q4,9,2024-07-27,2024-08-02,WestPac,Arizona/New Mexico,NM,New Mexico,First-Class Mail (3-5 Day),93.0,90.3,4.34,11019,1.8,NORMAL,Normal Network Operations
2024,Q4,9,2024-07-27,2024-08-02,WestPac,Arizona/New Mexico,NM,New Mexico,USPS Marketing Mail,95.0,94.3,4.65,10369,1.1,NORMAL,Normal Network Operations
2024,Q4,9,2024-07-27,2024-08-02,WestPac,Arizona/New Mexico,NM,New Mexico,Package Services / Ground Adv,92.0,91.4,3.72,4787,2.1,NORMAL,Normal Network Operations
2024,Q4,9,2024-07-27,2024-08-02,WestPac,Arizona/New Mexico,NM,New Mexico,Periodicals,90.0,89.4,5.47,2259,2.5,NORMAL,Normal Network Operations
2024,Q4,9,2024-07-27,2024-08-02,WestPac,Alaska,AK,Alaska,First-Class Mail (2-Day),95.0,88.8,2.7,16716,2.5,NORMAL,Normal Network Operations
2024,Q4,9,2024-07-27,2024-08-02,WestPac,Alaska,AK,Alaska,First-Class Mail (3-5 Day),93.0,88.5,4.5,11109,2.2,NORMAL,Normal Network Operations
2024,Q4,9,2024-07-27,2024-08-02,WestPac,Alaska,AK,Alaska,USPS Marketing Mail,95.0,91.2,4.81,10704,2.0,NORMAL,Normal Network Operations
2024,Q4,9,2024-07-27,2024-08-02,WestPac,Alaska,AK,Alaska,Package Services / Ground Adv,92.0,89.5,3.87,4443,2.6,NORMAL,Normal Network Operations
2024,Q4,9,2024-07-27,2024-08-02,WestPac,Alaska,AK,Alaska,Periodicals,90.0,85.4,5.6,2207,3.0,NORMAL,Normal Network Operations
2024,Q4,9,2024-07-27,2024-08-02,WestPac,Hawaii/Pacific,HI,Hawaii,First-Class Mail (2-Day),95.0,91.3,2.59,16647,1.9,NORMAL,Normal Network Operations
2024,Q4,9,2024-07-27,2024-08-02,WestPac,Hawaii/Pacific,HI,Hawaii,First-Class Mail (3-5 Day),93.0,90.1,4.25,11864,3.0,NORMAL,Normal Network Operations
2024,Q4,9,2024-07-27,2024-08-02,WestPac,Hawaii/Pacific,HI,Hawaii,USPS Marketing Mail,95.0,91.7,4.94,10420,2.5,NORMAL,Normal Network Operations
2024,Q4,9,2024-07-27,2024-08-02,WestPac,Hawaii/Pacific,HI,Hawaii,Package Services / Ground Adv,92.0,90.4,3.59,4717,1.8,NORMAL,Normal Network Operations
2024,Q4,9,2024-07-27,2024-08-02,WestPac,Hawaii/Pacific,HI,Hawaii,Periodicals,90.0,88.1,5.58,2214,2.6,NORMAL,Normal Network Operations
2024,Q4,10,2024-08-03,2024-08-09,Atlantic,Northern New England,ME,Maine,First-Class Mail (2-Day),95.0,93.9,2.45,15481,1.4,NORMAL,Normal Network Operations
2024,Q4,10,2024-08-03,2024-08-09,Atlantic,Northern New England,ME,Maine,First-Class Mail (3-5 Day),93.0,92.1,4.3,12090,1.9,NORMAL,Normal Network Operations
2024,Q4,10,2024-08-03,2024-08-09,Atlantic,Northern New England,ME,Maine,USPS Marketing Mail,95.0,93.7,4.76,10402,1.5,NORMAL,Normal Network Operations
2024,Q4,10,2024-08-03,2024-08-09,Atlantic,Northern New England,ME,Maine,Package Services / Ground Adv,92.0,91.7,3.52,4372,1.5,NORMAL,Normal Network Operations
2024,Q4,10,2024-08-03,2024-08-09,Atlantic,Northern New England,ME,Maine,Periodicals,90.0,90.8,5.29,2138,2.2,NORMAL,Normal Network Operations
2024,Q4,10,2024-08-03,2024-08-09,Atlantic,Northern New England,NH,New Hampshire,First-Class Mail (2-Day),95.0,94.5,2.5,16983,1.3,NORMAL,Normal Network Operations
2024,Q4,10,2024-08-03,2024-08-09,Atlantic,Northern New England,NH,New Hampshire,First-Class Mail (3-5 Day),93.0,92.3,4.14,11762,2.3,NORMAL,Normal Network Operations
2024,Q4,10,2024-08-03,2024-08-09,Atlantic,Northern New England,NH,New Hampshire,USPS Marketing Mail,95.0,93.4,4.63,10942,2.1,NORMAL,Normal Network Operations
2024,Q4,10,2024-08-03,2024-08-09,Atlantic,Northern New England,NH,New Hampshire,Package Services / Ground Adv,92.0,92.8,3.51,4262,2.1,NORMAL,Normal Network Operations
2024,Q4,10,2024-08-03,2024-08-09,Atlantic,Northern New England,NH,New Hampshire,Periodicals,90.0,89.1,5.36,2380,2.7,NORMAL,Normal Network Operations
2024,Q4,10,2024-08-03,2024-08-09,Atlantic,Northern New England,VT,Vermont,First-Class Mail (2-Day),95.0,94.7,2.51,15531,1.6,NORMAL,Normal Network Operations
2024,Q4,10,2024-08-03,2024-08-09,Atlantic,Northern New England,VT,Vermont,First-Class Mail (3-5 Day),93.0,91.8,4.23,11390,1.6,NORMAL,Normal Network Operations
2024,Q4,10,2024-08-03,2024-08-09,Atlantic,Northern New England,VT,Vermont,USPS Marketing Mail,95.0,95.3,4.6,11665,1.5,NORMAL,Normal Network Operations
2024,Q4,10,2024-08-03,2024-08-09,Atlantic,Northern New England,VT,Vermont,Package Services / Ground Adv,92.0,92.4,3.54,4199,1.6,NORMAL,Normal Network Operations
2024,Q4,10,2024-08-03,2024-08-09,Atlantic,Northern New England,VT,Vermont,Periodicals,90.0,90.7,5.42,2334,2.8,NORMAL,Normal Network Operations
2024,Q4,10,2024-08-03,2024-08-09,Atlantic,Boston,MA,Massachusetts,First-Class Mail (2-Day),95.0,91.7,2.66,14641,1.6,NORMAL,Normal Network Operations
2024,Q4,10,2024-08-03,2024-08-09,Atlantic,Boston,MA,Massachusetts,First-Class Mail (3-5 Day),93.0,89.0,4.45,10688,2.3,NORMAL,Normal Network Operations
2024,Q4,10,2024-08-03,2024-08-09,Atlantic,Boston,MA,Massachusetts,USPS Marketing Mail,95.0,92.3,4.82,11299,1.6,NORMAL,Normal Network Operations
2024,Q4,10,2024-08-03,2024-08-09,Atlantic,Boston,MA,Massachusetts,Package Services / Ground Adv,92.0,92.3,3.55,4466,2.2,NORMAL,Normal Network Operations
2024,Q4,10,2024-08-03,2024-08-09,Atlantic,Boston,MA,Massachusetts,Periodicals,90.0,88.1,5.62,2148,3.0,NORMAL,Normal Network Operations
2024,Q4,10,2024-08-03,2024-08-09,Atlantic,Boston,RI,Rhode Island,First-Class Mail (2-Day),95.0,92.6,2.58,15783,2.3,NORMAL,Normal Network Operations
2024,Q4,10,2024-08-03,2024-08-09,Atlantic,Boston,RI,Rhode Island,First-Class Mail (3-5 Day),93.0,91.4,4.19,10645,1.8,NORMAL,Normal Network Operations
2024,Q4,10,2024-08-03,2024-08-09,Atlantic,Boston,RI,Rhode Island,USPS Marketing Mail,95.0,93.2,4.8,10615,2.1,NORMAL,Normal Network Operations
2024,Q4,10,2024-08-03,2024-08-09,Atlantic,Boston,RI,Rhode Island,Package Services / Ground Adv,92.0,92.8,3.5,4783,2.0,NORMAL,Normal Network Operations
2024,Q4,10,2024-08-03,2024-08-09,Atlantic,Boston,RI,Rhode Island,Periodicals,90.0,88.6,5.53,2232,2.1,NORMAL,Normal Network Operations
2024,Q4,10,2024-08-03,2024-08-09,Atlantic,Connecticut,CT,Connecticut,First-Class Mail (2-Day),95.0,92.5,2.38,15577,2.3,NORMAL,Normal Network Operations
2024,Q4,10,2024-08-03,2024-08-09,Atlantic,Connecticut,CT,Connecticut,First-Class Mail (3-5 Day),93.0,90.1,4.31,10445,2.5,NORMAL,Normal Network Operations
2024,Q4,10,2024-08-03,2024-08-09,Atlantic,Connecticut,CT,Connecticut,USPS Marketing Mail,95.0,93.4,4.79,11667,1.3,NORMAL,Normal Network Operations
2024,Q4,10,2024-08-03,2024-08-09,Atlantic,Connecticut,CT,Connecticut,Package Services / Ground Adv,92.0,91.9,3.59,4567,1.8,NORMAL,Normal Network Operations
2024,Q4,10,2024-08-03,2024-08-09,Atlantic,Connecticut,CT,Connecticut,Periodicals,90.0,89.7,5.41,2315,2.6,NORMAL,Normal Network Operations
2024,Q4,10,2024-08-03,2024-08-09,Atlantic,New York 2 (Metro),NY,New York,First-Class Mail (2-Day),95.0,91.6,2.46,58495,2.6,NORMAL,Normal Network Operations
2024,Q4,10,2024-08-03,2024-08-09,Atlantic,New York 2 (Metro),NY,New York,First-Class Mail (3-5 Day),93.0,87.9,4.3,42127,2.6,NORMAL,Normal Network Operations
2024,Q4,10,2024-08-03,2024-08-09,Atlantic,New York 2 (Metro),NY,New York,USPS Marketing Mail,95.0,91.3,4.91,44221,2.3,NORMAL,Normal Network Operations
2024,Q4,10,2024-08-03,2024-08-09,Atlantic,New York 2 (Metro),NY,New York,Package Services / Ground Adv,92.0,89.2,3.86,17332,3.1,NORMAL,Normal Network Operations
2024,Q4,10,2024-08-03,2024-08-09,Atlantic,New York 2 (Metro),NY,New York,Periodicals,90.0,87.0,5.52,8694,3.8,NORMAL,Normal Network Operations
2024,Q4,10,2024-08-03,2024-08-09,Atlantic,New Jersey,NJ,New Jersey,First-Class Mail (2-Day),95.0,92.0,2.41,15758,2.3,NORMAL,Normal Network Operations
2024,Q4,10,2024-08-03,2024-08-09,Atlantic,New Jersey,NJ,New Jersey,First-Class Mail (3-5 Day),93.0,90.1,4.26,11982,2.4,NORMAL,Normal Network Operations
2024,Q4,10,2024-08-03,2024-08-09,Atlantic,New Jersey,NJ,New Jersey,USPS Marketing Mail,95.0,92.0,4.7,10687,1.8,NORMAL,Normal Network Operations
2024,Q4,10,2024-08-03,2024-08-09,Atlantic,New Jersey,NJ,New Jersey,Package Services / Ground Adv,92.0,91.8,3.49,4481,1.6,NORMAL,Normal Network Operations
2024,Q4,10,2024-08-03,2024-08-09,Atlantic,New Jersey,NJ,New Jersey,Periodicals,90.0,87.9,5.46,2097,2.5,NORMAL,Normal Network Operations
2024,Q4,10,2024-08-03,2024-08-09,Atlantic,Philadelphia,PA,Pennsylvania,First-Class Mail (2-Day),95.0,93.0,2.49,16933,2.1,NORMAL,Normal Network Operations
2024,Q4,10,2024-08-03,2024-08-09,Atlantic,Philadelphia,PA,Pennsylvania,First-Class Mail (3-5 Day),93.0,90.6,4.22,10546,2.3,NORMAL,Normal Network Operations
2024,Q4,10,2024-08-03,2024-08-09,Atlantic,Philadelphia,PA,Pennsylvania,USPS Marketing Mail,95.0,94.2,4.84,11853,1.5,NORMAL,Normal Network Operations
2024,Q4,10,2024-08-03,2024-08-09,Atlantic,Philadelphia,PA,Pennsylvania,Package Services / Ground Adv,92.0,91.7,3.53,4207,1.7,NORMAL,Normal Network Operations
2024,Q4,10,2024-08-03,2024-08-09,Atlantic,Philadelphia,PA,Pennsylvania,Periodicals,90.0,88.6,5.47,2334,3.2,NORMAL,Normal Network Operations
2024,Q4,10,2024-08-03,2024-08-09,Atlantic,Maryland/Delaware,DE,Delaware,First-Class Mail (2-Day),95.0,94.4,2.39,15408,1.2,NORMAL,Normal Network Operations
2024,Q4,10,2024-08-03,2024-08-09,Atlantic,Maryland/Delaware,DE,Delaware,First-Class Mail (3-5 Day),93.0,89.8,4.38,11954,2.3,NORMAL,Normal Network Operations
2024,Q4,10,2024-08-03,2024-08-09,Atlantic,Maryland/Delaware,DE,Delaware,USPS Marketing Mail,95.0,94.7,4.79,11422,1.6,NORMAL,Normal Network Operations
2024,Q4,10,2024-08-03,2024-08-09,Atlantic,Maryland/Delaware,DE,Delaware,Package Services / Ground Adv,92.0,91.3,3.71,4154,2.4,NORMAL,Normal Network Operations
2024,Q4,10,2024-08-03,2024-08-09,Atlantic,Maryland/Delaware,DE,Delaware,Periodicals,90.0,90.8,5.42,2120,2.8,NORMAL,Normal Network Operations
2024,Q4,10,2024-08-03,2024-08-09,Atlantic,Maryland/Delaware,MD,Maryland,First-Class Mail (2-Day),95.0,91.7,2.6,16942,1.8,NORMAL,Normal Network Operations
2024,Q4,10,2024-08-03,2024-08-09,Atlantic,Maryland/Delaware,MD,Maryland,First-Class Mail (3-5 Day),93.0,89.2,4.27,12068,3.1,NORMAL,Normal Network Operations
2024,Q4,10,2024-08-03,2024-08-09,Atlantic,Maryland/Delaware,MD,Maryland,USPS Marketing Mail,95.0,92.8,4.88,11571,2.3,NORMAL,Normal Network Operations
2024,Q4,10,2024-08-03,2024-08-09,Atlantic,Maryland/Delaware,MD,Maryland,Package Services / Ground Adv,92.0,91.7,3.75,4519,2.0,NORMAL,Normal Network Operations
2024,Q4,10,2024-08-03,2024-08-09,Atlantic,Maryland/Delaware,MD,Maryland,Periodicals,90.0,87.6,5.64,2210,3.4,NORMAL,Normal Network Operations
2024,Q4,10,2024-08-03,2024-08-09,Atlantic,Capital,DC,District of Columbia,First-Class Mail (2-Day),95.0,90.3,2.55,14593,3.1,NORMAL,Normal Network Operations
2024,Q4,10,2024-08-03,2024-08-09,Atlantic,Capital,DC,District of Columbia,First-Class Mail (3-5 Day),93.0,88.3,4.43,11130,2.7,NORMAL,Normal Network Operations
2024,Q4,10,2024-08-03,2024-08-09,Atlantic,Capital,DC,District of Columbia,USPS Marketing Mail,95.0,91.2,4.93,10869,2.8,NORMAL,Normal Network Operations
2024,Q4,10,2024-08-03,2024-08-09,Atlantic,Capital,DC,District of Columbia,Package Services / Ground Adv,92.0,90.6,3.74,4475,2.3,NORMAL,Normal Network Operations
2024,Q4,10,2024-08-03,2024-08-09,Atlantic,Capital,DC,District of Columbia,Periodicals,90.0,86.2,5.64,2309,4.4,NORMAL,Normal Network Operations
2024,Q4,10,2024-08-03,2024-08-09,Atlantic,Virginia,VA,Virginia,First-Class Mail (2-Day),95.0,92.3,2.58,14529,1.7,NORMAL,Normal Network Operations
2024,Q4,10,2024-08-03,2024-08-09,Atlantic,Virginia,VA,Virginia,First-Class Mail (3-5 Day),93.0,89.5,4.37,10445,2.3,NORMAL,Normal Network Operations
2024,Q4,10,2024-08-03,2024-08-09,Atlantic,Virginia,VA,Virginia,USPS Marketing Mail,95.0,93.1,4.8,10351,1.7,NORMAL,Normal Network Operations
2024,Q4,10,2024-08-03,2024-08-09,Atlantic,Virginia,VA,Virginia,Package Services / Ground Adv,92.0,91.2,3.6,4758,2.0,NORMAL,Normal Network Operations
2024,Q4,10,2024-08-03,2024-08-09,Atlantic,Virginia,VA,Virginia,Periodicals,90.0,89.7,5.34,2100,3.0,NORMAL,Normal Network Operations
2024,Q4,10,2024-08-03,2024-08-09,Atlantic,Appalachian,WV,West Virginia,First-Class Mail (2-Day),95.0,91.3,2.47,15964,2.8,NORMAL,Normal Network Operations
2024,Q4,10,2024-08-03,2024-08-09,Atlantic,Appalachian,WV,West Virginia,First-Class Mail (3-5 Day),93.0,88.7,4.37,10988,2.4,NORMAL,Normal Network Operations
2024,Q4,10,2024-08-03,2024-08-09,Atlantic,Appalachian,WV,West Virginia,USPS Marketing Mail,95.0,93.4,4.72,12090,1.8,NORMAL,Normal Network Operations
2024,Q4,10,2024-08-03,2024-08-09,Atlantic,Appalachian,WV,West Virginia,Package Services / Ground Adv,92.0,89.9,3.67,4363,2.2,NORMAL,Normal Network Operations
2024,Q4,10,2024-08-03,2024-08-09,Atlantic,Appalachian,WV,West Virginia,Periodicals,90.0,88.6,5.44,2278,3.1,NORMAL,Normal Network Operations
2024,Q4,10,2024-08-03,2024-08-09,Atlantic,North Carolina,NC,North Carolina,First-Class Mail (2-Day),95.0,92.9,2.37,15886,1.5,NORMAL,Normal Network Operations
2024,Q4,10,2024-08-03,2024-08-09,Atlantic,North Carolina,NC,North Carolina,First-Class Mail (3-5 Day),93.0,89.8,4.34,11480,2.0,NORMAL,Normal Network Operations
2024,Q4,10,2024-08-03,2024-08-09,Atlantic,North Carolina,NC,North Carolina,USPS Marketing Mail,95.0,93.4,4.85,11136,1.5,NORMAL,Normal Network Operations
2024,Q4,10,2024-08-03,2024-08-09,Atlantic,North Carolina,NC,North Carolina,Package Services / Ground Adv,92.0,90.6,3.63,4813,2.3,NORMAL,Normal Network Operations
2024,Q4,10,2024-08-03,2024-08-09,Atlantic,North Carolina,NC,North Carolina,Periodicals,90.0,89.5,5.42,2221,2.6,NORMAL,Normal Network Operations
2024,Q4,10,2024-08-03,2024-08-09,Atlantic,South Carolina,SC,South Carolina,First-Class Mail (2-Day),95.0,91.9,2.54,16902,1.5,NORMAL,Normal Network Operations
2024,Q4,10,2024-08-03,2024-08-09,Atlantic,South Carolina,SC,South Carolina,First-Class Mail (3-5 Day),93.0,89.7,4.36,10894,2.9,NORMAL,Normal Network Operations
2024,Q4,10,2024-08-03,2024-08-09,Atlantic,South Carolina,SC,South Carolina,USPS Marketing Mail,95.0,92.3,4.7,11327,1.9,NORMAL,Normal Network Operations
2024,Q4,10,2024-08-03,2024-08-09,Atlantic,South Carolina,SC,South Carolina,Package Services / Ground Adv,92.0,91.3,3.72,4422,1.9,NORMAL,Normal Network Operations
2024,Q4,10,2024-08-03,2024-08-09,Atlantic,South Carolina,SC,South Carolina,Periodicals,90.0,88.4,5.58,2384,2.1,NORMAL,Normal Network Operations
2024,Q4,10,2024-08-03,2024-08-09,Atlantic,Caribbean,PR,Puerto Rico,First-Class Mail (2-Day),95.0,89.1,2.54,16581,2.0,NORMAL,Normal Network Operations
2024,Q4,10,2024-08-03,2024-08-09,Atlantic,Caribbean,PR,Puerto Rico,First-Class Mail (3-5 Day),93.0,87.4,4.34,10873,2.9,NORMAL,Normal Network Operations
2024,Q4,10,2024-08-03,2024-08-09,Atlantic,Caribbean,PR,Puerto Rico,USPS Marketing Mail,95.0,90.0,4.8,11682,2.3,NORMAL,Normal Network Operations
2024,Q4,10,2024-08-03,2024-08-09,Atlantic,Caribbean,PR,Puerto Rico,Package Services / Ground Adv,92.0,88.6,3.66,4287,3.2,NORMAL,Normal Network Operations
2024,Q4,10,2024-08-03,2024-08-09,Atlantic,Caribbean,PR,Puerto Rico,Periodicals,90.0,84.8,5.67,2150,4.3,NORMAL,Normal Network Operations
2024,Q4,10,2024-08-03,2024-08-09,Central,Ohio 1 (Columbus),OH,Ohio,First-Class Mail (2-Day),95.0,93.6,2.38,15273,1.9,NORMAL,Normal Network Operations
2024,Q4,10,2024-08-03,2024-08-09,Central,Ohio 1 (Columbus),OH,Ohio,First-Class Mail (3-5 Day),93.0,92.2,4.2,11587,1.4,NORMAL,Normal Network Operations
2024,Q4,10,2024-08-03,2024-08-09,Central,Ohio 1 (Columbus),OH,Ohio,USPS Marketing Mail,95.0,93.1,4.79,10567,1.2,NORMAL,Normal Network Operations
2024,Q4,10,2024-08-03,2024-08-09,Central,Ohio 1 (Columbus),OH,Ohio,Package Services / Ground Adv,92.0,91.2,3.65,4739,1.8,NORMAL,Normal Network Operations
2024,Q4,10,2024-08-03,2024-08-09,Central,Ohio 1 (Columbus),OH,Ohio,Periodicals,90.0,89.6,5.33,2215,2.0,NORMAL,Normal Network Operations
2024,Q4,10,2024-08-03,2024-08-09,Central,Michigan 1 (Detroit),MI,Michigan,First-Class Mail (2-Day),95.0,93.6,2.53,15867,1.9,NORMAL,Normal Network Operations
2024,Q4,10,2024-08-03,2024-08-09,Central,Michigan 1 (Detroit),MI,Michigan,First-Class Mail (3-5 Day),93.0,91.0,4.36,11460,2.5,NORMAL,Normal Network Operations
2024,Q4,10,2024-08-03,2024-08-09,Central,Michigan 1 (Detroit),MI,Michigan,USPS Marketing Mail,95.0,93.0,4.68,11823,1.9,NORMAL,Normal Network Operations
2024,Q4,10,2024-08-03,2024-08-09,Central,Michigan 1 (Detroit),MI,Michigan,Package Services / Ground Adv,92.0,91.8,3.69,4533,1.7,NORMAL,Normal Network Operations
2024,Q4,10,2024-08-03,2024-08-09,Central,Michigan 1 (Detroit),MI,Michigan,Periodicals,90.0,88.8,5.52,2415,2.5,NORMAL,Normal Network Operations
2024,Q4,10,2024-08-03,2024-08-09,Central,Indiana,IN,Indiana,First-Class Mail (2-Day),95.0,93.6,2.41,16248,1.8,NORMAL,Normal Network Operations
2024,Q4,10,2024-08-03,2024-08-09,Central,Indiana,IN,Indiana,First-Class Mail (3-5 Day),93.0,90.5,4.27,10400,2.3,NORMAL,Normal Network Operations
2024,Q4,10,2024-08-03,2024-08-09,Central,Indiana,IN,Indiana,USPS Marketing Mail,95.0,94.3,4.57,10894,1.5,NORMAL,Normal Network Operations
2024,Q4,10,2024-08-03,2024-08-09,Central,Indiana,IN,Indiana,Package Services / Ground Adv,92.0,92.9,3.6,4170,2.2,NORMAL,Normal Network Operations
2024,Q4,10,2024-08-03,2024-08-09,Central,Indiana,IN,Indiana,Periodicals,90.0,91.1,5.35,2330,2.8,NORMAL,Normal Network Operations
2024,Q4,10,2024-08-03,2024-08-09,Central,Illinois 1 (Chicago),IL,Illinois,First-Class Mail (2-Day),95.0,90.3,2.56,16646,3.1,NORMAL,Normal Network Operations
2024,Q4,10,2024-08-03,2024-08-09,Central,Illinois 1 (Chicago),IL,Illinois,First-Class Mail (3-5 Day),93.0,88.6,4.44,11053,2.6,NORMAL,Normal Network Operations
2024,Q4,10,2024-08-03,2024-08-09,Central,Illinois 1 (Chicago),IL,Illinois,USPS Marketing Mail,95.0,90.6,4.85,11644,2.6,NORMAL,Normal Network Operations
2024,Q4,10,2024-08-03,2024-08-09,Central,Illinois 1 (Chicago),IL,Illinois,Package Services / Ground Adv,92.0,89.4,3.82,4340,3.0,NORMAL,Normal Network Operations
2024,Q4,10,2024-08-03,2024-08-09,Central,Illinois 1 (Chicago),IL,Illinois,Periodicals,90.0,87.9,5.49,2399,2.7,NORMAL,Normal Network Operations
2024,Q4,10,2024-08-03,2024-08-09,Central,Wisconsin,WI,Wisconsin,First-Class Mail (2-Day),95.0,94.2,2.4,16150,1.3,NORMAL,Normal Network Operations
2024,Q4,10,2024-08-03,2024-08-09,Central,Wisconsin,WI,Wisconsin,First-Class Mail (3-5 Day),93.0,91.9,4.29,11295,2.5,NORMAL,Normal Network Operations
2024,Q4,10,2024-08-03,2024-08-09,Central,Wisconsin,WI,Wisconsin,USPS Marketing Mail,95.0,93.8,4.85,10976,1.4,NORMAL,Normal Network Operations
2024,Q4,10,2024-08-03,2024-08-09,Central,Wisconsin,WI,Wisconsin,Package Services / Ground Adv,92.0,93.2,3.43,4753,1.6,NORMAL,Normal Network Operations
2024,Q4,10,2024-08-03,2024-08-09,Central,Wisconsin,WI,Wisconsin,Periodicals,90.0,89.6,5.33,2406,2.0,NORMAL,Normal Network Operations
2024,Q4,10,2024-08-03,2024-08-09,Central,Northland,MN,Minnesota,First-Class Mail (2-Day),95.0,93.3,2.58,16527,1.9,NORMAL,Normal Network Operations
2024,Q4,10,2024-08-03,2024-08-09,Central,Northland,MN,Minnesota,First-Class Mail (3-5 Day),93.0,91.8,4.33,10663,1.7,NORMAL,Normal Network Operations
2024,Q4,10,2024-08-03,2024-08-09,Central,Northland,MN,Minnesota,USPS Marketing Mail,95.0,95.1,4.64,10465,1.4,NORMAL,Normal Network Operations
2024,Q4,10,2024-08-03,2024-08-09,Central,Northland,MN,Minnesota,Package Services / Ground Adv,92.0,92.7,3.67,4192,1.4,NORMAL,Normal Network Operations
2024,Q4,10,2024-08-03,2024-08-09,Central,Northland,MN,Minnesota,Periodicals,90.0,90.5,5.48,2402,2.5,NORMAL,Normal Network Operations
2024,Q4,10,2024-08-03,2024-08-09,Central,Dakotas,ND,North Dakota,First-Class Mail (2-Day),95.0,93.8,2.39,16981,1.7,NORMAL,Normal Network Operations
2024,Q4,10,2024-08-03,2024-08-09,Central,Dakotas,ND,North Dakota,First-Class Mail (3-5 Day),93.0,92.2,4.14,11137,1.6,NORMAL,Normal Network Operations
2024,Q4,10,2024-08-03,2024-08-09,Central,Dakotas,ND,North Dakota,USPS Marketing Mail,95.0,94.5,4.6,11814,1.1,NORMAL,Normal Network Operations
2024,Q4,10,2024-08-03,2024-08-09,Central,Dakotas,ND,North Dakota,Package Services / Ground Adv,92.0,93.9,3.54,4592,1.3,NORMAL,Normal Network Operations
2024,Q4,10,2024-08-03,2024-08-09,Central,Dakotas,ND,North Dakota,Periodicals,90.0,91.1,5.44,2391,1.9,NORMAL,Normal Network Operations
2024,Q4,10,2024-08-03,2024-08-09,Central,Dakotas,SD,South Dakota,First-Class Mail (2-Day),95.0,93.6,2.45,14671,1.5,NORMAL,Normal Network Operations
2024,Q4,10,2024-08-03,2024-08-09,Central,Dakotas,SD,South Dakota,First-Class Mail (3-5 Day),93.0,90.9,4.38,11506,2.6,NORMAL,Normal Network Operations
2024,Q4,10,2024-08-03,2024-08-09,Central,Dakotas,SD,South Dakota,USPS Marketing Mail,95.0,94.7,4.7,11202,1.6,NORMAL,Normal Network Operations
2024,Q4,10,2024-08-03,2024-08-09,Central,Dakotas,SD,South Dakota,Package Services / Ground Adv,92.0,92.5,3.61,4239,2.0,NORMAL,Normal Network Operations
2024,Q4,10,2024-08-03,2024-08-09,Central,Dakotas,SD,South Dakota,Periodicals,90.0,89.4,5.41,2095,2.5,NORMAL,Normal Network Operations
2024,Q4,10,2024-08-03,2024-08-09,Central,Iowa/Nebraska,IA,Iowa,First-Class Mail (2-Day),95.0,93.5,2.39,14787,1.9,NORMAL,Normal Network Operations
2024,Q4,10,2024-08-03,2024-08-09,Central,Iowa/Nebraska,IA,Iowa,First-Class Mail (3-5 Day),93.0,91.7,4.18,10753,2.2,NORMAL,Normal Network Operations
2024,Q4,10,2024-08-03,2024-08-09,Central,Iowa/Nebraska,IA,Iowa,USPS Marketing Mail,95.0,96.4,4.53,11615,1.1,NORMAL,Normal Network Operations
2024,Q4,10,2024-08-03,2024-08-09,Central,Iowa/Nebraska,IA,Iowa,Package Services / Ground Adv,92.0,92.5,3.72,4193,2.3,NORMAL,Normal Network Operations
2024,Q4,10,2024-08-03,2024-08-09,Central,Iowa/Nebraska,IA,Iowa,Periodicals,90.0,91.2,5.47,2250,2.6,NORMAL,Normal Network Operations
2024,Q4,10,2024-08-03,2024-08-09,Central,Iowa/Nebraska,NE,Nebraska,First-Class Mail (2-Day),95.0,94.0,2.47,14769,1.1,NORMAL,Normal Network Operations
2024,Q4,10,2024-08-03,2024-08-09,Central,Iowa/Nebraska,NE,Nebraska,First-Class Mail (3-5 Day),93.0,91.9,4.16,10403,2.5,NORMAL,Normal Network Operations
2024,Q4,10,2024-08-03,2024-08-09,Central,Iowa/Nebraska,NE,Nebraska,USPS Marketing Mail,95.0,94.6,4.64,11726,1.2,NORMAL,Normal Network Operations
2024,Q4,10,2024-08-03,2024-08-09,Central,Iowa/Nebraska,NE,Nebraska,Package Services / Ground Adv,92.0,92.3,3.66,4805,2.0,NORMAL,Normal Network Operations
2024,Q4,10,2024-08-03,2024-08-09,Central,Iowa/Nebraska,NE,Nebraska,Periodicals,90.0,91.1,5.29,2096,2.7,NORMAL,Normal Network Operations
2024,Q4,10,2024-08-03,2024-08-09,Central,Kansas/Missouri,KS,Kansas,First-Class Mail (2-Day),95.0,94.8,2.43,16419,1.6,NORMAL,Normal Network Operations
2024,Q4,10,2024-08-03,2024-08-09,Central,Kansas/Missouri,KS,Kansas,First-Class Mail (3-5 Day),93.0,90.4,4.42,11426,3.0,NORMAL,Normal Network Operations
2024,Q4,10,2024-08-03,2024-08-09,Central,Kansas/Missouri,KS,Kansas,USPS Marketing Mail,95.0,94.8,4.69,12053,1.0,NORMAL,Normal Network Operations
2024,Q4,10,2024-08-03,2024-08-09,Central,Kansas/Missouri,KS,Kansas,Package Services / Ground Adv,92.0,92.1,3.48,4505,1.5,NORMAL,Normal Network Operations
2024,Q4,10,2024-08-03,2024-08-09,Central,Kansas/Missouri,KS,Kansas,Periodicals,90.0,90.6,5.33,2375,2.3,NORMAL,Normal Network Operations
2024,Q4,10,2024-08-03,2024-08-09,Central,Kansas/Missouri,MO,Missouri,First-Class Mail (2-Day),95.0,93.9,2.3,16439,1.1,NORMAL,Normal Network Operations
2024,Q4,10,2024-08-03,2024-08-09,Central,Kansas/Missouri,MO,Missouri,First-Class Mail (3-5 Day),93.0,91.3,4.35,11577,2.2,NORMAL,Normal Network Operations
2024,Q4,10,2024-08-03,2024-08-09,Central,Kansas/Missouri,MO,Missouri,USPS Marketing Mail,95.0,94.2,4.58,11728,1.5,NORMAL,Normal Network Operations
2024,Q4,10,2024-08-03,2024-08-09,Central,Kansas/Missouri,MO,Missouri,Package Services / Ground Adv,92.0,92.3,3.58,4239,1.8,NORMAL,Normal Network Operations
2024,Q4,10,2024-08-03,2024-08-09,Central,Kansas/Missouri,MO,Missouri,Periodicals,90.0,89.2,5.59,2202,3.3,NORMAL,Normal Network Operations
2024,Q4,10,2024-08-03,2024-08-09,Southern,Georgia (Atlanta),GA,Georgia,First-Class Mail (2-Day),95.0,82.8,2.86,15074,4.1,NORMAL,Normal Network Operations
2024,Q4,10,2024-08-03,2024-08-09,Southern,Georgia (Atlanta),GA,Georgia,First-Class Mail (3-5 Day),93.0,81.5,4.81,11949,3.9,NORMAL,Normal Network Operations
2024,Q4,10,2024-08-03,2024-08-09,Southern,Georgia (Atlanta),GA,Georgia,USPS Marketing Mail,95.0,85.0,5.3,10376,3.9,NORMAL,Normal Network Operations
2024,Q4,10,2024-08-03,2024-08-09,Southern,Georgia (Atlanta),GA,Georgia,Package Services / Ground Adv,92.0,83.0,3.95,4231,5.0,NORMAL,Normal Network Operations
2024,Q4,10,2024-08-03,2024-08-09,Southern,Georgia (Atlanta),GA,Georgia,Periodicals,90.0,79.2,5.91,2305,3.9,NORMAL,Normal Network Operations
2024,Q4,10,2024-08-03,2024-08-09,Southern,Florida 1 (Central),FL,Florida,First-Class Mail (2-Day),95.0,92.1,2.54,62785,1.7,NORMAL,Normal Network Operations
2024,Q4,10,2024-08-03,2024-08-09,Southern,Florida 1 (Central),FL,Florida,First-Class Mail (3-5 Day),93.0,89.6,4.27,45314,2.0,NORMAL,Normal Network Operations
2024,Q4,10,2024-08-03,2024-08-09,Southern,Florida 1 (Central),FL,Florida,USPS Marketing Mail,95.0,93.5,4.7,47988,1.8,NORMAL,Normal Network Operations
2024,Q4,10,2024-08-03,2024-08-09,Southern,Florida 1 (Central),FL,Florida,Package Services / Ground Adv,92.0,91.0,3.78,18807,2.5,NORMAL,Normal Network Operations
2024,Q4,10,2024-08-03,2024-08-09,Southern,Florida 1 (Central),FL,Florida,Periodicals,90.0,88.7,5.49,8665,3.1,NORMAL,Normal Network Operations
2024,Q4,10,2024-08-03,2024-08-09,Southern,Alabama/Mississippi,AL,Alabama,First-Class Mail (2-Day),95.0,92.0,2.39,16759,2.0,NORMAL,Normal Network Operations
2024,Q4,10,2024-08-03,2024-08-09,Southern,Alabama/Mississippi,AL,Alabama,First-Class Mail (3-5 Day),93.0,89.8,4.27,10716,2.7,NORMAL,Normal Network Operations
2024,Q4,10,2024-08-03,2024-08-09,Southern,Alabama/Mississippi,AL,Alabama,USPS Marketing Mail,95.0,91.4,4.77,11685,2.7,NORMAL,Normal Network Operations
2024,Q4,10,2024-08-03,2024-08-09,Southern,Alabama/Mississippi,AL,Alabama,Package Services / Ground Adv,92.0,89.8,3.81,4242,2.4,NORMAL,Normal Network Operations
2024,Q4,10,2024-08-03,2024-08-09,Southern,Alabama/Mississippi,AL,Alabama,Periodicals,90.0,89.1,5.5,2233,3.0,NORMAL,Normal Network Operations
2024,Q4,10,2024-08-03,2024-08-09,Southern,Alabama/Mississippi,MS,Mississippi,First-Class Mail (2-Day),95.0,90.0,2.49,15190,2.5,NORMAL,Normal Network Operations
2024,Q4,10,2024-08-03,2024-08-09,Southern,Alabama/Mississippi,MS,Mississippi,First-Class Mail (3-5 Day),93.0,88.4,4.28,10852,3.4,NORMAL,Normal Network Operations
2024,Q4,10,2024-08-03,2024-08-09,Southern,Alabama/Mississippi,MS,Mississippi,USPS Marketing Mail,95.0,92.0,4.91,11042,2.0,NORMAL,Normal Network Operations
2024,Q4,10,2024-08-03,2024-08-09,Southern,Alabama/Mississippi,MS,Mississippi,Package Services / Ground Adv,92.0,88.8,3.69,4450,2.3,NORMAL,Normal Network Operations
2024,Q4,10,2024-08-03,2024-08-09,Southern,Alabama/Mississippi,MS,Mississippi,Periodicals,90.0,86.3,5.61,2195,3.1,NORMAL,Normal Network Operations
2024,Q4,10,2024-08-03,2024-08-09,Southern,Tennessee,TN,Tennessee,First-Class Mail (2-Day),95.0,91.7,2.64,16815,2.2,NORMAL,Normal Network Operations
2024,Q4,10,2024-08-03,2024-08-09,Southern,Tennessee,TN,Tennessee,First-Class Mail (3-5 Day),93.0,91.6,4.26,11713,2.5,NORMAL,Normal Network Operations
2024,Q4,10,2024-08-03,2024-08-09,Southern,Tennessee,TN,Tennessee,USPS Marketing Mail,95.0,93.2,4.74,11119,2.0,NORMAL,Normal Network Operations
2024,Q4,10,2024-08-03,2024-08-09,Southern,Tennessee,TN,Tennessee,Package Services / Ground Adv,92.0,92.4,3.48,4218,2.2,NORMAL,Normal Network Operations
2024,Q4,10,2024-08-03,2024-08-09,Southern,Tennessee,TN,Tennessee,Periodicals,90.0,89.0,5.51,2379,3.1,NORMAL,Normal Network Operations
2024,Q4,10,2024-08-03,2024-08-09,Southern,Kentucky,KY,Kentucky,First-Class Mail (2-Day),95.0,93.5,2.46,15922,1.6,NORMAL,Normal Network Operations
2024,Q4,10,2024-08-03,2024-08-09,Southern,Kentucky,KY,Kentucky,First-Class Mail (3-5 Day),93.0,90.2,4.27,11692,2.0,NORMAL,Normal Network Operations
2024,Q4,10,2024-08-03,2024-08-09,Southern,Kentucky,KY,Kentucky,USPS Marketing Mail,95.0,94.2,4.57,11789,1.2,NORMAL,Normal Network Operations
2024,Q4,10,2024-08-03,2024-08-09,Southern,Kentucky,KY,Kentucky,Package Services / Ground Adv,92.0,92.5,3.52,4530,1.4,NORMAL,Normal Network Operations
2024,Q4,10,2024-08-03,2024-08-09,Southern,Kentucky,KY,Kentucky,Periodicals,90.0,88.5,5.52,2200,2.7,NORMAL,Normal Network Operations
2024,Q4,10,2024-08-03,2024-08-09,Southern,Arkansas,AR,Arkansas,First-Class Mail (2-Day),95.0,93.5,2.52,16022,1.9,NORMAL,Normal Network Operations
2024,Q4,10,2024-08-03,2024-08-09,Southern,Arkansas,AR,Arkansas,First-Class Mail (3-5 Day),93.0,90.0,4.27,10826,2.6,NORMAL,Normal Network Operations
2024,Q4,10,2024-08-03,2024-08-09,Southern,Arkansas,AR,Arkansas,USPS Marketing Mail,95.0,93.1,4.74,11189,1.7,NORMAL,Normal Network Operations
2024,Q4,10,2024-08-03,2024-08-09,Southern,Arkansas,AR,Arkansas,Package Services / Ground Adv,92.0,93.2,3.65,4296,1.7,NORMAL,Normal Network Operations
2024,Q4,10,2024-08-03,2024-08-09,Southern,Arkansas,AR,Arkansas,Periodicals,90.0,88.5,5.43,2289,3.6,NORMAL,Normal Network Operations
2024,Q4,10,2024-08-03,2024-08-09,Southern,Louisiana,LA,Louisiana,First-Class Mail (2-Day),95.0,90.4,2.51,16420,1.8,NORMAL,Normal Network Operations
2024,Q4,10,2024-08-03,2024-08-09,Southern,Louisiana,LA,Louisiana,First-Class Mail (3-5 Day),93.0,88.1,4.31,11484,3.6,NORMAL,Normal Network Operations
2024,Q4,10,2024-08-03,2024-08-09,Southern,Louisiana,LA,Louisiana,USPS Marketing Mail,95.0,90.8,4.75,10556,2.5,NORMAL,Normal Network Operations
2024,Q4,10,2024-08-03,2024-08-09,Southern,Louisiana,LA,Louisiana,Package Services / Ground Adv,92.0,88.7,3.88,4557,3.1,NORMAL,Normal Network Operations
2024,Q4,10,2024-08-03,2024-08-09,Southern,Louisiana,LA,Louisiana,Periodicals,90.0,86.2,5.49,2327,3.9,NORMAL,Normal Network Operations
2024,Q4,10,2024-08-03,2024-08-09,Southern,Oklahoma,OK,Oklahoma,First-Class Mail (2-Day),95.0,92.4,2.54,16650,1.6,NORMAL,Normal Network Operations
2024,Q4,10,2024-08-03,2024-08-09,Southern,Oklahoma,OK,Oklahoma,First-Class Mail (3-5 Day),93.0,90.4,4.32,10979,2.7,NORMAL,Normal Network Operations
2024,Q4,10,2024-08-03,2024-08-09,Southern,Oklahoma,OK,Oklahoma,USPS Marketing Mail,95.0,92.8,4.78,10776,1.7,NORMAL,Normal Network Operations
2024,Q4,10,2024-08-03,2024-08-09,Southern,Oklahoma,OK,Oklahoma,Package Services / Ground Adv,92.0,91.6,3.72,4439,1.9,NORMAL,Normal Network Operations
2024,Q4,10,2024-08-03,2024-08-09,Southern,Oklahoma,OK,Oklahoma,Periodicals,90.0,89.8,5.33,2187,3.1,NORMAL,Normal Network Operations
2024,Q4,10,2024-08-03,2024-08-09,Southern,Texas 2 (Houston/Gulf),TX,Texas,First-Class Mail (2-Day),95.0,87.1,2.74,64531,2.9,NORMAL,Normal Network Operations
2024,Q4,10,2024-08-03,2024-08-09,Southern,Texas 2 (Houston/Gulf),TX,Texas,First-Class Mail (3-5 Day),93.0,84.1,4.64,42554,5.0,NORMAL,Normal Network Operations
2024,Q4,10,2024-08-03,2024-08-09,Southern,Texas 2 (Houston/Gulf),TX,Texas,USPS Marketing Mail,95.0,86.1,5.22,41583,4.3,NORMAL,Normal Network Operations
2024,Q4,10,2024-08-03,2024-08-09,Southern,Texas 2 (Houston/Gulf),TX,Texas,Package Services / Ground Adv,92.0,85.7,3.93,18808,4.2,NORMAL,Normal Network Operations
2024,Q4,10,2024-08-03,2024-08-09,Southern,Texas 2 (Houston/Gulf),TX,Texas,Periodicals,90.0,82.9,5.73,8589,4.5,NORMAL,Normal Network Operations
2024,Q4,10,2024-08-03,2024-08-09,WestPac,Washington,WA,Washington,First-Class Mail (2-Day),95.0,86.4,2.76,17004,3.8,WATCH,Interstate Highway Closures & Regional Dispatch Reroutes
2024,Q4,10,2024-08-03,2024-08-09,WestPac,Washington,WA,Washington,First-Class Mail (3-5 Day),93.0,86.2,4.43,11256,4.3,WATCH,Interstate Highway Closures & Regional Dispatch Reroutes
2024,Q4,10,2024-08-03,2024-08-09,WestPac,Washington,WA,Washington,USPS Marketing Mail,95.0,89.1,5.02,11875,2.6,WATCH,Interstate Highway Closures & Regional Dispatch Reroutes
2024,Q4,10,2024-08-03,2024-08-09,WestPac,Washington,WA,Washington,Package Services / Ground Adv,92.0,86.2,3.91,4457,3.4,WATCH,Interstate Highway Closures & Regional Dispatch Reroutes
2024,Q4,10,2024-08-03,2024-08-09,WestPac,Washington,WA,Washington,Periodicals,90.0,86.2,5.54,2157,3.1,WATCH,Interstate Highway Closures & Regional Dispatch Reroutes
2024,Q4,10,2024-08-03,2024-08-09,WestPac,Oregon/Idaho,OR,Oregon,First-Class Mail (2-Day),95.0,87.8,2.79,14780,3.0,WATCH,Interstate Highway Closures & Regional Dispatch Reroutes
2024,Q4,10,2024-08-03,2024-08-09,WestPac,Oregon/Idaho,OR,Oregon,First-Class Mail (3-5 Day),93.0,87.9,4.38,10983,3.7,WATCH,Interstate Highway Closures & Regional Dispatch Reroutes
2024,Q4,10,2024-08-03,2024-08-09,WestPac,Oregon/Idaho,OR,Oregon,USPS Marketing Mail,95.0,90.6,4.91,11158,2.6,WATCH,Interstate Highway Closures & Regional Dispatch Reroutes
2024,Q4,10,2024-08-03,2024-08-09,WestPac,Oregon/Idaho,OR,Oregon,Package Services / Ground Adv,92.0,88.2,3.7,4527,3.5,WATCH,Interstate Highway Closures & Regional Dispatch Reroutes
2024,Q4,10,2024-08-03,2024-08-09,WestPac,Oregon/Idaho,OR,Oregon,Periodicals,90.0,84.4,5.6,2163,4.1,WATCH,Interstate Highway Closures & Regional Dispatch Reroutes
2024,Q4,10,2024-08-03,2024-08-09,WestPac,California 1 (Bay Area),CA,California,First-Class Mail (2-Day),95.0,87.2,2.73,67871,2.5,WATCH,Interstate Highway Closures & Regional Dispatch Reroutes
2024,Q4,10,2024-08-03,2024-08-09,WestPac,California 1 (Bay Area),CA,California,First-Class Mail (3-5 Day),93.0,85.1,4.67,47710,4.3,WATCH,Interstate Highway Closures & Regional Dispatch Reroutes
2024,Q4,10,2024-08-03,2024-08-09,WestPac,California 1 (Bay Area),CA,California,USPS Marketing Mail,95.0,88.3,5.01,48096,2.5,WATCH,Interstate Highway Closures & Regional Dispatch Reroutes
2024,Q4,10,2024-08-03,2024-08-09,WestPac,California 1 (Bay Area),CA,California,Package Services / Ground Adv,92.0,84.6,3.97,18547,2.8,WATCH,Interstate Highway Closures & Regional Dispatch Reroutes
2024,Q4,10,2024-08-03,2024-08-09,WestPac,California 1 (Bay Area),CA,California,Periodicals,90.0,81.5,5.95,9582,5.6,WATCH,Interstate Highway Closures & Regional Dispatch Reroutes
2024,Q4,10,2024-08-03,2024-08-09,WestPac,Nevada,NV,Nevada,First-Class Mail (2-Day),95.0,92.9,2.49,16284,1.7,NORMAL,Normal Network Operations
2024,Q4,10,2024-08-03,2024-08-09,WestPac,Nevada,NV,Nevada,First-Class Mail (3-5 Day),93.0,90.1,4.42,11414,3.0,NORMAL,Normal Network Operations
2024,Q4,10,2024-08-03,2024-08-09,WestPac,Nevada,NV,Nevada,USPS Marketing Mail,95.0,94.3,4.58,11679,1.8,NORMAL,Normal Network Operations
2024,Q4,10,2024-08-03,2024-08-09,WestPac,Nevada,NV,Nevada,Package Services / Ground Adv,92.0,91.9,3.6,4463,2.0,NORMAL,Normal Network Operations
2024,Q4,10,2024-08-03,2024-08-09,WestPac,Nevada,NV,Nevada,Periodicals,90.0,90.5,5.38,2118,2.1,NORMAL,Normal Network Operations
2024,Q4,10,2024-08-03,2024-08-09,WestPac,Oregon/Idaho,ID,Idaho,First-Class Mail (2-Day),95.0,93.2,2.57,16850,2.0,NORMAL,Normal Network Operations
2024,Q4,10,2024-08-03,2024-08-09,WestPac,Oregon/Idaho,ID,Idaho,First-Class Mail (3-5 Day),93.0,90.8,4.3,11015,2.8,NORMAL,Normal Network Operations
2024,Q4,10,2024-08-03,2024-08-09,WestPac,Oregon/Idaho,ID,Idaho,USPS Marketing Mail,95.0,95.2,4.64,11265,1.1,NORMAL,Normal Network Operations
2024,Q4,10,2024-08-03,2024-08-09,WestPac,Oregon/Idaho,ID,Idaho,Package Services / Ground Adv,92.0,93.2,3.45,4354,2.1,NORMAL,Normal Network Operations
2024,Q4,10,2024-08-03,2024-08-09,WestPac,Oregon/Idaho,ID,Idaho,Periodicals,90.0,90.1,5.52,2278,2.6,NORMAL,Normal Network Operations
2024,Q4,10,2024-08-03,2024-08-09,WestPac,Montana/Wyoming,MT,Montana,First-Class Mail (2-Day),95.0,95.3,2.3,15292,1.1,NORMAL,Normal Network Operations
2024,Q4,10,2024-08-03,2024-08-09,WestPac,Montana/Wyoming,MT,Montana,First-Class Mail (3-5 Day),93.0,91.5,4.32,11672,1.7,NORMAL,Normal Network Operations
2024,Q4,10,2024-08-03,2024-08-09,WestPac,Montana/Wyoming,MT,Montana,USPS Marketing Mail,95.0,96.5,4.6,11385,0.7,NORMAL,Normal Network Operations
2024,Q4,10,2024-08-03,2024-08-09,WestPac,Montana/Wyoming,MT,Montana,Package Services / Ground Adv,92.0,93.8,3.47,4225,1.2,NORMAL,Normal Network Operations
2024,Q4,10,2024-08-03,2024-08-09,WestPac,Montana/Wyoming,MT,Montana,Periodicals,90.0,90.5,5.49,2173,2.3,NORMAL,Normal Network Operations
2024,Q4,10,2024-08-03,2024-08-09,WestPac,Montana/Wyoming,WY,Wyoming,First-Class Mail (2-Day),95.0,95.3,2.42,16819,1.5,NORMAL,Normal Network Operations
2024,Q4,10,2024-08-03,2024-08-09,WestPac,Montana/Wyoming,WY,Wyoming,First-Class Mail (3-5 Day),93.0,92.5,4.11,11859,1.5,NORMAL,Normal Network Operations
2024,Q4,10,2024-08-03,2024-08-09,WestPac,Montana/Wyoming,WY,Wyoming,USPS Marketing Mail,95.0,95.7,4.74,12077,0.8,NORMAL,Normal Network Operations
2024,Q4,10,2024-08-03,2024-08-09,WestPac,Montana/Wyoming,WY,Wyoming,Package Services / Ground Adv,92.0,93.4,3.41,4739,1.9,NORMAL,Normal Network Operations
2024,Q4,10,2024-08-03,2024-08-09,WestPac,Montana/Wyoming,WY,Wyoming,Periodicals,90.0,89.7,5.55,2275,2.1,NORMAL,Normal Network Operations
2024,Q4,10,2024-08-03,2024-08-09,WestPac,Utah,UT,Utah,First-Class Mail (2-Day),95.0,94.7,2.47,15233,1.3,NORMAL,Normal Network Operations
2024,Q4,10,2024-08-03,2024-08-09,WestPac,Utah,UT,Utah,First-Class Mail (3-5 Day),93.0,91.0,4.36,11149,2.5,NORMAL,Normal Network Operations
2024,Q4,10,2024-08-03,2024-08-09,WestPac,Utah,UT,Utah,USPS Marketing Mail,95.0,94.7,4.78,12137,1.1,NORMAL,Normal Network Operations
2024,Q4,10,2024-08-03,2024-08-09,WestPac,Utah,UT,Utah,Package Services / Ground Adv,92.0,93.7,3.49,4196,1.2,NORMAL,Normal Network Operations
2024,Q4,10,2024-08-03,2024-08-09,WestPac,Utah,UT,Utah,Periodicals,90.0,91.3,5.3,2252,2.5,NORMAL,Normal Network Operations
2024,Q4,10,2024-08-03,2024-08-09,WestPac,Colorado,CO,Colorado,First-Class Mail (2-Day),95.0,92.9,2.47,16448,1.9,NORMAL,Normal Network Operations
2024,Q4,10,2024-08-03,2024-08-09,WestPac,Colorado,CO,Colorado,First-Class Mail (3-5 Day),93.0,91.7,4.34,11130,1.9,NORMAL,Normal Network Operations
2024,Q4,10,2024-08-03,2024-08-09,WestPac,Colorado,CO,Colorado,USPS Marketing Mail,95.0,95.2,4.61,11864,1.4,NORMAL,Normal Network Operations
2024,Q4,10,2024-08-03,2024-08-09,WestPac,Colorado,CO,Colorado,Package Services / Ground Adv,92.0,92.8,3.45,4596,2.2,NORMAL,Normal Network Operations
2024,Q4,10,2024-08-03,2024-08-09,WestPac,Colorado,CO,Colorado,Periodicals,90.0,88.7,5.45,2409,2.3,NORMAL,Normal Network Operations
2024,Q4,10,2024-08-03,2024-08-09,WestPac,Arizona/New Mexico,AZ,Arizona,First-Class Mail (2-Day),95.0,93.6,2.34,16540,1.4,NORMAL,Normal Network Operations
2024,Q4,10,2024-08-03,2024-08-09,WestPac,Arizona/New Mexico,AZ,Arizona,First-Class Mail (3-5 Day),93.0,91.6,4.15,11926,1.8,NORMAL,Normal Network Operations
2024,Q4,10,2024-08-03,2024-08-09,WestPac,Arizona/New Mexico,AZ,Arizona,USPS Marketing Mail,95.0,95.1,4.73,10355,1.5,NORMAL,Normal Network Operations
2024,Q4,10,2024-08-03,2024-08-09,WestPac,Arizona/New Mexico,AZ,Arizona,Package Services / Ground Adv,92.0,91.2,3.58,4268,2.3,NORMAL,Normal Network Operations
2024,Q4,10,2024-08-03,2024-08-09,WestPac,Arizona/New Mexico,AZ,Arizona,Periodicals,90.0,89.5,5.41,2280,2.3,NORMAL,Normal Network Operations
2024,Q4,10,2024-08-03,2024-08-09,WestPac,Arizona/New Mexico,NM,New Mexico,First-Class Mail (2-Day),95.0,93.1,2.5,14943,1.7,NORMAL,Normal Network Operations
2024,Q4,10,2024-08-03,2024-08-09,WestPac,Arizona/New Mexico,NM,New Mexico,First-Class Mail (3-5 Day),93.0,90.1,4.25,11223,2.1,NORMAL,Normal Network Operations
2024,Q4,10,2024-08-03,2024-08-09,WestPac,Arizona/New Mexico,NM,New Mexico,USPS Marketing Mail,95.0,94.3,4.66,11215,1.3,NORMAL,Normal Network Operations
2024,Q4,10,2024-08-03,2024-08-09,WestPac,Arizona/New Mexico,NM,New Mexico,Package Services / Ground Adv,92.0,90.8,3.78,4683,1.8,NORMAL,Normal Network Operations
2024,Q4,10,2024-08-03,2024-08-09,WestPac,Arizona/New Mexico,NM,New Mexico,Periodicals,90.0,88.8,5.43,2308,3.5,NORMAL,Normal Network Operations
2024,Q4,10,2024-08-03,2024-08-09,WestPac,Alaska,AK,Alaska,First-Class Mail (2-Day),95.0,88.9,2.62,14776,2.7,NORMAL,Normal Network Operations
2024,Q4,10,2024-08-03,2024-08-09,WestPac,Alaska,AK,Alaska,First-Class Mail (3-5 Day),93.0,88.1,4.48,11220,3.3,NORMAL,Normal Network Operations
2024,Q4,10,2024-08-03,2024-08-09,WestPac,Alaska,AK,Alaska,USPS Marketing Mail,95.0,91.3,4.83,10772,2.2,NORMAL,Normal Network Operations
2024,Q4,10,2024-08-03,2024-08-09,WestPac,Alaska,AK,Alaska,Package Services / Ground Adv,92.0,88.3,3.91,4703,2.9,NORMAL,Normal Network Operations
2024,Q4,10,2024-08-03,2024-08-09,WestPac,Alaska,AK,Alaska,Periodicals,90.0,85.2,5.59,2184,4.3,NORMAL,Normal Network Operations
2024,Q4,10,2024-08-03,2024-08-09,WestPac,Hawaii/Pacific,HI,Hawaii,First-Class Mail (2-Day),95.0,90.8,2.55,16789,2.2,NORMAL,Normal Network Operations
2024,Q4,10,2024-08-03,2024-08-09,WestPac,Hawaii/Pacific,HI,Hawaii,First-Class Mail (3-5 Day),93.0,88.3,4.36,11823,3.3,NORMAL,Normal Network Operations
2024,Q4,10,2024-08-03,2024-08-09,WestPac,Hawaii/Pacific,HI,Hawaii,USPS Marketing Mail,95.0,91.4,4.86,10649,2.0,NORMAL,Normal Network Operations
2024,Q4,10,2024-08-03,2024-08-09,WestPac,Hawaii/Pacific,HI,Hawaii,Package Services / Ground Adv,92.0,89.4,3.87,4581,2.8,NORMAL,Normal Network Operations
2024,Q4,10,2024-08-03,2024-08-09,WestPac,Hawaii/Pacific,HI,Hawaii,Periodicals,90.0,87.2,5.43,2330,3.4,NORMAL,Normal Network Operations
2024,Q4,11,2024-08-10,2024-08-16,Atlantic,Northern New England,ME,Maine,First-Class Mail (2-Day),95.0,94.5,2.45,16788,1.1,NORMAL,Normal Network Operations
2024,Q4,11,2024-08-10,2024-08-16,Atlantic,Northern New England,ME,Maine,First-Class Mail (3-5 Day),93.0,92.2,4.25,11283,2.0,NORMAL,Normal Network Operations
2024,Q4,11,2024-08-10,2024-08-16,Atlantic,Northern New England,ME,Maine,USPS Marketing Mail,95.0,94.3,4.61,11314,1.2,NORMAL,Normal Network Operations
2024,Q4,11,2024-08-10,2024-08-16,Atlantic,Northern New England,ME,Maine,Package Services / Ground Adv,92.0,93.7,3.61,4795,1.3,NORMAL,Normal Network Operations
2024,Q4,11,2024-08-10,2024-08-16,Atlantic,Northern New England,ME,Maine,Periodicals,90.0,89.9,5.48,2408,2.1,NORMAL,Normal Network Operations
2024,Q4,11,2024-08-10,2024-08-16,Atlantic,Northern New England,NH,New Hampshire,First-Class Mail (2-Day),95.0,92.4,2.61,14748,1.4,NORMAL,Normal Network Operations
2024,Q4,11,2024-08-10,2024-08-16,Atlantic,Northern New England,NH,New Hampshire,First-Class Mail (3-5 Day),93.0,91.1,4.17,10892,2.2,NORMAL,Normal Network Operations
2024,Q4,11,2024-08-10,2024-08-16,Atlantic,Northern New England,NH,New Hampshire,USPS Marketing Mail,95.0,93.7,4.66,10840,1.8,NORMAL,Normal Network Operations
2024,Q4,11,2024-08-10,2024-08-16,Atlantic,Northern New England,NH,New Hampshire,Package Services / Ground Adv,92.0,91.6,3.68,4234,2.4,NORMAL,Normal Network Operations
2024,Q4,11,2024-08-10,2024-08-16,Atlantic,Northern New England,NH,New Hampshire,Periodicals,90.0,90.6,5.27,2096,2.0,NORMAL,Normal Network Operations
2024,Q4,11,2024-08-10,2024-08-16,Atlantic,Northern New England,VT,Vermont,First-Class Mail (2-Day),95.0,94.6,2.36,14527,1.5,NORMAL,Normal Network Operations
2024,Q4,11,2024-08-10,2024-08-16,Atlantic,Northern New England,VT,Vermont,First-Class Mail (3-5 Day),93.0,92.7,4.09,11674,1.9,NORMAL,Normal Network Operations
2024,Q4,11,2024-08-10,2024-08-16,Atlantic,Northern New England,VT,Vermont,USPS Marketing Mail,95.0,95.6,4.66,10911,0.9,NORMAL,Normal Network Operations
2024,Q4,11,2024-08-10,2024-08-16,Atlantic,Northern New England,VT,Vermont,Package Services / Ground Adv,92.0,92.7,3.45,4337,1.8,NORMAL,Normal Network Operations
2024,Q4,11,2024-08-10,2024-08-16,Atlantic,Northern New England,VT,Vermont,Periodicals,90.0,89.9,5.46,2239,2.2,NORMAL,Normal Network Operations
2024,Q4,11,2024-08-10,2024-08-16,Atlantic,Boston,MA,Massachusetts,First-Class Mail (2-Day),95.0,91.9,2.65,15903,1.6,NORMAL,Normal Network Operations
2024,Q4,11,2024-08-10,2024-08-16,Atlantic,Boston,MA,Massachusetts,First-Class Mail (3-5 Day),93.0,90.2,4.31,10790,3.0,NORMAL,Normal Network Operations
2024,Q4,11,2024-08-10,2024-08-16,Atlantic,Boston,MA,Massachusetts,USPS Marketing Mail,95.0,92.0,4.79,11020,2.0,NORMAL,Normal Network Operations
2024,Q4,11,2024-08-10,2024-08-16,Atlantic,Boston,MA,Massachusetts,Package Services / Ground Adv,92.0,91.5,3.57,4842,1.7,NORMAL,Normal Network Operations
2024,Q4,11,2024-08-10,2024-08-16,Atlantic,Boston,MA,Massachusetts,Periodicals,90.0,88.7,5.44,2272,2.4,NORMAL,Normal Network Operations
2024,Q4,11,2024-08-10,2024-08-16,Atlantic,Boston,RI,Rhode Island,First-Class Mail (2-Day),95.0,93.2,2.54,16949,1.5,NORMAL,Normal Network Operations
2024,Q4,11,2024-08-10,2024-08-16,Atlantic,Boston,RI,Rhode Island,First-Class Mail (3-5 Day),93.0,89.7,4.43,11231,2.1,NORMAL,Normal Network Operations
2024,Q4,11,2024-08-10,2024-08-16,Atlantic,Boston,RI,Rhode Island,USPS Marketing Mail,95.0,93.1,4.79,11202,1.4,NORMAL,Normal Network Operations
2024,Q4,11,2024-08-10,2024-08-16,Atlantic,Boston,RI,Rhode Island,Package Services / Ground Adv,92.0,92.4,3.52,4692,2.0,NORMAL,Normal Network Operations
2024,Q4,11,2024-08-10,2024-08-16,Atlantic,Boston,RI,Rhode Island,Periodicals,90.0,88.8,5.43,2124,2.5,NORMAL,Normal Network Operations
2024,Q4,11,2024-08-10,2024-08-16,Atlantic,Connecticut,CT,Connecticut,First-Class Mail (2-Day),95.0,92.7,2.45,14504,1.9,NORMAL,Normal Network Operations
2024,Q4,11,2024-08-10,2024-08-16,Atlantic,Connecticut,CT,Connecticut,First-Class Mail (3-5 Day),93.0,91.4,4.32,11332,2.5,NORMAL,Normal Network Operations
2024,Q4,11,2024-08-10,2024-08-16,Atlantic,Connecticut,CT,Connecticut,USPS Marketing Mail,95.0,93.5,4.69,11625,1.8,NORMAL,Normal Network Operations
2024,Q4,11,2024-08-10,2024-08-16,Atlantic,Connecticut,CT,Connecticut,Package Services / Ground Adv,92.0,92.1,3.74,4198,2.4,NORMAL,Normal Network Operations
2024,Q4,11,2024-08-10,2024-08-16,Atlantic,Connecticut,CT,Connecticut,Periodicals,90.0,88.7,5.45,2342,3.1,NORMAL,Normal Network Operations
2024,Q4,11,2024-08-10,2024-08-16,Atlantic,New York 2 (Metro),NY,New York,First-Class Mail (2-Day),95.0,90.4,2.5,62371,2.7,NORMAL,Normal Network Operations
2024,Q4,11,2024-08-10,2024-08-16,Atlantic,New York 2 (Metro),NY,New York,First-Class Mail (3-5 Day),93.0,90.1,4.29,42629,1.8,NORMAL,Normal Network Operations
2024,Q4,11,2024-08-10,2024-08-16,Atlantic,New York 2 (Metro),NY,New York,USPS Marketing Mail,95.0,92.7,4.85,45339,1.8,NORMAL,Normal Network Operations
2024,Q4,11,2024-08-10,2024-08-16,Atlantic,New York 2 (Metro),NY,New York,Package Services / Ground Adv,92.0,90.0,3.7,17407,2.2,NORMAL,Normal Network Operations
2024,Q4,11,2024-08-10,2024-08-16,Atlantic,New York 2 (Metro),NY,New York,Periodicals,90.0,88.7,5.49,9165,3.1,NORMAL,Normal Network Operations
2024,Q4,11,2024-08-10,2024-08-16,Atlantic,New Jersey,NJ,New Jersey,First-Class Mail (2-Day),95.0,91.5,2.44,15808,2.3,NORMAL,Normal Network Operations
2024,Q4,11,2024-08-10,2024-08-16,Atlantic,New Jersey,NJ,New Jersey,First-Class Mail (3-5 Day),93.0,88.9,4.43,11284,3.0,NORMAL,Normal Network Operations
2024,Q4,11,2024-08-10,2024-08-16,Atlantic,New Jersey,NJ,New Jersey,USPS Marketing Mail,95.0,92.0,4.93,12018,2.0,NORMAL,Normal Network Operations
2024,Q4,11,2024-08-10,2024-08-16,Atlantic,New Jersey,NJ,New Jersey,Package Services / Ground Adv,92.0,91.3,3.55,4517,2.6,NORMAL,Normal Network Operations
2024,Q4,11,2024-08-10,2024-08-16,Atlantic,New Jersey,NJ,New Jersey,Periodicals,90.0,89.1,5.44,2124,2.0,NORMAL,Normal Network Operations
2024,Q4,11,2024-08-10,2024-08-16,Atlantic,Philadelphia,PA,Pennsylvania,First-Class Mail (2-Day),95.0,91.6,2.48,14962,2.7,NORMAL,Normal Network Operations
2024,Q4,11,2024-08-10,2024-08-16,Atlantic,Philadelphia,PA,Pennsylvania,First-Class Mail (3-5 Day),93.0,90.9,4.22,10459,2.3,NORMAL,Normal Network Operations
2024,Q4,11,2024-08-10,2024-08-16,Atlantic,Philadelphia,PA,Pennsylvania,USPS Marketing Mail,95.0,93.3,4.71,11356,1.4,NORMAL,Normal Network Operations
2024,Q4,11,2024-08-10,2024-08-16,Atlantic,Philadelphia,PA,Pennsylvania,Package Services / Ground Adv,92.0,90.9,3.79,4337,2.4,NORMAL,Normal Network Operations
2024,Q4,11,2024-08-10,2024-08-16,Atlantic,Philadelphia,PA,Pennsylvania,Periodicals,90.0,89.9,5.44,2180,3.0,NORMAL,Normal Network Operations
2024,Q4,11,2024-08-10,2024-08-16,Atlantic,Maryland/Delaware,DE,Delaware,First-Class Mail (2-Day),95.0,93.5,2.37,15853,1.5,NORMAL,Normal Network Operations
2024,Q4,11,2024-08-10,2024-08-16,Atlantic,Maryland/Delaware,DE,Delaware,First-Class Mail (3-5 Day),93.0,91.4,4.15,11665,1.6,NORMAL,Normal Network Operations
2024,Q4,11,2024-08-10,2024-08-16,Atlantic,Maryland/Delaware,DE,Delaware,USPS Marketing Mail,95.0,93.5,4.63,11784,1.4,NORMAL,Normal Network Operations
2024,Q4,11,2024-08-10,2024-08-16,Atlantic,Maryland/Delaware,DE,Delaware,Package Services / Ground Adv,92.0,92.4,3.55,4695,2.2,NORMAL,Normal Network Operations
2024,Q4,11,2024-08-10,2024-08-16,Atlantic,Maryland/Delaware,DE,Delaware,Periodicals,90.0,89.9,5.5,2383,2.2,NORMAL,Normal Network Operations
2024,Q4,11,2024-08-10,2024-08-16,Atlantic,Maryland/Delaware,MD,Maryland,First-Class Mail (2-Day),95.0,92.1,2.42,16464,1.9,NORMAL,Normal Network Operations
2024,Q4,11,2024-08-10,2024-08-16,Atlantic,Maryland/Delaware,MD,Maryland,First-Class Mail (3-5 Day),93.0,90.7,4.36,10613,1.8,NORMAL,Normal Network Operations
2024,Q4,11,2024-08-10,2024-08-16,Atlantic,Maryland/Delaware,MD,Maryland,USPS Marketing Mail,95.0,91.7,4.78,11962,2.5,NORMAL,Normal Network Operations
2024,Q4,11,2024-08-10,2024-08-16,Atlantic,Maryland/Delaware,MD,Maryland,Package Services / Ground Adv,92.0,89.6,3.72,4618,2.6,NORMAL,Normal Network Operations
2024,Q4,11,2024-08-10,2024-08-16,Atlantic,Maryland/Delaware,MD,Maryland,Periodicals,90.0,87.8,5.42,2271,3.1,NORMAL,Normal Network Operations
2024,Q4,11,2024-08-10,2024-08-16,Atlantic,Capital,DC,District of Columbia,First-Class Mail (2-Day),95.0,90.2,2.6,15275,2.3,NORMAL,Normal Network Operations
2024,Q4,11,2024-08-10,2024-08-16,Atlantic,Capital,DC,District of Columbia,First-Class Mail (3-5 Day),93.0,88.4,4.5,11865,2.9,NORMAL,Normal Network Operations
2024,Q4,11,2024-08-10,2024-08-16,Atlantic,Capital,DC,District of Columbia,USPS Marketing Mail,95.0,92.4,4.89,11630,2.4,NORMAL,Normal Network Operations
2024,Q4,11,2024-08-10,2024-08-16,Atlantic,Capital,DC,District of Columbia,Package Services / Ground Adv,92.0,90.3,3.7,4708,2.5,NORMAL,Normal Network Operations
2024,Q4,11,2024-08-10,2024-08-16,Atlantic,Capital,DC,District of Columbia,Periodicals,90.0,87.4,5.53,2195,3.3,NORMAL,Normal Network Operations
2024,Q4,11,2024-08-10,2024-08-16,Atlantic,Virginia,VA,Virginia,First-Class Mail (2-Day),95.0,91.7,2.52,16178,1.9,NORMAL,Normal Network Operations
2024,Q4,11,2024-08-10,2024-08-16,Atlantic,Virginia,VA,Virginia,First-Class Mail (3-5 Day),93.0,91.1,4.28,12146,1.9,NORMAL,Normal Network Operations
2024,Q4,11,2024-08-10,2024-08-16,Atlantic,Virginia,VA,Virginia,USPS Marketing Mail,95.0,94.7,4.59,11695,1.2,NORMAL,Normal Network Operations
2024,Q4,11,2024-08-10,2024-08-16,Atlantic,Virginia,VA,Virginia,Package Services / Ground Adv,92.0,90.6,3.69,4144,2.3,NORMAL,Normal Network Operations
2024,Q4,11,2024-08-10,2024-08-16,Atlantic,Virginia,VA,Virginia,Periodicals,90.0,88.8,5.44,2161,2.2,NORMAL,Normal Network Operations
2024,Q4,11,2024-08-10,2024-08-16,Atlantic,Appalachian,WV,West Virginia,First-Class Mail (2-Day),95.0,92.9,2.34,15182,1.9,NORMAL,Normal Network Operations
2024,Q4,11,2024-08-10,2024-08-16,Atlantic,Appalachian,WV,West Virginia,First-Class Mail (3-5 Day),93.0,89.6,4.39,10805,1.9,NORMAL,Normal Network Operations
2024,Q4,11,2024-08-10,2024-08-16,Atlantic,Appalachian,WV,West Virginia,USPS Marketing Mail,95.0,93.0,4.85,11903,2.2,NORMAL,Normal Network Operations
2024,Q4,11,2024-08-10,2024-08-16,Atlantic,Appalachian,WV,West Virginia,Package Services / Ground Adv,92.0,91.9,3.66,4493,2.6,NORMAL,Normal Network Operations
2024,Q4,11,2024-08-10,2024-08-16,Atlantic,Appalachian,WV,West Virginia,Periodicals,90.0,88.3,5.57,2360,3.5,NORMAL,Normal Network Operations
2024,Q4,11,2024-08-10,2024-08-16,Atlantic,North Carolina,NC,North Carolina,First-Class Mail (2-Day),95.0,91.4,2.65,14876,1.6,NORMAL,Normal Network Operations
2024,Q4,11,2024-08-10,2024-08-16,Atlantic,North Carolina,NC,North Carolina,First-Class Mail (3-5 Day),93.0,90.9,4.17,11105,2.7,NORMAL,Normal Network Operations
2024,Q4,11,2024-08-10,2024-08-16,Atlantic,North Carolina,NC,North Carolina,USPS Marketing Mail,95.0,94.1,4.75,10462,1.1,NORMAL,Normal Network Operations
2024,Q4,11,2024-08-10,2024-08-16,Atlantic,North Carolina,NC,North Carolina,Package Services / Ground Adv,92.0,90.5,3.82,4279,2.4,NORMAL,Normal Network Operations
2024,Q4,11,2024-08-10,2024-08-16,Atlantic,North Carolina,NC,North Carolina,Periodicals,90.0,89.3,5.54,2375,2.0,NORMAL,Normal Network Operations
2024,Q4,11,2024-08-10,2024-08-16,Atlantic,South Carolina,SC,South Carolina,First-Class Mail (2-Day),95.0,91.7,2.64,15968,2.3,NORMAL,Normal Network Operations
2024,Q4,11,2024-08-10,2024-08-16,Atlantic,South Carolina,SC,South Carolina,First-Class Mail (3-5 Day),93.0,91.0,4.38,11075,2.3,NORMAL,Normal Network Operations
2024,Q4,11,2024-08-10,2024-08-16,Atlantic,South Carolina,SC,South Carolina,USPS Marketing Mail,95.0,93.7,4.61,11835,1.7,NORMAL,Normal Network Operations
2024,Q4,11,2024-08-10,2024-08-16,Atlantic,South Carolina,SC,South Carolina,Package Services / Ground Adv,92.0,91.1,3.55,4459,2.5,NORMAL,Normal Network Operations
2024,Q4,11,2024-08-10,2024-08-16,Atlantic,South Carolina,SC,South Carolina,Periodicals,90.0,88.1,5.51,2132,2.5,NORMAL,Normal Network Operations
2024,Q4,11,2024-08-10,2024-08-16,Atlantic,Caribbean,PR,Puerto Rico,First-Class Mail (2-Day),95.0,89.8,2.49,15179,3.0,NORMAL,Normal Network Operations
2024,Q4,11,2024-08-10,2024-08-16,Atlantic,Caribbean,PR,Puerto Rico,First-Class Mail (3-5 Day),93.0,86.6,4.5,11603,3.1,NORMAL,Normal Network Operations
2024,Q4,11,2024-08-10,2024-08-16,Atlantic,Caribbean,PR,Puerto Rico,USPS Marketing Mail,95.0,90.2,4.8,10513,2.4,NORMAL,Normal Network Operations
2024,Q4,11,2024-08-10,2024-08-16,Atlantic,Caribbean,PR,Puerto Rico,Package Services / Ground Adv,92.0,88.8,3.8,4835,2.3,NORMAL,Normal Network Operations
2024,Q4,11,2024-08-10,2024-08-16,Atlantic,Caribbean,PR,Puerto Rico,Periodicals,90.0,86.3,5.52,2204,4.0,NORMAL,Normal Network Operations
2024,Q4,11,2024-08-10,2024-08-16,Central,Ohio 1 (Columbus),OH,Ohio,First-Class Mail (2-Day),95.0,92.2,2.44,16600,2.2,NORMAL,Normal Network Operations
2024,Q4,11,2024-08-10,2024-08-16,Central,Ohio 1 (Columbus),OH,Ohio,First-Class Mail (3-5 Day),93.0,91.3,4.17,11710,2.7,NORMAL,Normal Network Operations
2024,Q4,11,2024-08-10,2024-08-16,Central,Ohio 1 (Columbus),OH,Ohio,USPS Marketing Mail,95.0,93.1,4.82,10670,1.3,NORMAL,Normal Network Operations
2024,Q4,11,2024-08-10,2024-08-16,Central,Ohio 1 (Columbus),OH,Ohio,Package Services / Ground Adv,92.0,91.3,3.58,4275,2.0,NORMAL,Normal Network Operations
2024,Q4,11,2024-08-10,2024-08-16,Central,Ohio 1 (Columbus),OH,Ohio,Periodicals,90.0,90.6,5.33,2321,1.9,NORMAL,Normal Network Operations
2024,Q4,11,2024-08-10,2024-08-16,Central,Michigan 1 (Detroit),MI,Michigan,First-Class Mail (2-Day),95.0,91.8,2.55,15369,2.0,NORMAL,Normal Network Operations
2024,Q4,11,2024-08-10,2024-08-16,Central,Michigan 1 (Detroit),MI,Michigan,First-Class Mail (3-5 Day),93.0,90.5,4.33,11847,2.3,NORMAL,Normal Network Operations
2024,Q4,11,2024-08-10,2024-08-16,Central,Michigan 1 (Detroit),MI,Michigan,USPS Marketing Mail,95.0,92.1,4.78,11318,2.3,NORMAL,Normal Network Operations
2024,Q4,11,2024-08-10,2024-08-16,Central,Michigan 1 (Detroit),MI,Michigan,Package Services / Ground Adv,92.0,90.7,3.64,4723,2.6,NORMAL,Normal Network Operations
2024,Q4,11,2024-08-10,2024-08-16,Central,Michigan 1 (Detroit),MI,Michigan,Periodicals,90.0,89.6,5.49,2251,2.2,NORMAL,Normal Network Operations
2024,Q4,11,2024-08-10,2024-08-16,Central,Indiana,IN,Indiana,First-Class Mail (2-Day),95.0,94.4,2.28,16438,1.6,NORMAL,Normal Network Operations
2024,Q4,11,2024-08-10,2024-08-16,Central,Indiana,IN,Indiana,First-Class Mail (3-5 Day),93.0,90.8,4.15,10557,2.3,NORMAL,Normal Network Operations
2024,Q4,11,2024-08-10,2024-08-16,Central,Indiana,IN,Indiana,USPS Marketing Mail,95.0,94.8,4.58,11406,1.1,NORMAL,Normal Network Operations
2024,Q4,11,2024-08-10,2024-08-16,Central,Indiana,IN,Indiana,Package Services / Ground Adv,92.0,92.3,3.62,4164,1.8,NORMAL,Normal Network Operations
2024,Q4,11,2024-08-10,2024-08-16,Central,Indiana,IN,Indiana,Periodicals,90.0,90.6,5.48,2072,2.5,NORMAL,Normal Network Operations
2024,Q4,11,2024-08-10,2024-08-16,Central,Illinois 1 (Chicago),IL,Illinois,First-Class Mail (2-Day),95.0,90.6,2.62,14742,2.1,NORMAL,Normal Network Operations
2024,Q4,11,2024-08-10,2024-08-16,Central,Illinois 1 (Chicago),IL,Illinois,First-Class Mail (3-5 Day),93.0,89.6,4.33,10685,2.3,NORMAL,Normal Network Operations
2024,Q4,11,2024-08-10,2024-08-16,Central,Illinois 1 (Chicago),IL,Illinois,USPS Marketing Mail,95.0,90.5,4.88,11386,2.8,NORMAL,Normal Network Operations
2024,Q4,11,2024-08-10,2024-08-16,Central,Illinois 1 (Chicago),IL,Illinois,Package Services / Ground Adv,92.0,89.6,3.83,4321,2.5,NORMAL,Normal Network Operations
2024,Q4,11,2024-08-10,2024-08-16,Central,Illinois 1 (Chicago),IL,Illinois,Periodicals,90.0,87.0,5.61,2178,3.0,NORMAL,Normal Network Operations
2024,Q4,11,2024-08-10,2024-08-16,Central,Wisconsin,WI,Wisconsin,First-Class Mail (2-Day),95.0,95.0,2.44,16760,1.5,NORMAL,Normal Network Operations
2024,Q4,11,2024-08-10,2024-08-16,Central,Wisconsin,WI,Wisconsin,First-Class Mail (3-5 Day),93.0,91.7,4.3,12067,2.0,NORMAL,Normal Network Operations
2024,Q4,11,2024-08-10,2024-08-16,Central,Wisconsin,WI,Wisconsin,USPS Marketing Mail,95.0,94.5,4.69,12010,1.0,NORMAL,Normal Network Operations
2024,Q4,11,2024-08-10,2024-08-16,Central,Wisconsin,WI,Wisconsin,Package Services / Ground Adv,92.0,93.8,3.64,4282,2.0,NORMAL,Normal Network Operations
2024,Q4,11,2024-08-10,2024-08-16,Central,Wisconsin,WI,Wisconsin,Periodicals,90.0,91.5,5.24,2189,2.4,NORMAL,Normal Network Operations
2024,Q4,11,2024-08-10,2024-08-16,Central,Northland,MN,Minnesota,First-Class Mail (2-Day),95.0,94.5,2.34,16419,1.7,NORMAL,Normal Network Operations
2024,Q4,11,2024-08-10,2024-08-16,Central,Northland,MN,Minnesota,First-Class Mail (3-5 Day),93.0,91.9,4.13,10351,2.0,NORMAL,Normal Network Operations
2024,Q4,11,2024-08-10,2024-08-16,Central,Northland,MN,Minnesota,USPS Marketing Mail,95.0,93.4,4.69,10494,2.0,NORMAL,Normal Network Operations
2024,Q4,11,2024-08-10,2024-08-16,Central,Northland,MN,Minnesota,Package Services / Ground Adv,92.0,91.8,3.51,4316,1.7,NORMAL,Normal Network Operations
2024,Q4,11,2024-08-10,2024-08-16,Central,Northland,MN,Minnesota,Periodicals,90.0,90.3,5.37,2241,2.9,NORMAL,Normal Network Operations
2024,Q4,11,2024-08-10,2024-08-16,Central,Dakotas,ND,North Dakota,First-Class Mail (2-Day),95.0,93.8,2.48,16250,1.5,NORMAL,Normal Network Operations
2024,Q4,11,2024-08-10,2024-08-16,Central,Dakotas,ND,North Dakota,First-Class Mail (3-5 Day),93.0,93.0,4.25,11621,1.9,NORMAL,Normal Network Operations
2024,Q4,11,2024-08-10,2024-08-16,Central,Dakotas,ND,North Dakota,USPS Marketing Mail,95.0,95.6,4.53,11723,0.9,NORMAL,Normal Network Operations
2024,Q4,11,2024-08-10,2024-08-16,Central,Dakotas,ND,North Dakota,Package Services / Ground Adv,92.0,92.3,3.71,4730,2.2,NORMAL,Normal Network Operations
2024,Q4,11,2024-08-10,2024-08-16,Central,Dakotas,ND,North Dakota,Periodicals,90.0,91.3,5.32,2095,2.1,NORMAL,Normal Network Operations
2024,Q4,11,2024-08-10,2024-08-16,Central,Dakotas,SD,South Dakota,First-Class Mail (2-Day),95.0,93.9,2.44,15048,1.7,NORMAL,Normal Network Operations
2024,Q4,11,2024-08-10,2024-08-16,Central,Dakotas,SD,South Dakota,First-Class Mail (3-5 Day),93.0,92.0,4.18,10961,2.3,NORMAL,Normal Network Operations
2024,Q4,11,2024-08-10,2024-08-16,Central,Dakotas,SD,South Dakota,USPS Marketing Mail,95.0,95.5,4.71,11996,1.2,NORMAL,Normal Network Operations
2024,Q4,11,2024-08-10,2024-08-16,Central,Dakotas,SD,South Dakota,Package Services / Ground Adv,92.0,93.2,3.47,4292,1.4,NORMAL,Normal Network Operations
2024,Q4,11,2024-08-10,2024-08-16,Central,Dakotas,SD,South Dakota,Periodicals,90.0,90.2,5.45,2223,2.2,NORMAL,Normal Network Operations
2024,Q4,11,2024-08-10,2024-08-16,Central,Iowa/Nebraska,IA,Iowa,First-Class Mail (2-Day),95.0,94.0,2.5,14577,1.4,NORMAL,Normal Network Operations
2024,Q4,11,2024-08-10,2024-08-16,Central,Iowa/Nebraska,IA,Iowa,First-Class Mail (3-5 Day),93.0,93.4,4.05,11578,1.6,NORMAL,Normal Network Operations
2024,Q4,11,2024-08-10,2024-08-16,Central,Iowa/Nebraska,IA,Iowa,USPS Marketing Mail,95.0,96.1,4.5,11584,1.0,NORMAL,Normal Network Operations
2024,Q4,11,2024-08-10,2024-08-16,Central,Iowa/Nebraska,IA,Iowa,Package Services / Ground Adv,92.0,92.5,3.67,4148,2.3,NORMAL,Normal Network Operations
2024,Q4,11,2024-08-10,2024-08-16,Central,Iowa/Nebraska,IA,Iowa,Periodicals,90.0,90.6,5.35,2233,2.4,NORMAL,Normal Network Operations
2024,Q4,11,2024-08-10,2024-08-16,Central,Iowa/Nebraska,NE,Nebraska,First-Class Mail (2-Day),95.0,94.2,2.38,16433,1.8,NORMAL,Normal Network Operations
2024,Q4,11,2024-08-10,2024-08-16,Central,Iowa/Nebraska,NE,Nebraska,First-Class Mail (3-5 Day),93.0,91.5,4.28,11436,1.8,NORMAL,Normal Network Operations
2024,Q4,11,2024-08-10,2024-08-16,Central,Iowa/Nebraska,NE,Nebraska,USPS Marketing Mail,95.0,95.7,4.6,11202,1.0,NORMAL,Normal Network Operations
2024,Q4,11,2024-08-10,2024-08-16,Central,Iowa/Nebraska,NE,Nebraska,Package Services / Ground Adv,92.0,92.8,3.54,4705,1.8,NORMAL,Normal Network Operations
2024,Q4,11,2024-08-10,2024-08-16,Central,Iowa/Nebraska,NE,Nebraska,Periodicals,90.0,91.9,5.29,2312,2.1,NORMAL,Normal Network Operations
2024,Q4,11,2024-08-10,2024-08-16,Central,Kansas/Missouri,KS,Kansas,First-Class Mail (2-Day),95.0,92.9,2.59,15977,1.6,NORMAL,Normal Network Operations
2024,Q4,11,2024-08-10,2024-08-16,Central,Kansas/Missouri,KS,Kansas,First-Class Mail (3-5 Day),93.0,90.8,4.34,11168,2.7,NORMAL,Normal Network Operations
2024,Q4,11,2024-08-10,2024-08-16,Central,Kansas/Missouri,KS,Kansas,USPS Marketing Mail,95.0,93.4,4.64,11231,1.4,NORMAL,Normal Network Operations
2024,Q4,11,2024-08-10,2024-08-16,Central,Kansas/Missouri,KS,Kansas,Package Services / Ground Adv,92.0,92.4,3.65,4321,2.3,NORMAL,Normal Network Operations
2024,Q4,11,2024-08-10,2024-08-16,Central,Kansas/Missouri,KS,Kansas,Periodicals,90.0,89.8,5.51,2265,2.3,NORMAL,Normal Network Operations
2024,Q4,11,2024-08-10,2024-08-16,Central,Kansas/Missouri,MO,Missouri,First-Class Mail (2-Day),95.0,92.0,2.38,15308,1.8,NORMAL,Normal Network Operations
2024,Q4,11,2024-08-10,2024-08-16,Central,Kansas/Missouri,MO,Missouri,First-Class Mail (3-5 Day),93.0,90.9,4.23,10415,2.4,NORMAL,Normal Network Operations
2024,Q4,11,2024-08-10,2024-08-16,Central,Kansas/Missouri,MO,Missouri,USPS Marketing Mail,95.0,94.2,4.59,10520,1.2,NORMAL,Normal Network Operations
2024,Q4,11,2024-08-10,2024-08-16,Central,Kansas/Missouri,MO,Missouri,Package Services / Ground Adv,92.0,92.3,3.58,4337,2.1,NORMAL,Normal Network Operations
2024,Q4,11,2024-08-10,2024-08-16,Central,Kansas/Missouri,MO,Missouri,Periodicals,90.0,90.4,5.33,2367,2.7,NORMAL,Normal Network Operations
2024,Q4,11,2024-08-10,2024-08-16,Southern,Georgia (Atlanta),GA,Georgia,First-Class Mail (2-Day),95.0,84.3,2.91,15645,4.4,NORMAL,Normal Network Operations
2024,Q4,11,2024-08-10,2024-08-16,Southern,Georgia (Atlanta),GA,Georgia,First-Class Mail (3-5 Day),93.0,80.3,4.7,12108,4.6,NORMAL,Normal Network Operations
2024,Q4,11,2024-08-10,2024-08-16,Southern,Georgia (Atlanta),GA,Georgia,USPS Marketing Mail,95.0,84.6,5.15,12114,4.7,NORMAL,Normal Network Operations
2024,Q4,11,2024-08-10,2024-08-16,Southern,Georgia (Atlanta),GA,Georgia,Package Services / Ground Adv,92.0,81.5,4.21,4444,5.7,NORMAL,Normal Network Operations
2024,Q4,11,2024-08-10,2024-08-16,Southern,Georgia (Atlanta),GA,Georgia,Periodicals,90.0,78.9,5.9,2305,6.6,NORMAL,Normal Network Operations
2024,Q4,11,2024-08-10,2024-08-16,Southern,Florida 1 (Central),FL,Florida,First-Class Mail (2-Day),95.0,93.6,2.42,59133,1.9,NORMAL,Normal Network Operations
2024,Q4,11,2024-08-10,2024-08-16,Southern,Florida 1 (Central),FL,Florida,First-Class Mail (3-5 Day),93.0,89.8,4.27,45101,2.2,NORMAL,Normal Network Operations
2024,Q4,11,2024-08-10,2024-08-16,Southern,Florida 1 (Central),FL,Florida,USPS Marketing Mail,95.0,94.4,4.78,44094,1.2,NORMAL,Normal Network Operations
2024,Q4,11,2024-08-10,2024-08-16,Southern,Florida 1 (Central),FL,Florida,Package Services / Ground Adv,92.0,91.6,3.62,18710,2.4,NORMAL,Normal Network Operations
2024,Q4,11,2024-08-10,2024-08-16,Southern,Florida 1 (Central),FL,Florida,Periodicals,90.0,89.9,5.47,9150,2.2,NORMAL,Normal Network Operations
2024,Q4,11,2024-08-10,2024-08-16,Southern,Alabama/Mississippi,AL,Alabama,First-Class Mail (2-Day),95.0,92.5,2.43,15516,2.1,NORMAL,Normal Network Operations
2024,Q4,11,2024-08-10,2024-08-16,Southern,Alabama/Mississippi,AL,Alabama,First-Class Mail (3-5 Day),93.0,88.1,4.31,10830,2.8,NORMAL,Normal Network Operations
2024,Q4,11,2024-08-10,2024-08-16,Southern,Alabama/Mississippi,AL,Alabama,USPS Marketing Mail,95.0,92.5,4.74,10748,2.4,NORMAL,Normal Network Operations
2024,Q4,11,2024-08-10,2024-08-16,Southern,Alabama/Mississippi,AL,Alabama,Package Services / Ground Adv,92.0,89.3,3.63,4347,2.4,NORMAL,Normal Network Operations
2024,Q4,11,2024-08-10,2024-08-16,Southern,Alabama/Mississippi,AL,Alabama,Periodicals,90.0,88.5,5.51,2298,3.4,NORMAL,Normal Network Operations
2024,Q4,11,2024-08-10,2024-08-16,Southern,Alabama/Mississippi,MS,Mississippi,First-Class Mail (2-Day),95.0,90.5,2.71,14521,2.2,NORMAL,Normal Network Operations
2024,Q4,11,2024-08-10,2024-08-16,Southern,Alabama/Mississippi,MS,Mississippi,First-Class Mail (3-5 Day),93.0,88.3,4.38,11181,2.7,NORMAL,Normal Network Operations
2024,Q4,11,2024-08-10,2024-08-16,Southern,Alabama/Mississippi,MS,Mississippi,USPS Marketing Mail,95.0,92.3,4.85,11561,1.6,NORMAL,Normal Network Operations
2024,Q4,11,2024-08-10,2024-08-16,Southern,Alabama/Mississippi,MS,Mississippi,Package Services / Ground Adv,92.0,89.3,3.85,4836,2.0,NORMAL,Normal Network Operations
2024,Q4,11,2024-08-10,2024-08-16,Southern,Alabama/Mississippi,MS,Mississippi,Periodicals,90.0,87.7,5.49,2144,3.2,NORMAL,Normal Network Operations
2024,Q4,11,2024-08-10,2024-08-16,Southern,Tennessee,TN,Tennessee,First-Class Mail (2-Day),95.0,94.0,2.36,15284,1.4,NORMAL,Normal Network Operations
2024,Q4,11,2024-08-10,2024-08-16,Southern,Tennessee,TN,Tennessee,First-Class Mail (3-5 Day),93.0,91.0,4.3,10650,1.7,NORMAL,Normal Network Operations
2024,Q4,11,2024-08-10,2024-08-16,Southern,Tennessee,TN,Tennessee,USPS Marketing Mail,95.0,93.2,4.89,10392,1.6,NORMAL,Normal Network Operations
2024,Q4,11,2024-08-10,2024-08-16,Southern,Tennessee,TN,Tennessee,Package Services / Ground Adv,92.0,92.9,3.57,4308,1.8,NORMAL,Normal Network Operations
2024,Q4,11,2024-08-10,2024-08-16,Southern,Tennessee,TN,Tennessee,Periodicals,90.0,90.3,5.43,2375,1.9,NORMAL,Normal Network Operations
2024,Q4,11,2024-08-10,2024-08-16,Southern,Kentucky,KY,Kentucky,First-Class Mail (2-Day),95.0,91.4,2.68,15928,1.8,NORMAL,Normal Network Operations
2024,Q4,11,2024-08-10,2024-08-16,Southern,Kentucky,KY,Kentucky,First-Class Mail (3-5 Day),93.0,89.4,4.42,11672,2.1,NORMAL,Normal Network Operations
2024,Q4,11,2024-08-10,2024-08-16,Southern,Kentucky,KY,Kentucky,USPS Marketing Mail,95.0,93.0,4.83,11102,1.7,NORMAL,Normal Network Operations
2024,Q4,11,2024-08-10,2024-08-16,Southern,Kentucky,KY,Kentucky,Package Services / Ground Adv,92.0,91.6,3.6,4216,1.9,NORMAL,Normal Network Operations
2024,Q4,11,2024-08-10,2024-08-16,Southern,Kentucky,KY,Kentucky,Periodicals,90.0,89.8,5.5,2184,3.2,NORMAL,Normal Network Operations
2024,Q4,11,2024-08-10,2024-08-16,Southern,Arkansas,AR,Arkansas,First-Class Mail (2-Day),95.0,93.2,2.55,15736,1.6,NORMAL,Normal Network Operations
2024,Q4,11,2024-08-10,2024-08-16,Southern,Arkansas,AR,Arkansas,First-Class Mail (3-5 Day),93.0,90.8,4.26,12013,2.7,NORMAL,Normal Network Operations
2024,Q4,11,2024-08-10,2024-08-16,Southern,Arkansas,AR,Arkansas,USPS Marketing Mail,95.0,93.1,4.77,10951,1.5,NORMAL,Normal Network Operations
2024,Q4,11,2024-08-10,2024-08-16,Southern,Arkansas,AR,Arkansas,Package Services / Ground Adv,92.0,92.0,3.72,4416,1.6,NORMAL,Normal Network Operations
2024,Q4,11,2024-08-10,2024-08-16,Southern,Arkansas,AR,Arkansas,Periodicals,90.0,90.0,5.39,2299,3.2,NORMAL,Normal Network Operations
2024,Q4,11,2024-08-10,2024-08-16,Southern,Louisiana,LA,Louisiana,First-Class Mail (2-Day),95.0,91.1,2.59,17007,1.8,NORMAL,Normal Network Operations
2024,Q4,11,2024-08-10,2024-08-16,Southern,Louisiana,LA,Louisiana,First-Class Mail (3-5 Day),93.0,88.8,4.5,10935,3.2,NORMAL,Normal Network Operations
2024,Q4,11,2024-08-10,2024-08-16,Southern,Louisiana,LA,Louisiana,USPS Marketing Mail,95.0,91.0,4.86,10513,2.3,NORMAL,Normal Network Operations
2024,Q4,11,2024-08-10,2024-08-16,Southern,Louisiana,LA,Louisiana,Package Services / Ground Adv,92.0,89.5,3.84,4610,3.0,NORMAL,Normal Network Operations
2024,Q4,11,2024-08-10,2024-08-16,Southern,Louisiana,LA,Louisiana,Periodicals,90.0,87.4,5.64,2128,3.8,NORMAL,Normal Network Operations
2024,Q4,11,2024-08-10,2024-08-16,Southern,Oklahoma,OK,Oklahoma,First-Class Mail (2-Day),95.0,92.7,2.39,16851,2.2,NORMAL,Normal Network Operations
2024,Q4,11,2024-08-10,2024-08-16,Southern,Oklahoma,OK,Oklahoma,First-Class Mail (3-5 Day),93.0,91.8,4.17,11960,1.8,NORMAL,Normal Network Operations
2024,Q4,11,2024-08-10,2024-08-16,Southern,Oklahoma,OK,Oklahoma,USPS Marketing Mail,95.0,93.1,4.69,11435,1.7,NORMAL,Normal Network Operations
2024,Q4,11,2024-08-10,2024-08-16,Southern,Oklahoma,OK,Oklahoma,Package Services / Ground Adv,92.0,93.2,3.68,4500,2.0,NORMAL,Normal Network Operations
2024,Q4,11,2024-08-10,2024-08-16,Southern,Oklahoma,OK,Oklahoma,Periodicals,90.0,88.6,5.44,2401,3.0,NORMAL,Normal Network Operations
2024,Q4,11,2024-08-10,2024-08-16,Southern,Texas 2 (Houston/Gulf),TX,Texas,First-Class Mail (2-Day),95.0,85.6,2.96,58029,3.5,NORMAL,Normal Network Operations
2024,Q4,11,2024-08-10,2024-08-16,Southern,Texas 2 (Houston/Gulf),TX,Texas,First-Class Mail (3-5 Day),93.0,83.1,4.76,48567,4.6,NORMAL,Normal Network Operations
2024,Q4,11,2024-08-10,2024-08-16,Southern,Texas 2 (Houston/Gulf),TX,Texas,USPS Marketing Mail,95.0,88.1,4.99,43272,2.3,NORMAL,Normal Network Operations
2024,Q4,11,2024-08-10,2024-08-16,Southern,Texas 2 (Houston/Gulf),TX,Texas,Package Services / Ground Adv,92.0,85.9,3.99,18423,2.8,NORMAL,Normal Network Operations
2024,Q4,11,2024-08-10,2024-08-16,Southern,Texas 2 (Houston/Gulf),TX,Texas,Periodicals,90.0,83.0,5.76,9325,3.1,NORMAL,Normal Network Operations
2024,Q4,11,2024-08-10,2024-08-16,WestPac,Washington,WA,Washington,First-Class Mail (2-Day),95.0,92.6,2.57,16427,1.7,NORMAL,Normal Network Operations
2024,Q4,11,2024-08-10,2024-08-16,WestPac,Washington,WA,Washington,First-Class Mail (3-5 Day),93.0,90.6,4.29,11519,2.6,NORMAL,Normal Network Operations
2024,Q4,11,2024-08-10,2024-08-16,WestPac,Washington,WA,Washington,USPS Marketing Mail,95.0,93.7,4.63,10822,1.2,NORMAL,Normal Network Operations
2024,Q4,11,2024-08-10,2024-08-16,WestPac,Washington,WA,Washington,Package Services / Ground Adv,92.0,92.9,3.47,4261,2.0,NORMAL,Normal Network Operations
2024,Q4,11,2024-08-10,2024-08-16,WestPac,Washington,WA,Washington,Periodicals,90.0,89.4,5.56,2356,2.4,NORMAL,Normal Network Operations
2024,Q4,11,2024-08-10,2024-08-16,WestPac,Oregon/Idaho,OR,Oregon,First-Class Mail (2-Day),95.0,92.9,2.51,14676,1.4,NORMAL,Normal Network Operations
2024,Q4,11,2024-08-10,2024-08-16,WestPac,Oregon/Idaho,OR,Oregon,First-Class Mail (3-5 Day),93.0,92.4,4.13,10817,1.9,NORMAL,Normal Network Operations
2024,Q4,11,2024-08-10,2024-08-16,WestPac,Oregon/Idaho,OR,Oregon,USPS Marketing Mail,95.0,93.9,4.8,11609,1.5,NORMAL,Normal Network Operations
2024,Q4,11,2024-08-10,2024-08-16,WestPac,Oregon/Idaho,OR,Oregon,Package Services / Ground Adv,92.0,92.8,3.65,4246,1.9,NORMAL,Normal Network Operations
2024,Q4,11,2024-08-10,2024-08-16,WestPac,Oregon/Idaho,OR,Oregon,Periodicals,90.0,89.6,5.4,2200,2.2,NORMAL,Normal Network Operations
2024,Q4,11,2024-08-10,2024-08-16,WestPac,California 1 (Bay Area),CA,California,First-Class Mail (2-Day),95.0,91.4,2.45,64349,2.7,NORMAL,Normal Network Operations
2024,Q4,11,2024-08-10,2024-08-16,WestPac,California 1 (Bay Area),CA,California,First-Class Mail (3-5 Day),93.0,89.6,4.28,46754,2.5,NORMAL,Normal Network Operations
2024,Q4,11,2024-08-10,2024-08-16,WestPac,California 1 (Bay Area),CA,California,USPS Marketing Mail,95.0,93.2,4.7,44166,1.4,NORMAL,Normal Network Operations
2024,Q4,11,2024-08-10,2024-08-16,WestPac,California 1 (Bay Area),CA,California,Package Services / Ground Adv,92.0,91.2,3.58,17432,1.6,NORMAL,Normal Network Operations
2024,Q4,11,2024-08-10,2024-08-16,WestPac,California 1 (Bay Area),CA,California,Periodicals,90.0,88.6,5.54,9353,2.5,NORMAL,Normal Network Operations
2024,Q4,11,2024-08-10,2024-08-16,WestPac,Nevada,NV,Nevada,First-Class Mail (2-Day),95.0,94.4,2.43,14919,1.3,NORMAL,Normal Network Operations
2024,Q4,11,2024-08-10,2024-08-16,WestPac,Nevada,NV,Nevada,First-Class Mail (3-5 Day),93.0,90.6,4.38,10915,1.9,NORMAL,Normal Network Operations
2024,Q4,11,2024-08-10,2024-08-16,WestPac,Nevada,NV,Nevada,USPS Marketing Mail,95.0,93.7,4.73,10654,1.9,NORMAL,Normal Network Operations
2024,Q4,11,2024-08-10,2024-08-16,WestPac,Nevada,NV,Nevada,Package Services / Ground Adv,92.0,92.3,3.71,4150,1.6,NORMAL,Normal Network Operations
2024,Q4,11,2024-08-10,2024-08-16,WestPac,Nevada,NV,Nevada,Periodicals,90.0,90.8,5.32,2150,2.1,NORMAL,Normal Network Operations
2024,Q4,11,2024-08-10,2024-08-16,WestPac,Oregon/Idaho,ID,Idaho,First-Class Mail (2-Day),95.0,93.5,2.52,16127,1.9,NORMAL,Normal Network Operations
2024,Q4,11,2024-08-10,2024-08-16,WestPac,Oregon/Idaho,ID,Idaho,First-Class Mail (3-5 Day),93.0,91.5,4.35,11981,2.1,NORMAL,Normal Network Operations
2024,Q4,11,2024-08-10,2024-08-16,WestPac,Oregon/Idaho,ID,Idaho,USPS Marketing Mail,95.0,95.6,4.71,11293,1.3,NORMAL,Normal Network Operations
2024,Q4,11,2024-08-10,2024-08-16,WestPac,Oregon/Idaho,ID,Idaho,Package Services / Ground Adv,92.0,92.3,3.64,4426,1.6,NORMAL,Normal Network Operations
2024,Q4,11,2024-08-10,2024-08-16,WestPac,Oregon/Idaho,ID,Idaho,Periodicals,90.0,89.5,5.32,2269,2.4,NORMAL,Normal Network Operations
2024,Q4,11,2024-08-10,2024-08-16,WestPac,Montana/Wyoming,MT,Montana,First-Class Mail (2-Day),95.0,94.6,2.49,16935,1.5,NORMAL,Normal Network Operations
2024,Q4,11,2024-08-10,2024-08-16,WestPac,Montana/Wyoming,MT,Montana,First-Class Mail (3-5 Day),93.0,91.2,4.19,10810,2.3,NORMAL,Normal Network Operations
2024,Q4,11,2024-08-10,2024-08-16,WestPac,Montana/Wyoming,MT,Montana,USPS Marketing Mail,95.0,95.9,4.66,10791,1.1,NORMAL,Normal Network Operations
2024,Q4,11,2024-08-10,2024-08-16,WestPac,Montana/Wyoming,MT,Montana,Package Services / Ground Adv,92.0,94.0,3.39,4578,1.5,NORMAL,Normal Network Operations
2024,Q4,11,2024-08-10,2024-08-16,WestPac,Montana/Wyoming,MT,Montana,Periodicals,90.0,91.1,5.28,2369,1.7,NORMAL,Normal Network Operations
2024,Q4,11,2024-08-10,2024-08-16,WestPac,Montana/Wyoming,WY,Wyoming,First-Class Mail (2-Day),95.0,93.3,2.46,14643,2.1,NORMAL,Normal Network Operations
2024,Q4,11,2024-08-10,2024-08-16,WestPac,Montana/Wyoming,WY,Wyoming,First-Class Mail (3-5 Day),93.0,91.4,4.27,11185,2.3,NORMAL,Normal Network Operations
2024,Q4,11,2024-08-10,2024-08-16,WestPac,Montana/Wyoming,WY,Wyoming,USPS Marketing Mail,95.0,95.2,4.61,11491,1.4,NORMAL,Normal Network Operations
2024,Q4,11,2024-08-10,2024-08-16,WestPac,Montana/Wyoming,WY,Wyoming,Package Services / Ground Adv,92.0,92.6,3.47,4282,1.5,NORMAL,Normal Network Operations
2024,Q4,11,2024-08-10,2024-08-16,WestPac,Montana/Wyoming,WY,Wyoming,Periodicals,90.0,90.9,5.37,2274,1.9,NORMAL,Normal Network Operations
2024,Q4,11,2024-08-10,2024-08-16,WestPac,Utah,UT,Utah,First-Class Mail (2-Day),95.0,94.3,2.3,16724,1.7,NORMAL,Normal Network Operations
2024,Q4,11,2024-08-10,2024-08-16,WestPac,Utah,UT,Utah,First-Class Mail (3-5 Day),93.0,92.6,4.27,11455,1.5,NORMAL,Normal Network Operations
2024,Q4,11,2024-08-10,2024-08-16,WestPac,Utah,UT,Utah,USPS Marketing Mail,95.0,94.8,4.74,11432,0.9,NORMAL,Normal Network Operations
2024,Q4,11,2024-08-10,2024-08-16,WestPac,Utah,UT,Utah,Package Services / Ground Adv,92.0,93.1,3.56,4510,1.4,NORMAL,Normal Network Operations
2024,Q4,11,2024-08-10,2024-08-16,WestPac,Utah,UT,Utah,Periodicals,90.0,91.7,5.43,2159,1.8,NORMAL,Normal Network Operations
2024,Q4,11,2024-08-10,2024-08-16,WestPac,Colorado,CO,Colorado,First-Class Mail (2-Day),95.0,92.9,2.42,15598,1.8,NORMAL,Normal Network Operations
2024,Q4,11,2024-08-10,2024-08-16,WestPac,Colorado,CO,Colorado,First-Class Mail (3-5 Day),93.0,92.3,4.2,10924,2.4,NORMAL,Normal Network Operations
2024,Q4,11,2024-08-10,2024-08-16,WestPac,Colorado,CO,Colorado,USPS Marketing Mail,95.0,95.3,4.56,10468,1.2,NORMAL,Normal Network Operations
2024,Q4,11,2024-08-10,2024-08-16,WestPac,Colorado,CO,Colorado,Package Services / Ground Adv,92.0,92.2,3.72,4459,1.7,NORMAL,Normal Network Operations
2024,Q4,11,2024-08-10,2024-08-16,WestPac,Colorado,CO,Colorado,Periodicals,90.0,90.2,5.32,2350,2.5,NORMAL,Normal Network Operations
2024,Q4,11,2024-08-10,2024-08-16,WestPac,Arizona/New Mexico,AZ,Arizona,First-Class Mail (2-Day),95.0,93.8,2.43,15296,1.3,NORMAL,Normal Network Operations
2024,Q4,11,2024-08-10,2024-08-16,WestPac,Arizona/New Mexico,AZ,Arizona,First-Class Mail (3-5 Day),93.0,91.1,4.21,11447,1.7,NORMAL,Normal Network Operations
2024,Q4,11,2024-08-10,2024-08-16,WestPac,Arizona/New Mexico,AZ,Arizona,USPS Marketing Mail,95.0,94.2,4.61,11729,1.2,NORMAL,Normal Network Operations
2024,Q4,11,2024-08-10,2024-08-16,WestPac,Arizona/New Mexico,AZ,Arizona,Package Services / Ground Adv,92.0,92.9,3.6,4253,2.1,NORMAL,Normal Network Operations
2024,Q4,11,2024-08-10,2024-08-16,WestPac,Arizona/New Mexico,AZ,Arizona,Periodicals,90.0,90.8,5.42,2353,2.9,NORMAL,Normal Network Operations
2024,Q4,11,2024-08-10,2024-08-16,WestPac,Arizona/New Mexico,NM,New Mexico,First-Class Mail (2-Day),95.0,93.5,2.56,15679,1.4,NORMAL,Normal Network Operations
2024,Q4,11,2024-08-10,2024-08-16,WestPac,Arizona/New Mexico,NM,New Mexico,First-Class Mail (3-5 Day),93.0,91.5,4.14,10950,1.9,NORMAL,Normal Network Operations
2024,Q4,11,2024-08-10,2024-08-16,WestPac,Arizona/New Mexico,NM,New Mexico,USPS Marketing Mail,95.0,93.2,4.74,11115,1.9,NORMAL,Normal Network Operations
2024,Q4,11,2024-08-10,2024-08-16,WestPac,Arizona/New Mexico,NM,New Mexico,Package Services / Ground Adv,92.0,91.5,3.71,4430,2.0,NORMAL,Normal Network Operations
2024,Q4,11,2024-08-10,2024-08-16,WestPac,Arizona/New Mexico,NM,New Mexico,Periodicals,90.0,90.4,5.48,2420,2.2,NORMAL,Normal Network Operations
2024,Q4,11,2024-08-10,2024-08-16,WestPac,Alaska,AK,Alaska,First-Class Mail (2-Day),95.0,90.4,2.65,15015,1.8,NORMAL,Normal Network Operations
2024,Q4,11,2024-08-10,2024-08-16,WestPac,Alaska,AK,Alaska,First-Class Mail (3-5 Day),93.0,88.1,4.38,10929,2.6,NORMAL,Normal Network Operations
2024,Q4,11,2024-08-10,2024-08-16,WestPac,Alaska,AK,Alaska,USPS Marketing Mail,95.0,91.3,4.87,10709,2.0,NORMAL,Normal Network Operations
2024,Q4,11,2024-08-10,2024-08-16,WestPac,Alaska,AK,Alaska,Package Services / Ground Adv,92.0,88.1,3.91,4216,3.0,NORMAL,Normal Network Operations
2024,Q4,11,2024-08-10,2024-08-16,WestPac,Alaska,AK,Alaska,Periodicals,90.0,85.7,5.62,2329,3.2,NORMAL,Normal Network Operations
2024,Q4,11,2024-08-10,2024-08-16,WestPac,Hawaii/Pacific,HI,Hawaii,First-Class Mail (2-Day),95.0,91.0,2.44,16151,2.8,NORMAL,Normal Network Operations
2024,Q4,11,2024-08-10,2024-08-16,WestPac,Hawaii/Pacific,HI,Hawaii,First-Class Mail (3-5 Day),93.0,89.4,4.34,10854,3.3,NORMAL,Normal Network Operations
2024,Q4,11,2024-08-10,2024-08-16,WestPac,Hawaii/Pacific,HI,Hawaii,USPS Marketing Mail,95.0,92.2,4.7,11501,1.8,NORMAL,Normal Network Operations
2024,Q4,11,2024-08-10,2024-08-16,WestPac,Hawaii/Pacific,HI,Hawaii,Package Services / Ground Adv,92.0,89.6,3.85,4219,2.4,NORMAL,Normal Network Operations
2024,Q4,11,2024-08-10,2024-08-16,WestPac,Hawaii/Pacific,HI,Hawaii,Periodicals,90.0,86.7,5.53,2349,3.8,NORMAL,Normal Network Operations
2024,Q4,12,2024-08-17,2024-08-23,Atlantic,Northern New England,ME,Maine,First-Class Mail (2-Day),95.0,93.6,2.34,15243,1.3,NORMAL,Normal Network Operations
2024,Q4,12,2024-08-17,2024-08-23,Atlantic,Northern New England,ME,Maine,First-Class Mail (3-5 Day),93.0,90.9,4.2,11380,1.8,NORMAL,Normal Network Operations
2024,Q4,12,2024-08-17,2024-08-23,Atlantic,Northern New England,ME,Maine,USPS Marketing Mail,95.0,95.2,4.66,10874,1.0,NORMAL,Normal Network Operations
2024,Q4,12,2024-08-17,2024-08-23,Atlantic,Northern New England,ME,Maine,Package Services / Ground Adv,92.0,91.7,3.51,4705,2.4,NORMAL,Normal Network Operations
2024,Q4,12,2024-08-17,2024-08-23,Atlantic,Northern New England,ME,Maine,Periodicals,90.0,90.8,5.47,2395,2.1,NORMAL,Normal Network Operations
2024,Q4,12,2024-08-17,2024-08-23,Atlantic,Northern New England,NH,New Hampshire,First-Class Mail (2-Day),95.0,93.4,2.36,15670,2.0,NORMAL,Normal Network Operations
2024,Q4,12,2024-08-17,2024-08-23,Atlantic,Northern New England,NH,New Hampshire,First-Class Mail (3-5 Day),93.0,91.2,4.3,11617,2.0,NORMAL,Normal Network Operations
2024,Q4,12,2024-08-17,2024-08-23,Atlantic,Northern New England,NH,New Hampshire,USPS Marketing Mail,95.0,93.7,4.6,10564,1.8,NORMAL,Normal Network Operations
2024,Q4,12,2024-08-17,2024-08-23,Atlantic,Northern New England,NH,New Hampshire,Package Services / Ground Adv,92.0,92.3,3.6,4174,1.8,NORMAL,Normal Network Operations
2024,Q4,12,2024-08-17,2024-08-23,Atlantic,Northern New England,NH,New Hampshire,Periodicals,90.0,90.1,5.41,2075,3.0,NORMAL,Normal Network Operations
2024,Q4,12,2024-08-17,2024-08-23,Atlantic,Northern New England,VT,Vermont,First-Class Mail (2-Day),95.0,93.9,2.42,16501,1.1,NORMAL,Normal Network Operations
2024,Q4,12,2024-08-17,2024-08-23,Atlantic,Northern New England,VT,Vermont,First-Class Mail (3-5 Day),93.0,92.6,4.21,11491,1.8,NORMAL,Normal Network Operations
2024,Q4,12,2024-08-17,2024-08-23,Atlantic,Northern New England,VT,Vermont,USPS Marketing Mail,95.0,95.5,4.77,11755,1.2,NORMAL,Normal Network Operations
2024,Q4,12,2024-08-17,2024-08-23,Atlantic,Northern New England,VT,Vermont,Package Services / Ground Adv,92.0,93.2,3.65,4203,2.0,NORMAL,Normal Network Operations
2024,Q4,12,2024-08-17,2024-08-23,Atlantic,Northern New England,VT,Vermont,Periodicals,90.0,91.6,5.47,2340,2.2,NORMAL,Normal Network Operations
2024,Q4,12,2024-08-17,2024-08-23,Atlantic,Boston,MA,Massachusetts,First-Class Mail (2-Day),95.0,93.0,2.4,15627,1.7,NORMAL,Normal Network Operations
2024,Q4,12,2024-08-17,2024-08-23,Atlantic,Boston,MA,Massachusetts,First-Class Mail (3-5 Day),93.0,91.1,4.3,10481,2.5,NORMAL,Normal Network Operations
2024,Q4,12,2024-08-17,2024-08-23,Atlantic,Boston,MA,Massachusetts,USPS Marketing Mail,95.0,93.6,4.74,11596,1.5,NORMAL,Normal Network Operations
2024,Q4,12,2024-08-17,2024-08-23,Atlantic,Boston,MA,Massachusetts,Package Services / Ground Adv,92.0,92.2,3.48,4553,1.9,NORMAL,Normal Network Operations
2024,Q4,12,2024-08-17,2024-08-23,Atlantic,Boston,MA,Massachusetts,Periodicals,90.0,87.7,5.4,2151,3.6,NORMAL,Normal Network Operations
2024,Q4,12,2024-08-17,2024-08-23,Atlantic,Boston,RI,Rhode Island,First-Class Mail (2-Day),95.0,92.7,2.41,16189,1.6,NORMAL,Normal Network Operations
2024,Q4,12,2024-08-17,2024-08-23,Atlantic,Boston,RI,Rhode Island,First-Class Mail (3-5 Day),93.0,90.3,4.34,11735,2.4,NORMAL,Normal Network Operations
2024,Q4,12,2024-08-17,2024-08-23,Atlantic,Boston,RI,Rhode Island,USPS Marketing Mail,95.0,93.9,4.82,11911,1.4,NORMAL,Normal Network Operations
2024,Q4,12,2024-08-17,2024-08-23,Atlantic,Boston,RI,Rhode Island,Package Services / Ground Adv,92.0,91.1,3.58,4270,2.6,NORMAL,Normal Network Operations
2024,Q4,12,2024-08-17,2024-08-23,Atlantic,Boston,RI,Rhode Island,Periodicals,90.0,88.3,5.59,2350,3.1,NORMAL,Normal Network Operations
2024,Q4,12,2024-08-17,2024-08-23,Atlantic,Connecticut,CT,Connecticut,First-Class Mail (2-Day),95.0,93.2,2.41,15284,2.1,NORMAL,Normal Network Operations
2024,Q4,12,2024-08-17,2024-08-23,Atlantic,Connecticut,CT,Connecticut,First-Class Mail (3-5 Day),93.0,90.3,4.25,11113,2.0,NORMAL,Normal Network Operations
2024,Q4,12,2024-08-17,2024-08-23,Atlantic,Connecticut,CT,Connecticut,USPS Marketing Mail,95.0,93.4,4.67,10989,2.1,NORMAL,Normal Network Operations
2024,Q4,12,2024-08-17,2024-08-23,Atlantic,Connecticut,CT,Connecticut,Package Services / Ground Adv,92.0,91.2,3.64,4740,2.7,NORMAL,Normal Network Operations
2024,Q4,12,2024-08-17,2024-08-23,Atlantic,Connecticut,CT,Connecticut,Periodicals,90.0,89.3,5.52,2336,2.6,NORMAL,Normal Network Operations
2024,Q4,12,2024-08-17,2024-08-23,Atlantic,New York 2 (Metro),NY,New York,First-Class Mail (2-Day),95.0,90.9,2.54,60032,2.2,NORMAL,Normal Network Operations
2024,Q4,12,2024-08-17,2024-08-23,Atlantic,New York 2 (Metro),NY,New York,First-Class Mail (3-5 Day),93.0,88.7,4.27,42660,3.3,NORMAL,Normal Network Operations
2024,Q4,12,2024-08-17,2024-08-23,Atlantic,New York 2 (Metro),NY,New York,USPS Marketing Mail,95.0,93.0,4.66,46847,2.0,NORMAL,Normal Network Operations
2024,Q4,12,2024-08-17,2024-08-23,Atlantic,New York 2 (Metro),NY,New York,Package Services / Ground Adv,92.0,89.3,3.78,18719,2.7,NORMAL,Normal Network Operations
2024,Q4,12,2024-08-17,2024-08-23,Atlantic,New York 2 (Metro),NY,New York,Periodicals,90.0,87.3,5.68,9431,2.6,NORMAL,Normal Network Operations
2024,Q4,12,2024-08-17,2024-08-23,Atlantic,New Jersey,NJ,New Jersey,First-Class Mail (2-Day),95.0,91.5,2.44,15641,1.8,NORMAL,Normal Network Operations
2024,Q4,12,2024-08-17,2024-08-23,Atlantic,New Jersey,NJ,New Jersey,First-Class Mail (3-5 Day),93.0,88.4,4.37,11893,3.4,NORMAL,Normal Network Operations
2024,Q4,12,2024-08-17,2024-08-23,Atlantic,New Jersey,NJ,New Jersey,USPS Marketing Mail,95.0,92.3,4.89,11131,2.4,NORMAL,Normal Network Operations
2024,Q4,12,2024-08-17,2024-08-23,Atlantic,New Jersey,NJ,New Jersey,Package Services / Ground Adv,92.0,91.6,3.77,4200,1.9,NORMAL,Normal Network Operations
2024,Q4,12,2024-08-17,2024-08-23,Atlantic,New Jersey,NJ,New Jersey,Periodicals,90.0,88.6,5.48,2412,2.7,NORMAL,Normal Network Operations
2024,Q4,12,2024-08-17,2024-08-23,Atlantic,Philadelphia,PA,Pennsylvania,First-Class Mail (2-Day),95.0,92.1,2.46,14844,2.1,NORMAL,Normal Network Operations
2024,Q4,12,2024-08-17,2024-08-23,Atlantic,Philadelphia,PA,Pennsylvania,First-Class Mail (3-5 Day),93.0,89.8,4.22,10630,2.6,NORMAL,Normal Network Operations
2024,Q4,12,2024-08-17,2024-08-23,Atlantic,Philadelphia,PA,Pennsylvania,USPS Marketing Mail,95.0,93.9,4.6,11794,1.7,NORMAL,Normal Network Operations
2024,Q4,12,2024-08-17,2024-08-23,Atlantic,Philadelphia,PA,Pennsylvania,Package Services / Ground Adv,92.0,92.5,3.56,4438,2.0,NORMAL,Normal Network Operations
2024,Q4,12,2024-08-17,2024-08-23,Atlantic,Philadelphia,PA,Pennsylvania,Periodicals,90.0,88.3,5.62,2417,2.4,NORMAL,Normal Network Operations
2024,Q4,12,2024-08-17,2024-08-23,Atlantic,Maryland/Delaware,DE,Delaware,First-Class Mail (2-Day),95.0,93.8,2.34,16705,1.8,NORMAL,Normal Network Operations
2024,Q4,12,2024-08-17,2024-08-23,Atlantic,Maryland/Delaware,DE,Delaware,First-Class Mail (3-5 Day),93.0,90.1,4.31,10900,2.0,NORMAL,Normal Network Operations
2024,Q4,12,2024-08-17,2024-08-23,Atlantic,Maryland/Delaware,DE,Delaware,USPS Marketing Mail,95.0,94.3,4.64,10927,1.8,NORMAL,Normal Network Operations
2024,Q4,12,2024-08-17,2024-08-23,Atlantic,Maryland/Delaware,DE,Delaware,Package Services / Ground Adv,92.0,92.9,3.67,4164,1.6,NORMAL,Normal Network Operations
2024,Q4,12,2024-08-17,2024-08-23,Atlantic,Maryland/Delaware,DE,Delaware,Periodicals,90.0,90.6,5.26,2205,2.9,NORMAL,Normal Network Operations
2024,Q4,12,2024-08-17,2024-08-23,Atlantic,Maryland/Delaware,MD,Maryland,First-Class Mail (2-Day),95.0,91.9,2.43,14527,2.1,NORMAL,Normal Network Operations
2024,Q4,12,2024-08-17,2024-08-23,Atlantic,Maryland/Delaware,MD,Maryland,First-Class Mail (3-5 Day),93.0,90.5,4.42,10552,1.8,NORMAL,Normal Network Operations
2024,Q4,12,2024-08-17,2024-08-23,Atlantic,Maryland/Delaware,MD,Maryland,USPS Marketing Mail,95.0,92.4,4.89,11316,2.4,NORMAL,Normal Network Operations
2024,Q4,12,2024-08-17,2024-08-23,Atlantic,Maryland/Delaware,MD,Maryland,Package Services / Ground Adv,92.0,89.8,3.76,4364,2.7,NORMAL,Normal Network Operations
2024,Q4,12,2024-08-17,2024-08-23,Atlantic,Maryland/Delaware,MD,Maryland,Periodicals,90.0,88.1,5.41,2306,3.6,NORMAL,Normal Network Operations
2024,Q4,12,2024-08-17,2024-08-23,Atlantic,Capital,DC,District of Columbia,First-Class Mail (2-Day),95.0,90.2,2.66,15694,2.6,NORMAL,Normal Network Operations
2024,Q4,12,2024-08-17,2024-08-23,Atlantic,Capital,DC,District of Columbia,First-Class Mail (3-5 Day),93.0,88.9,4.29,10744,3.3,NORMAL,Normal Network Operations
2024,Q4,12,2024-08-17,2024-08-23,Atlantic,Capital,DC,District of Columbia,USPS Marketing Mail,95.0,90.4,4.82,10497,3.0,NORMAL,Normal Network Operations
2024,Q4,12,2024-08-17,2024-08-23,Atlantic,Capital,DC,District of Columbia,Package Services / Ground Adv,92.0,88.5,3.89,4215,2.7,NORMAL,Normal Network Operations
2024,Q4,12,2024-08-17,2024-08-23,Atlantic,Capital,DC,District of Columbia,Periodicals,90.0,86.3,5.64,2188,2.8,NORMAL,Normal Network Operations
2024,Q4,12,2024-08-17,2024-08-23,Atlantic,Virginia,VA,Virginia,First-Class Mail (2-Day),95.0,93.9,2.43,15944,1.7,NORMAL,Normal Network Operations
2024,Q4,12,2024-08-17,2024-08-23,Atlantic,Virginia,VA,Virginia,First-Class Mail (3-5 Day),93.0,91.5,4.14,11109,2.4,NORMAL,Normal Network Operations
2024,Q4,12,2024-08-17,2024-08-23,Atlantic,Virginia,VA,Virginia,USPS Marketing Mail,95.0,94.0,4.83,10411,1.6,NORMAL,Normal Network Operations
2024,Q4,12,2024-08-17,2024-08-23,Atlantic,Virginia,VA,Virginia,Package Services / Ground Adv,92.0,92.8,3.45,4282,1.7,NORMAL,Normal Network Operations
2024,Q4,12,2024-08-17,2024-08-23,Atlantic,Virginia,VA,Virginia,Periodicals,90.0,88.5,5.36,2356,2.3,NORMAL,Normal Network Operations
2024,Q4,12,2024-08-17,2024-08-23,Atlantic,Appalachian,WV,West Virginia,First-Class Mail (2-Day),95.0,91.1,2.58,15709,2.0,NORMAL,Normal Network Operations
2024,Q4,12,2024-08-17,2024-08-23,Atlantic,Appalachian,WV,West Virginia,First-Class Mail (3-5 Day),93.0,89.3,4.44,11388,2.9,NORMAL,Normal Network Operations
2024,Q4,12,2024-08-17,2024-08-23,Atlantic,Appalachian,WV,West Virginia,USPS Marketing Mail,95.0,92.6,4.82,11332,1.6,NORMAL,Normal Network Operations
2024,Q4,12,2024-08-17,2024-08-23,Atlantic,Appalachian,WV,West Virginia,Package Services / Ground Adv,92.0,90.0,3.79,4805,2.2,NORMAL,Normal Network Operations
2024,Q4,12,2024-08-17,2024-08-23,Atlantic,Appalachian,WV,West Virginia,Periodicals,90.0,88.0,5.45,2360,3.7,NORMAL,Normal Network Operations
2024,Q4,12,2024-08-17,2024-08-23,Atlantic,North Carolina,NC,North Carolina,First-Class Mail (2-Day),95.0,92.5,2.53,16173,1.9,NORMAL,Normal Network Operations
2024,Q4,12,2024-08-17,2024-08-23,Atlantic,North Carolina,NC,North Carolina,First-Class Mail (3-5 Day),93.0,89.9,4.2,11007,2.6,NORMAL,Normal Network Operations
2024,Q4,12,2024-08-17,2024-08-23,Atlantic,North Carolina,NC,North Carolina,USPS Marketing Mail,95.0,93.6,4.63,10758,2.0,NORMAL,Normal Network Operations
2024,Q4,12,2024-08-17,2024-08-23,Atlantic,North Carolina,NC,North Carolina,Package Services / Ground Adv,92.0,91.4,3.66,4352,1.7,NORMAL,Normal Network Operations
2024,Q4,12,2024-08-17,2024-08-23,Atlantic,North Carolina,NC,North Carolina,Periodicals,90.0,89.9,5.4,2424,2.3,NORMAL,Normal Network Operations
2024,Q4,12,2024-08-17,2024-08-23,Atlantic,South Carolina,SC,South Carolina,First-Class Mail (2-Day),95.0,91.1,2.56,15491,2.7,NORMAL,Normal Network Operations
2024,Q4,12,2024-08-17,2024-08-23,Atlantic,South Carolina,SC,South Carolina,First-Class Mail (3-5 Day),93.0,91.0,4.18,11862,2.9,NORMAL,Normal Network Operations
2024,Q4,12,2024-08-17,2024-08-23,Atlantic,South Carolina,SC,South Carolina,USPS Marketing Mail,95.0,92.2,4.87,10987,1.4,NORMAL,Normal Network Operations
2024,Q4,12,2024-08-17,2024-08-23,Atlantic,South Carolina,SC,South Carolina,Package Services / Ground Adv,92.0,91.3,3.75,4518,1.8,NORMAL,Normal Network Operations
2024,Q4,12,2024-08-17,2024-08-23,Atlantic,South Carolina,SC,South Carolina,Periodicals,90.0,89.3,5.38,2410,2.5,NORMAL,Normal Network Operations
2024,Q4,12,2024-08-17,2024-08-23,Atlantic,Caribbean,PR,Puerto Rico,First-Class Mail (2-Day),95.0,89.3,2.54,14907,2.5,NORMAL,Normal Network Operations
2024,Q4,12,2024-08-17,2024-08-23,Atlantic,Caribbean,PR,Puerto Rico,First-Class Mail (3-5 Day),93.0,87.3,4.54,11701,3.4,NORMAL,Normal Network Operations
2024,Q4,12,2024-08-17,2024-08-23,Atlantic,Caribbean,PR,Puerto Rico,USPS Marketing Mail,95.0,89.2,4.98,11894,3.4,NORMAL,Normal Network Operations
2024,Q4,12,2024-08-17,2024-08-23,Atlantic,Caribbean,PR,Puerto Rico,Package Services / Ground Adv,92.0,87.7,3.95,4353,3.9,NORMAL,Normal Network Operations
2024,Q4,12,2024-08-17,2024-08-23,Atlantic,Caribbean,PR,Puerto Rico,Periodicals,90.0,86.7,5.69,2238,4.2,NORMAL,Normal Network Operations
2024,Q4,12,2024-08-17,2024-08-23,Central,Ohio 1 (Columbus),OH,Ohio,First-Class Mail (2-Day),95.0,92.3,2.37,15123,2.4,NORMAL,Normal Network Operations
2024,Q4,12,2024-08-17,2024-08-23,Central,Ohio 1 (Columbus),OH,Ohio,First-Class Mail (3-5 Day),93.0,91.1,4.37,11453,2.0,NORMAL,Normal Network Operations
2024,Q4,12,2024-08-17,2024-08-23,Central,Ohio 1 (Columbus),OH,Ohio,USPS Marketing Mail,95.0,95.1,4.64,10608,0.9,NORMAL,Normal Network Operations
2024,Q4,12,2024-08-17,2024-08-23,Central,Ohio 1 (Columbus),OH,Ohio,Package Services / Ground Adv,92.0,93.0,3.65,4824,2.0,NORMAL,Normal Network Operations
2024,Q4,12,2024-08-17,2024-08-23,Central,Ohio 1 (Columbus),OH,Ohio,Periodicals,90.0,89.1,5.5,2210,3.2,NORMAL,Normal Network Operations
2024,Q4,12,2024-08-17,2024-08-23,Central,Michigan 1 (Detroit),MI,Michigan,First-Class Mail (2-Day),95.0,91.7,2.41,16917,2.5,NORMAL,Normal Network Operations
2024,Q4,12,2024-08-17,2024-08-23,Central,Michigan 1 (Detroit),MI,Michigan,First-Class Mail (3-5 Day),93.0,89.7,4.23,11681,3.1,NORMAL,Normal Network Operations
2024,Q4,12,2024-08-17,2024-08-23,Central,Michigan 1 (Detroit),MI,Michigan,USPS Marketing Mail,95.0,94.3,4.68,11560,1.1,NORMAL,Normal Network Operations
2024,Q4,12,2024-08-17,2024-08-23,Central,Michigan 1 (Detroit),MI,Michigan,Package Services / Ground Adv,92.0,92.0,3.51,4364,1.5,NORMAL,Normal Network Operations
2024,Q4,12,2024-08-17,2024-08-23,Central,Michigan 1 (Detroit),MI,Michigan,Periodicals,90.0,87.9,5.51,2307,3.2,NORMAL,Normal Network Operations
2024,Q4,12,2024-08-17,2024-08-23,Central,Indiana,IN,Indiana,First-Class Mail (2-Day),95.0,93.1,2.53,15635,1.4,NORMAL,Normal Network Operations
2024,Q4,12,2024-08-17,2024-08-23,Central,Indiana,IN,Indiana,First-Class Mail (3-5 Day),93.0,90.4,4.41,10964,3.0,NORMAL,Normal Network Operations
2024,Q4,12,2024-08-17,2024-08-23,Central,Indiana,IN,Indiana,USPS Marketing Mail,95.0,93.9,4.69,11954,1.9,NORMAL,Normal Network Operations
2024,Q4,12,2024-08-17,2024-08-23,Central,Indiana,IN,Indiana,Package Services / Ground Adv,92.0,91.7,3.65,4770,2.0,NORMAL,Normal Network Operations
2024,Q4,12,2024-08-17,2024-08-23,Central,Indiana,IN,Indiana,Periodicals,90.0,90.6,5.45,2150,2.7,NORMAL,Normal Network Operations
2024,Q4,12,2024-08-17,2024-08-23,Central,Illinois 1 (Chicago),IL,Illinois,First-Class Mail (2-Day),95.0,89.8,2.65,15999,3.3,NORMAL,Normal Network Operations
2024,Q4,12,2024-08-17,2024-08-23,Central,Illinois 1 (Chicago),IL,Illinois,First-Class Mail (3-5 Day),93.0,88.3,4.44,11856,3.5,NORMAL,Normal Network Operations
2024,Q4,12,2024-08-17,2024-08-23,Central,Illinois 1 (Chicago),IL,Illinois,USPS Marketing Mail,95.0,92.7,4.82,11907,1.7,NORMAL,Normal Network Operations
2024,Q4,12,2024-08-17,2024-08-23,Central,Illinois 1 (Chicago),IL,Illinois,Package Services / Ground Adv,92.0,89.3,3.69,4321,3.0,NORMAL,Normal Network Operations
2024,Q4,12,2024-08-17,2024-08-23,Central,Illinois 1 (Chicago),IL,Illinois,Periodicals,90.0,87.3,5.64,2423,3.0,NORMAL,Normal Network Operations
2024,Q4,12,2024-08-17,2024-08-23,Central,Wisconsin,WI,Wisconsin,First-Class Mail (2-Day),95.0,92.9,2.55,15101,1.4,NORMAL,Normal Network Operations
2024,Q4,12,2024-08-17,2024-08-23,Central,Wisconsin,WI,Wisconsin,First-Class Mail (3-5 Day),93.0,91.7,4.27,10537,2.2,NORMAL,Normal Network Operations
2024,Q4,12,2024-08-17,2024-08-23,Central,Wisconsin,WI,Wisconsin,USPS Marketing Mail,95.0,95.4,4.66,11857,1.3,NORMAL,Normal Network Operations
2024,Q4,12,2024-08-17,2024-08-23,Central,Wisconsin,WI,Wisconsin,Package Services / Ground Adv,92.0,92.6,3.7,4415,1.9,NORMAL,Normal Network Operations
2024,Q4,12,2024-08-17,2024-08-23,Central,Wisconsin,WI,Wisconsin,Periodicals,90.0,90.6,5.46,2413,2.5,NORMAL,Normal Network Operations
2024,Q4,12,2024-08-17,2024-08-23,Central,Northland,MN,Minnesota,First-Class Mail (2-Day),95.0,93.6,2.51,15398,1.3,NORMAL,Normal Network Operations
2024,Q4,12,2024-08-17,2024-08-23,Central,Northland,MN,Minnesota,First-Class Mail (3-5 Day),93.0,91.6,4.21,11058,2.6,NORMAL,Normal Network Operations
2024,Q4,12,2024-08-17,2024-08-23,Central,Northland,MN,Minnesota,USPS Marketing Mail,95.0,94.8,4.75,11884,1.2,NORMAL,Normal Network Operations
2024,Q4,12,2024-08-17,2024-08-23,Central,Northland,MN,Minnesota,Package Services / Ground Adv,92.0,92.6,3.7,4725,1.9,NORMAL,Normal Network Operations
2024,Q4,12,2024-08-17,2024-08-23,Central,Northland,MN,Minnesota,Periodicals,90.0,90.2,5.45,2079,2.8,NORMAL,Normal Network Operations
2024,Q4,12,2024-08-17,2024-08-23,Central,Dakotas,ND,North Dakota,First-Class Mail (2-Day),95.0,94.4,2.52,14738,1.0,NORMAL,Normal Network Operations
2024,Q4,12,2024-08-17,2024-08-23,Central,Dakotas,ND,North Dakota,First-Class Mail (3-5 Day),93.0,93.0,4.23,11878,2.0,NORMAL,Normal Network Operations
2024,Q4,12,2024-08-17,2024-08-23,Central,Dakotas,ND,North Dakota,USPS Marketing Mail,95.0,94.4,4.65,12102,1.6,NORMAL,Normal Network Operations
2024,Q4,12,2024-08-17,2024-08-23,Central,Dakotas,ND,North Dakota,Package Services / Ground Adv,92.0,92.6,3.46,4469,1.8,NORMAL,Normal Network Operations
2024,Q4,12,2024-08-17,2024-08-23,Central,Dakotas,ND,North Dakota,Periodicals,90.0,91.9,5.4,2145,1.8,NORMAL,Normal Network Operations
2024,Q4,12,2024-08-17,2024-08-23,Central,Dakotas,SD,South Dakota,First-Class Mail (2-Day),95.0,94.5,2.34,15501,1.4,NORMAL,Normal Network Operations
2024,Q4,12,2024-08-17,2024-08-23,Central,Dakotas,SD,South Dakota,First-Class Mail (3-5 Day),93.0,91.3,4.34,11891,2.6,NORMAL,Normal Network Operations
2024,Q4,12,2024-08-17,2024-08-23,Central,Dakotas,SD,South Dakota,USPS Marketing Mail,95.0,94.3,4.76,11855,1.5,NORMAL,Normal Network Operations
2024,Q4,12,2024-08-17,2024-08-23,Central,Dakotas,SD,South Dakota,Package Services / Ground Adv,92.0,92.2,3.5,4659,2.3,NORMAL,Normal Network Operations
2024,Q4,12,2024-08-17,2024-08-23,Central,Dakotas,SD,South Dakota,Periodicals,90.0,90.7,5.38,2137,2.1,NORMAL,Normal Network Operations
2024,Q4,12,2024-08-17,2024-08-23,Central,Iowa/Nebraska,IA,Iowa,First-Class Mail (2-Day),95.0,94.2,2.46,15373,1.3,NORMAL,Normal Network Operations
2024,Q4,12,2024-08-17,2024-08-23,Central,Iowa/Nebraska,IA,Iowa,First-Class Mail (3-5 Day),93.0,93.0,4.23,12076,2.1,NORMAL,Normal Network Operations
2024,Q4,12,2024-08-17,2024-08-23,Central,Iowa/Nebraska,IA,Iowa,USPS Marketing Mail,95.0,94.9,4.69,11985,1.0,NORMAL,Normal Network Operations
2024,Q4,12,2024-08-17,2024-08-23,Central,Iowa/Nebraska,IA,Iowa,Package Services / Ground Adv,92.0,94.0,3.58,4527,1.6,NORMAL,Normal Network Operations
2024,Q4,12,2024-08-17,2024-08-23,Central,Iowa/Nebraska,IA,Iowa,Periodicals,90.0,90.8,5.29,2102,2.6,NORMAL,Normal Network Operations
2024,Q4,12,2024-08-17,2024-08-23,Central,Iowa/Nebraska,NE,Nebraska,First-Class Mail (2-Day),95.0,94.4,2.37,15153,1.7,NORMAL,Normal Network Operations
2024,Q4,12,2024-08-17,2024-08-23,Central,Iowa/Nebraska,NE,Nebraska,First-Class Mail (3-5 Day),93.0,92.5,4.16,12008,1.9,NORMAL,Normal Network Operations
2024,Q4,12,2024-08-17,2024-08-23,Central,Iowa/Nebraska,NE,Nebraska,USPS Marketing Mail,95.0,94.0,4.8,11947,1.9,NORMAL,Normal Network Operations
2024,Q4,12,2024-08-17,2024-08-23,Central,Iowa/Nebraska,NE,Nebraska,Package Services / Ground Adv,92.0,92.7,3.47,4859,1.9,NORMAL,Normal Network Operations
2024,Q4,12,2024-08-17,2024-08-23,Central,Iowa/Nebraska,NE,Nebraska,Periodicals,90.0,90.6,5.4,2310,1.7,NORMAL,Normal Network Operations
2024,Q4,12,2024-08-17,2024-08-23,Central,Kansas/Missouri,KS,Kansas,First-Class Mail (2-Day),95.0,93.2,2.54,16967,1.7,NORMAL,Normal Network Operations
2024,Q4,12,2024-08-17,2024-08-23,Central,Kansas/Missouri,KS,Kansas,First-Class Mail (3-5 Day),93.0,90.9,4.31,10738,1.9,NORMAL,Normal Network Operations
2024,Q4,12,2024-08-17,2024-08-23,Central,Kansas/Missouri,KS,Kansas,USPS Marketing Mail,95.0,93.3,4.62,11451,1.4,NORMAL,Normal Network Operations
2024,Q4,12,2024-08-17,2024-08-23,Central,Kansas/Missouri,KS,Kansas,Package Services / Ground Adv,92.0,93.5,3.55,4549,1.5,NORMAL,Normal Network Operations
2024,Q4,12,2024-08-17,2024-08-23,Central,Kansas/Missouri,KS,Kansas,Periodicals,90.0,90.0,5.44,2295,3.0,NORMAL,Normal Network Operations
2024,Q4,12,2024-08-17,2024-08-23,Central,Kansas/Missouri,MO,Missouri,First-Class Mail (2-Day),95.0,93.7,2.5,16270,2.0,NORMAL,Normal Network Operations
2024,Q4,12,2024-08-17,2024-08-23,Central,Kansas/Missouri,MO,Missouri,First-Class Mail (3-5 Day),93.0,91.8,4.16,11016,2.4,NORMAL,Normal Network Operations
2024,Q4,12,2024-08-17,2024-08-23,Central,Kansas/Missouri,MO,Missouri,USPS Marketing Mail,95.0,94.6,4.64,10992,1.7,NORMAL,Normal Network Operations
2024,Q4,12,2024-08-17,2024-08-23,Central,Kansas/Missouri,MO,Missouri,Package Services / Ground Adv,92.0,92.9,3.67,4850,1.4,NORMAL,Normal Network Operations
2024,Q4,12,2024-08-17,2024-08-23,Central,Kansas/Missouri,MO,Missouri,Periodicals,90.0,88.7,5.38,2423,2.9,NORMAL,Normal Network Operations
2024,Q4,12,2024-08-17,2024-08-23,Southern,Georgia (Atlanta),GA,Georgia,First-Class Mail (2-Day),95.0,84.2,2.9,15279,4.0,NORMAL,Normal Network Operations
2024,Q4,12,2024-08-17,2024-08-23,Southern,Georgia (Atlanta),GA,Georgia,First-Class Mail (3-5 Day),93.0,82.0,4.77,11641,4.8,NORMAL,Normal Network Operations
2024,Q4,12,2024-08-17,2024-08-23,Southern,Georgia (Atlanta),GA,Georgia,USPS Marketing Mail,95.0,84.6,5.32,11187,4.0,NORMAL,Normal Network Operations
2024,Q4,12,2024-08-17,2024-08-23,Southern,Georgia (Atlanta),GA,Georgia,Package Services / Ground Adv,92.0,82.7,4.11,4497,3.2,NORMAL,Normal Network Operations
2024,Q4,12,2024-08-17,2024-08-23,Southern,Georgia (Atlanta),GA,Georgia,Periodicals,90.0,79.8,5.84,2271,6.3,NORMAL,Normal Network Operations
2024,Q4,12,2024-08-17,2024-08-23,Southern,Florida 1 (Central),FL,Florida,First-Class Mail (2-Day),95.0,92.8,2.43,66705,1.4,NORMAL,Normal Network Operations
2024,Q4,12,2024-08-17,2024-08-23,Southern,Florida 1 (Central),FL,Florida,First-Class Mail (3-5 Day),93.0,89.7,4.21,46575,2.8,NORMAL,Normal Network Operations
2024,Q4,12,2024-08-17,2024-08-23,Southern,Florida 1 (Central),FL,Florida,USPS Marketing Mail,95.0,93.7,4.79,46538,2.0,NORMAL,Normal Network Operations
2024,Q4,12,2024-08-17,2024-08-23,Southern,Florida 1 (Central),FL,Florida,Package Services / Ground Adv,92.0,91.7,3.75,19400,2.3,NORMAL,Normal Network Operations
2024,Q4,12,2024-08-17,2024-08-23,Southern,Florida 1 (Central),FL,Florida,Periodicals,90.0,88.5,5.5,9251,2.8,NORMAL,Normal Network Operations
2024,Q4,12,2024-08-17,2024-08-23,Southern,Alabama/Mississippi,AL,Alabama,First-Class Mail (2-Day),95.0,91.1,2.66,16874,2.3,NORMAL,Normal Network Operations
2024,Q4,12,2024-08-17,2024-08-23,Southern,Alabama/Mississippi,AL,Alabama,First-Class Mail (3-5 Day),93.0,88.4,4.44,10916,3.0,NORMAL,Normal Network Operations
2024,Q4,12,2024-08-17,2024-08-23,Southern,Alabama/Mississippi,AL,Alabama,USPS Marketing Mail,95.0,91.1,4.92,10995,2.4,NORMAL,Normal Network Operations
2024,Q4,12,2024-08-17,2024-08-23,Southern,Alabama/Mississippi,AL,Alabama,Package Services / Ground Adv,92.0,89.6,3.77,4521,3.3,NORMAL,Normal Network Operations
2024,Q4,12,2024-08-17,2024-08-23,Southern,Alabama/Mississippi,AL,Alabama,Periodicals,90.0,88.6,5.42,2286,3.2,NORMAL,Normal Network Operations
2024,Q4,12,2024-08-17,2024-08-23,Southern,Alabama/Mississippi,MS,Mississippi,First-Class Mail (2-Day),95.0,91.5,2.45,16126,1.7,NORMAL,Normal Network Operations
2024,Q4,12,2024-08-17,2024-08-23,Southern,Alabama/Mississippi,MS,Mississippi,First-Class Mail (3-5 Day),93.0,88.7,4.27,12053,2.2,NORMAL,Normal Network Operations
2024,Q4,12,2024-08-17,2024-08-23,Southern,Alabama/Mississippi,MS,Mississippi,USPS Marketing Mail,95.0,91.9,4.79,11083,2.5,NORMAL,Normal Network Operations
2024,Q4,12,2024-08-17,2024-08-23,Southern,Alabama/Mississippi,MS,Mississippi,Package Services / Ground Adv,92.0,90.4,3.65,4209,1.9,NORMAL,Normal Network Operations
2024,Q4,12,2024-08-17,2024-08-23,Southern,Alabama/Mississippi,MS,Mississippi,Periodicals,90.0,87.1,5.66,2249,3.6,NORMAL,Normal Network Operations
2024,Q4,12,2024-08-17,2024-08-23,Southern,Tennessee,TN,Tennessee,First-Class Mail (2-Day),95.0,92.0,2.44,16973,1.9,NORMAL,Normal Network Operations
2024,Q4,12,2024-08-17,2024-08-23,Southern,Tennessee,TN,Tennessee,First-Class Mail (3-5 Day),93.0,90.9,4.34,11292,2.1,NORMAL,Normal Network Operations
2024,Q4,12,2024-08-17,2024-08-23,Southern,Tennessee,TN,Tennessee,USPS Marketing Mail,95.0,92.4,4.93,10456,2.0,NORMAL,Normal Network Operations
2024,Q4,12,2024-08-17,2024-08-23,Southern,Tennessee,TN,Tennessee,Package Services / Ground Adv,92.0,91.5,3.77,4520,1.7,NORMAL,Normal Network Operations
2024,Q4,12,2024-08-17,2024-08-23,Southern,Tennessee,TN,Tennessee,Periodicals,90.0,88.1,5.38,2395,2.8,NORMAL,Normal Network Operations
2024,Q4,12,2024-08-17,2024-08-23,Southern,Kentucky,KY,Kentucky,First-Class Mail (2-Day),95.0,92.6,2.61,14964,2.2,NORMAL,Normal Network Operations
2024,Q4,12,2024-08-17,2024-08-23,Southern,Kentucky,KY,Kentucky,First-Class Mail (3-5 Day),93.0,90.5,4.21,10971,2.0,NORMAL,Normal Network Operations
2024,Q4,12,2024-08-17,2024-08-23,Southern,Kentucky,KY,Kentucky,USPS Marketing Mail,95.0,94.1,4.74,11383,1.8,NORMAL,Normal Network Operations
2024,Q4,12,2024-08-17,2024-08-23,Southern,Kentucky,KY,Kentucky,Package Services / Ground Adv,92.0,92.3,3.7,4267,2.1,NORMAL,Normal Network Operations
2024,Q4,12,2024-08-17,2024-08-23,Southern,Kentucky,KY,Kentucky,Periodicals,90.0,88.1,5.38,2083,3.5,NORMAL,Normal Network Operations
2024,Q4,12,2024-08-17,2024-08-23,Southern,Arkansas,AR,Arkansas,First-Class Mail (2-Day),95.0,93.2,2.57,16524,2.1,NORMAL,Normal Network Operations
2024,Q4,12,2024-08-17,2024-08-23,Southern,Arkansas,AR,Arkansas,First-Class Mail (3-5 Day),93.0,90.4,4.25,10674,2.1,NORMAL,Normal Network Operations
2024,Q4,12,2024-08-17,2024-08-23,Southern,Arkansas,AR,Arkansas,USPS Marketing Mail,95.0,93.9,4.72,11436,1.9,NORMAL,Normal Network Operations
2024,Q4,12,2024-08-17,2024-08-23,Southern,Arkansas,AR,Arkansas,Package Services / Ground Adv,92.0,93.3,3.67,4808,2.1,NORMAL,Normal Network Operations
2024,Q4,12,2024-08-17,2024-08-23,Southern,Arkansas,AR,Arkansas,Periodicals,90.0,89.7,5.42,2111,2.4,NORMAL,Normal Network Operations
2024,Q4,12,2024-08-17,2024-08-23,Southern,Louisiana,LA,Louisiana,First-Class Mail (2-Day),95.0,90.9,2.53,15093,2.1,NORMAL,Normal Network Operations
2024,Q4,12,2024-08-17,2024-08-23,Southern,Louisiana,LA,Louisiana,First-Class Mail (3-5 Day),93.0,89.4,4.32,10994,2.2,NORMAL,Normal Network Operations
2024,Q4,12,2024-08-17,2024-08-23,Southern,Louisiana,LA,Louisiana,USPS Marketing Mail,95.0,92.6,4.87,11987,2.3,NORMAL,Normal Network Operations
2024,Q4,12,2024-08-17,2024-08-23,Southern,Louisiana,LA,Louisiana,Package Services / Ground Adv,92.0,90.3,3.59,4514,2.9,NORMAL,Normal Network Operations
2024,Q4,12,2024-08-17,2024-08-23,Southern,Louisiana,LA,Louisiana,Periodicals,90.0,87.7,5.54,2277,2.8,NORMAL,Normal Network Operations
2024,Q4,12,2024-08-17,2024-08-23,Southern,Oklahoma,OK,Oklahoma,First-Class Mail (2-Day),95.0,93.1,2.47,14996,1.6,NORMAL,Normal Network Operations
2024,Q4,12,2024-08-17,2024-08-23,Southern,Oklahoma,OK,Oklahoma,First-Class Mail (3-5 Day),93.0,90.4,4.21,12049,2.3,NORMAL,Normal Network Operations
2024,Q4,12,2024-08-17,2024-08-23,Southern,Oklahoma,OK,Oklahoma,USPS Marketing Mail,95.0,93.6,4.62,10392,1.5,NORMAL,Normal Network Operations
2024,Q4,12,2024-08-17,2024-08-23,Southern,Oklahoma,OK,Oklahoma,Package Services / Ground Adv,92.0,91.1,3.69,4360,2.3,NORMAL,Normal Network Operations
2024,Q4,12,2024-08-17,2024-08-23,Southern,Oklahoma,OK,Oklahoma,Periodicals,90.0,90.7,5.45,2321,2.7,NORMAL,Normal Network Operations
2024,Q4,12,2024-08-17,2024-08-23,Southern,Texas 2 (Houston/Gulf),TX,Texas,First-Class Mail (2-Day),95.0,86.5,2.91,61055,2.5,NORMAL,Normal Network Operations
2024,Q4,12,2024-08-17,2024-08-23,Southern,Texas 2 (Houston/Gulf),TX,Texas,First-Class Mail (3-5 Day),93.0,84.4,4.61,46014,4.8,NORMAL,Normal Network Operations
2024,Q4,12,2024-08-17,2024-08-23,Southern,Texas 2 (Houston/Gulf),TX,Texas,USPS Marketing Mail,95.0,87.8,4.9,43581,3.1,NORMAL,Normal Network Operations
2024,Q4,12,2024-08-17,2024-08-23,Southern,Texas 2 (Houston/Gulf),TX,Texas,Package Services / Ground Adv,92.0,84.7,3.86,18937,4.8,NORMAL,Normal Network Operations
2024,Q4,12,2024-08-17,2024-08-23,Southern,Texas 2 (Houston/Gulf),TX,Texas,Periodicals,90.0,83.8,5.73,8536,4.6,NORMAL,Normal Network Operations
2024,Q4,12,2024-08-17,2024-08-23,WestPac,Washington,WA,Washington,First-Class Mail (2-Day),95.0,92.8,2.59,14738,2.0,NORMAL,Normal Network Operations
2024,Q4,12,2024-08-17,2024-08-23,WestPac,Washington,WA,Washington,First-Class Mail (3-5 Day),93.0,92.0,4.27,10481,2.4,NORMAL,Normal Network Operations
2024,Q4,12,2024-08-17,2024-08-23,WestPac,Washington,WA,Washington,USPS Marketing Mail,95.0,93.2,4.79,10378,1.4,NORMAL,Normal Network Operations
2024,Q4,12,2024-08-17,2024-08-23,WestPac,Washington,WA,Washington,Package Services / Ground Adv,92.0,93.1,3.61,4805,1.4,NORMAL,Normal Network Operations
2024,Q4,12,2024-08-17,2024-08-23,WestPac,Washington,WA,Washington,Periodicals,90.0,88.4,5.58,2369,2.5,NORMAL,Normal Network Operations
2024,Q4,12,2024-08-17,2024-08-23,WestPac,Oregon/Idaho,OR,Oregon,First-Class Mail (2-Day),95.0,94.8,2.46,15426,1.7,NORMAL,Normal Network Operations
2024,Q4,12,2024-08-17,2024-08-23,WestPac,Oregon/Idaho,OR,Oregon,First-Class Mail (3-5 Day),93.0,92.2,4.11,10793,1.5,NORMAL,Normal Network Operations
2024,Q4,12,2024-08-17,2024-08-23,WestPac,Oregon/Idaho,OR,Oregon,USPS Marketing Mail,95.0,94.8,4.65,11376,1.6,NORMAL,Normal Network Operations
2024,Q4,12,2024-08-17,2024-08-23,WestPac,Oregon/Idaho,OR,Oregon,Package Services / Ground Adv,92.0,93.5,3.46,4772,1.7,NORMAL,Normal Network Operations
2024,Q4,12,2024-08-17,2024-08-23,WestPac,Oregon/Idaho,OR,Oregon,Periodicals,90.0,90.7,5.43,2219,2.0,NORMAL,Normal Network Operations
2024,Q4,12,2024-08-17,2024-08-23,WestPac,California 1 (Bay Area),CA,California,First-Class Mail (2-Day),95.0,91.7,2.64,66192,1.8,NORMAL,Normal Network Operations
2024,Q4,12,2024-08-17,2024-08-23,WestPac,California 1 (Bay Area),CA,California,First-Class Mail (3-5 Day),93.0,89.7,4.36,44247,2.7,NORMAL,Normal Network Operations
2024,Q4,12,2024-08-17,2024-08-23,WestPac,California 1 (Bay Area),CA,California,USPS Marketing Mail,95.0,93.2,4.8,43005,1.7,NORMAL,Normal Network Operations
2024,Q4,12,2024-08-17,2024-08-23,WestPac,California 1 (Bay Area),CA,California,Package Services / Ground Adv,92.0,91.2,3.76,17966,1.7,NORMAL,Normal Network Operations
2024,Q4,12,2024-08-17,2024-08-23,WestPac,California 1 (Bay Area),CA,California,Periodicals,90.0,87.6,5.65,8649,2.8,NORMAL,Normal Network Operations
2024,Q4,12,2024-08-17,2024-08-23,WestPac,Nevada,NV,Nevada,First-Class Mail (2-Day),95.0,93.6,2.41,15841,2.0,NORMAL,Normal Network Operations
2024,Q4,12,2024-08-17,2024-08-23,WestPac,Nevada,NV,Nevada,First-Class Mail (3-5 Day),93.0,90.5,4.18,10564,2.5,NORMAL,Normal Network Operations
2024,Q4,12,2024-08-17,2024-08-23,WestPac,Nevada,NV,Nevada,USPS Marketing Mail,95.0,94.8,4.8,11348,1.6,NORMAL,Normal Network Operations
2024,Q4,12,2024-08-17,2024-08-23,WestPac,Nevada,NV,Nevada,Package Services / Ground Adv,92.0,92.2,3.74,4477,1.5,NORMAL,Normal Network Operations
2024,Q4,12,2024-08-17,2024-08-23,WestPac,Nevada,NV,Nevada,Periodicals,90.0,88.8,5.56,2136,2.4,NORMAL,Normal Network Operations
2024,Q4,12,2024-08-17,2024-08-23,WestPac,Oregon/Idaho,ID,Idaho,First-Class Mail (2-Day),95.0,94.6,2.32,16040,1.6,NORMAL,Normal Network Operations
2024,Q4,12,2024-08-17,2024-08-23,WestPac,Oregon/Idaho,ID,Idaho,First-Class Mail (3-5 Day),93.0,91.7,4.26,10423,1.7,NORMAL,Normal Network Operations
2024,Q4,12,2024-08-17,2024-08-23,WestPac,Oregon/Idaho,ID,Idaho,USPS Marketing Mail,95.0,95.8,4.54,10728,1.2,NORMAL,Normal Network Operations
2024,Q4,12,2024-08-17,2024-08-23,WestPac,Oregon/Idaho,ID,Idaho,Package Services / Ground Adv,92.0,92.6,3.71,4385,1.9,NORMAL,Normal Network Operations
2024,Q4,12,2024-08-17,2024-08-23,WestPac,Oregon/Idaho,ID,Idaho,Periodicals,90.0,91.6,5.29,2142,2.6,NORMAL,Normal Network Operations
2024,Q4,12,2024-08-17,2024-08-23,WestPac,Montana/Wyoming,MT,Montana,First-Class Mail (2-Day),95.0,94.8,2.28,15225,1.2,NORMAL,Normal Network Operations
2024,Q4,12,2024-08-17,2024-08-23,WestPac,Montana/Wyoming,MT,Montana,First-Class Mail (3-5 Day),93.0,91.3,4.17,11534,1.8,NORMAL,Normal Network Operations
2024,Q4,12,2024-08-17,2024-08-23,WestPac,Montana/Wyoming,MT,Montana,USPS Marketing Mail,95.0,95.2,4.54,10792,1.4,NORMAL,Normal Network Operations
2024,Q4,12,2024-08-17,2024-08-23,WestPac,Montana/Wyoming,MT,Montana,Package Services / Ground Adv,92.0,93.6,3.44,4834,1.7,NORMAL,Normal Network Operations
2024,Q4,12,2024-08-17,2024-08-23,WestPac,Montana/Wyoming,MT,Montana,Periodicals,90.0,89.9,5.4,2262,2.8,NORMAL,Normal Network Operations
2024,Q4,12,2024-08-17,2024-08-23,WestPac,Montana/Wyoming,WY,Wyoming,First-Class Mail (2-Day),95.0,94.6,2.5,15423,1.1,NORMAL,Normal Network Operations
2024,Q4,12,2024-08-17,2024-08-23,WestPac,Montana/Wyoming,WY,Wyoming,First-Class Mail (3-5 Day),93.0,91.2,4.18,11036,1.7,NORMAL,Normal Network Operations
2024,Q4,12,2024-08-17,2024-08-23,WestPac,Montana/Wyoming,WY,Wyoming,USPS Marketing Mail,95.0,95.3,4.72,10565,1.4,NORMAL,Normal Network Operations
2024,Q4,12,2024-08-17,2024-08-23,WestPac,Montana/Wyoming,WY,Wyoming,Package Services / Ground Adv,92.0,92.6,3.6,4193,2.0,NORMAL,Normal Network Operations
2024,Q4,12,2024-08-17,2024-08-23,WestPac,Montana/Wyoming,WY,Wyoming,Periodicals,90.0,91.2,5.47,2302,2.7,NORMAL,Normal Network Operations
2024,Q4,12,2024-08-17,2024-08-23,WestPac,Utah,UT,Utah,First-Class Mail (2-Day),95.0,93.6,2.42,16375,1.7,NORMAL,Normal Network Operations
2024,Q4,12,2024-08-17,2024-08-23,WestPac,Utah,UT,Utah,First-Class Mail (3-5 Day),93.0,92.3,4.16,12128,2.0,NORMAL,Normal Network Operations
2024,Q4,12,2024-08-17,2024-08-23,WestPac,Utah,UT,Utah,USPS Marketing Mail,95.0,94.8,4.58,11315,1.6,NORMAL,Normal Network Operations
2024,Q4,12,2024-08-17,2024-08-23,WestPac,Utah,UT,Utah,Package Services / Ground Adv,92.0,92.8,3.61,4265,1.4,NORMAL,Normal Network Operations
2024,Q4,12,2024-08-17,2024-08-23,WestPac,Utah,UT,Utah,Periodicals,90.0,91.7,5.43,2202,2.7,NORMAL,Normal Network Operations
2024,Q4,12,2024-08-17,2024-08-23,WestPac,Colorado,CO,Colorado,First-Class Mail (2-Day),95.0,92.3,2.4,15649,2.3,NORMAL,Normal Network Operations
2024,Q4,12,2024-08-17,2024-08-23,WestPac,Colorado,CO,Colorado,First-Class Mail (3-5 Day),93.0,91.7,4.16,11074,2.1,NORMAL,Normal Network Operations
2024,Q4,12,2024-08-17,2024-08-23,WestPac,Colorado,CO,Colorado,USPS Marketing Mail,95.0,95.0,4.78,11108,1.1,NORMAL,Normal Network Operations
2024,Q4,12,2024-08-17,2024-08-23,WestPac,Colorado,CO,Colorado,Package Services / Ground Adv,92.0,92.2,3.59,4419,2.2,NORMAL,Normal Network Operations
2024,Q4,12,2024-08-17,2024-08-23,WestPac,Colorado,CO,Colorado,Periodicals,90.0,89.6,5.41,2330,2.3,NORMAL,Normal Network Operations
2024,Q4,12,2024-08-17,2024-08-23,WestPac,Arizona/New Mexico,AZ,Arizona,First-Class Mail (2-Day),95.0,92.5,2.41,14980,1.6,NORMAL,Normal Network Operations
2024,Q4,12,2024-08-17,2024-08-23,WestPac,Arizona/New Mexico,AZ,Arizona,First-Class Mail (3-5 Day),93.0,91.9,4.25,11970,2.2,NORMAL,Normal Network Operations
2024,Q4,12,2024-08-17,2024-08-23,WestPac,Arizona/New Mexico,AZ,Arizona,USPS Marketing Mail,95.0,94.1,4.69,11509,1.7,NORMAL,Normal Network Operations
2024,Q4,12,2024-08-17,2024-08-23,WestPac,Arizona/New Mexico,AZ,Arizona,Package Services / Ground Adv,92.0,91.5,3.53,4609,1.7,NORMAL,Normal Network Operations
2024,Q4,12,2024-08-17,2024-08-23,WestPac,Arizona/New Mexico,AZ,Arizona,Periodicals,90.0,89.2,5.53,2294,3.2,NORMAL,Normal Network Operations
2024,Q4,12,2024-08-17,2024-08-23,WestPac,Arizona/New Mexico,NM,New Mexico,First-Class Mail (2-Day),95.0,91.7,2.54,14884,1.7,NORMAL,Normal Network Operations
2024,Q4,12,2024-08-17,2024-08-23,WestPac,Arizona/New Mexico,NM,New Mexico,First-Class Mail (3-5 Day),93.0,90.3,4.21,11147,2.4,NORMAL,Normal Network Operations
2024,Q4,12,2024-08-17,2024-08-23,WestPac,Arizona/New Mexico,NM,New Mexico,USPS Marketing Mail,95.0,94.1,4.76,10841,1.4,NORMAL,Normal Network Operations
2024,Q4,12,2024-08-17,2024-08-23,WestPac,Arizona/New Mexico,NM,New Mexico,Package Services / Ground Adv,92.0,92.4,3.5,4429,2.0,NORMAL,Normal Network Operations
2024,Q4,12,2024-08-17,2024-08-23,WestPac,Arizona/New Mexico,NM,New Mexico,Periodicals,90.0,90.0,5.39,2238,2.1,NORMAL,Normal Network Operations
2024,Q4,12,2024-08-17,2024-08-23,WestPac,Alaska,AK,Alaska,First-Class Mail (2-Day),95.0,90.7,2.7,15286,1.8,NORMAL,Normal Network Operations
2024,Q4,12,2024-08-17,2024-08-23,WestPac,Alaska,AK,Alaska,First-Class Mail (3-5 Day),93.0,88.6,4.45,11926,3.0,NORMAL,Normal Network Operations
2024,Q4,12,2024-08-17,2024-08-23,WestPac,Alaska,AK,Alaska,USPS Marketing Mail,95.0,91.0,4.75,10365,2.6,NORMAL,Normal Network Operations
2024,Q4,12,2024-08-17,2024-08-23,WestPac,Alaska,AK,Alaska,Package Services / Ground Adv,92.0,89.7,3.83,4365,1.9,NORMAL,Normal Network Operations
2024,Q4,12,2024-08-17,2024-08-23,WestPac,Alaska,AK,Alaska,Periodicals,90.0,87.3,5.46,2146,2.6,NORMAL,Normal Network Operations
2024,Q4,12,2024-08-17,2024-08-23,WestPac,Hawaii/Pacific,HI,Hawaii,First-Class Mail (2-Day),95.0,91.9,2.63,15960,1.9,NORMAL,Normal Network Operations
2024,Q4,12,2024-08-17,2024-08-23,WestPac,Hawaii/Pacific,HI,Hawaii,First-Class Mail (3-5 Day),93.0,89.7,4.38,10871,2.5,NORMAL,Normal Network Operations
2024,Q4,12,2024-08-17,2024-08-23,WestPac,Hawaii/Pacific,HI,Hawaii,USPS Marketing Mail,95.0,90.9,4.98,10623,2.4,NORMAL,Normal Network Operations
2024,Q4,12,2024-08-17,2024-08-23,WestPac,Hawaii/Pacific,HI,Hawaii,Package Services / Ground Adv,92.0,89.9,3.75,4253,2.6,NORMAL,Normal Network Operations
2024,Q4,12,2024-08-17,2024-08-23,WestPac,Hawaii/Pacific,HI,Hawaii,Periodicals,90.0,87.7,5.66,2318,3.0,NORMAL,Normal Network Operations
